"Step","Group: terran_10_vs_11_ACORM - win_rate","Group: terran_10_vs_11_ACORM - win_rate__MIN","Group: terran_10_vs_11_ACORM - win_rate__MAX"
"0","0","0","0"
"10603","0","0","0"
"10604","0","0","0"
"10615","0.03125","0.03125","0.03125"
"10619","0","0","0"
"10638","0.015625","0","0.03125"
"20602","0","0","0"
"20604","0","0","0"
"20606","0","0","0"
"20613","0","0","0"
"20626","0","0","0"
"30618","0","0","0"
"30620","0","0","0"
"30621","0","0","0"
"30624","0","0","0"
"30645","0","0","0"
"40603","0","0","0"
"40607","0.03125","0.03125","0.03125"
"40628","0","0","0"
"40634","0","0","0"
"40647","0","0","0"
"40662","0","0","0"
"50602","0","0","0"
"50618","0.03125","0.03125","0.03125"
"50620","0","0","0"
"50628","0","0","0"
"50633","0","0","0"
"50668","0","0","0"
"60608","0","0","0"
"60609","0","0","0"
"60615","0","0","0"
"60621","0","0","0"
"60623","0","0","0"
"70605","0","0","0"
"70607","0","0","0"
"70613","0","0","0"
"70627","0","0","0"
"70633","0","0","0"
"70660","0","0","0"
"80600","0","0","0"
"80613","0.03125","0.03125","0.03125"
"80614","0.03125","0.03125","0.03125"
"80615","0","0","0"
"80618","0","0","0"
"80638","0","0","0"
"90608","0","0","0"
"90613","0","0","0"
"90617","0.03125","0.03125","0.03125"
"90621","0","0","0"
"90631","0","0","0"
"100606","0","0","0"
"100617","0.03125","0.03125","0.03125"
"100620","0","0","0"
"100627","0","0","0"
"100629","0","0","0"
"100676","0","0","0"
"110600","0","0","0"
"110602","0","0","0"
"110609","0","0","0"
"110616","0","0","0"
"110624","0","0","0"
"110629","0","0","0"
"120608","0","0","0"
"120609","0","0","0"
"120612","0.03125","0.03125","0.03125"
"120613","0","0","0"
"120615","0","0","0"
"120622","0.03125","0.03125","0.03125"
"130614","0","0","0"
"130618","0","0","0"
"130624","0","0","0"
"130625","0","0","0"
"130627","0","0","0"
"130654","0","0","0"
"140603","0","0","0"
"140604","0","0","0"
"140606","0","0","0"
"140630","0","0","0"
"140635","0","0","0"
"140638","0","0","0"
"150602","0.03125","0.03125","0.03125"
"150604","0","0","0"
"150609","0","0","0"
"150611","0","0","0"
"150626","0","0","0"
"150647","0","0","0"
"160603","0","0","0"
"160609","0","0","0"
"160614","0","0","0"
"160616","0","0","0"
"160624","0","0","0"
"160644","0","0","0"
"170602","0","0","0"
"170609","0","0","0"
"170627","0","0","0"
"170630","0","0","0"
"170637","0.03125","0.03125","0.03125"
"170639","0","0","0"
"180605","0","0","0"
"180606","0.03125","0.03125","0.03125"
"180607","0","0","0"
"180613","0","0","0"
"180621","0","0","0"
"180624","0","0","0"
"190602","0","0","0"
"190610","0.0625","0.0625","0.0625"
"190621","0","0","0"
"190624","0","0","0"
"190632","0","0","0"
"190633","0","0","0"
"200603","0","0","0"
"200608","0","0","0"
"200609","0","0","0"
"200626","0.015625","0","0.03125"
"200634","0.03125","0.03125","0.03125"
"210615","0.03125","0.03125","0.03125"
"210619","0.09375","0.09375","0.09375"
"210621","0.03125","0.03125","0.03125"
"210624","0","0","0"
"210634","0","0","0"
"210649","0.0625","0.0625","0.0625"
"220607","0","0","0"
"220617","0","0","0"
"220621","0.03125","0.03125","0.03125"
"220626","0","0","0"
"220629","0.03125","0.03125","0.03125"
"220630","0","0","0"
"230605","0","0","0"
"230613","0.0625","0.0625","0.0625"
"230614","0","0","0"
"230619","0","0","0"
"230629","0","0","0"
"230655","0","0","0"
"240605","0.015625","0","0.03125"
"240609","0","0","0"
"240615","0.03125","0.03125","0.03125"
"240626","0","0","0"
"240638","0.03125","0.03125","0.03125"
"250621","0.015625","0","0.03125"
"250624","0.03125","0.03125","0.03125"
"250628","0.03125","0.03125","0.03125"
"250636","0","0","0"
"250681","0","0","0"
"260609","0.03125","0.03125","0.03125"
"260616","0","0","0"
"260618","0.09375","0.09375","0.09375"
"260625","0","0","0"
"260629","0","0","0"
"260630","0.03125","0.03125","0.03125"
"270606","0.03125","0.03125","0.03125"
"270608","0.03125","0.03125","0.03125"
"270617","0.03125","0.03125","0.03125"
"270629","0","0","0"
"270637","0.09375","0.09375","0.09375"
"270641","0","0","0"
"280615","0.0625","0.0625","0.0625"
"280620","0.0625","0.0625","0.0625"
"280630","0.03125","0.03125","0.03125"
"280631","0","0","0"
"280639","0","0","0"
"280646","0.03125","0.03125","0.03125"
"290600","0","0","0"
"290613","0.03125","0.03125","0.03125"
"290620","0","0","0"
"290623","0","0","0"
"290626","0","0","0"
"290632","0.0625","0.0625","0.0625"
"300600","0","0","0"
"300603","0","0","0"
"300619","0.03125","0.03125","0.03125"
"300624","0.0625","0.0625","0.0625"
"300640","0.125","0.125","0.125"
"300662","0","0","0"
"310600","0","0","0"
"310605","0.03125","0.03125","0.03125"
"310634","0.0625","0.0625","0.0625"
"310639","0","0","0"
"310642","0","0","0"
"310643","0","0","0"
"320604","0.03125","0.03125","0.03125"
"320621","0","0","0"
"320630","0","0","0"
"320632","0","0","0"
"320635","0.03125","0.03125","0.03125"
"320660","0.03125","0.03125","0.03125"
"330618","0.015625","0","0.03125"
"330623","0","0","0"
"330625","0","0","0"
"330636","0.03125","0.03125","0.03125"
"330662","0","0","0"
"340607","0.03125","0.03125","0.03125"
"340627","0","0","0"
"340628","0","0","0"
"340640","0.0625","0.0625","0.0625"
"340641","0.03125","0.03125","0.03125"
"340652","0","0","0"
"350604","0.0625","0.0625","0.0625"
"350621","0.03125","0.03125","0.03125"
"350624","0.03125","0.03125","0.03125"
"350627","0","0","0"
"350629","0.03125","0.03125","0.03125"
"350635","0","0","0"
"360606","0.015625","0","0.03125"
"360612","0.03125","0.03125","0.03125"
"360617","0","0","0"
"360629","0.0625","0.0625","0.0625"
"360650","0.09375","0.09375","0.09375"
"370603","0.03125","0.03125","0.03125"
"370615","0.03125","0.03125","0.03125"
"370623","0.015625","0","0.03125"
"370638","0","0","0"
"380605","0.03125","0.03125","0.03125"
"380611","0","0","0"
"380616","0.03125","0.03125","0.03125"
"380628","0","0","0"
"380631","0.015625","0","0.03125"
"390602","0.03125","0.03125","0.03125"
"390611","0","0","0"
"390612","0.03125","0.03125","0.03125"
"390615","0","0","0"
"390621","0.015625","0","0.03125"
"400608","0.015625","0","0.03125"
"400611","0.09375","0.09375","0.09375"
"400617","0","0","0"
"400620","0.03125","0.03125","0.03125"
"400621","0.03125","0.03125","0.03125"
"410605","0.0625","0.0625","0.0625"
"410607","0.09375","0.09375","0.09375"
"410616","0.03125","0.03125","0.03125"
"410625","0","0","0"
"410629","0","0","0"
"410636","0","0","0"
"420609","0.03125","0.03125","0.03125"
"420618","0","0","0"
"420624","0","0","0"
"420631","0","0","0"
"420632","0","0","0"
"420665","0","0","0"
"430605","0","0","0"
"430607","0.03125","0.03125","0.03125"
"430618","0.0625","0.0625","0.0625"
"430622","0.03125","0.03125","0.03125"
"430627","0.03125","0.03125","0.03125"
"430632","0.03125","0.03125","0.03125"
"440601","0","0","0"
"440605","0.0625","0.0625","0.0625"
"440608","0","0","0"
"440614","0","0","0"
"440619","0","0","0"
"440627","0.03125","0.03125","0.03125"
"450607","0","0","0"
"450621","0","0","0"
"450627","0.03125","0.03125","0.03125"
"450632","0.0625","0.0625","0.0625"
"450655","0.03125","0.03125","0.03125"
"450663","0.03125","0.03125","0.03125"
"460614","0.09375","0.09375","0.09375"
"460618","0.03125","0.03125","0.03125"
"460622","0","0","0"
"460632","0","0","0"
"460633","0.0625","0.0625","0.0625"
"460642","0.03125","0.03125","0.03125"
"470600","0","0","0"
"470616","0.0625","0.0625","0.0625"
"470617","0.0625","0.0625","0.0625"
"470621","0","0","0"
"470623","0.0625","0.0625","0.0625"
"470629","0.03125","0.03125","0.03125"
"480631","0.0625","0.0625","0.0625"
"480634","0","0","0"
"480638","0.03125","0.03125","0.03125"
"480641","0","0","0"
"480656","0.125","0.125","0.125"
"480670","0.0625","0.0625","0.0625"
"490604","0.03125","0.03125","0.03125"
"490605","0.0625","0.0625","0.0625"
"490608","0.09375","0.09375","0.09375"
"490615","0","0","0"
"490652","0","0","0"
"490726","0.125","0.125","0.125"
"500603","0.03125","0.03125","0.03125"
"500623","0","0","0"
"500624","0.03125","0.03125","0.03125"
"500625","0","0","0"
"500633","0.03125","0.03125","0.03125"
"500678","0.03125","0.03125","0.03125"
"510606","0","0","0"
"510609","0.03125","0","0.0625"
"510631","0","0","0"
"510633","0","0","0"
"510652","0.15625","0.15625","0.15625"
"520602","0.03125","0.03125","0.03125"
"520604","0.09375","0.09375","0.09375"
"520613","0.03125","0.03125","0.03125"
"520614","0.015625","0","0.03125"
"520643","0.03125","0.03125","0.03125"
"530604","0","0","0"
"530606","0","0","0"
"530615","0","0","0"
"530620","0","0","0"
"530622","0.03125","0.03125","0.03125"
"530634","0.09375","0.09375","0.09375"
"540609","0","0","0"
"540618","0.09375","0.09375","0.09375"
"540619","0","0","0"
"540622","0.0625","0","0.125"
"540642","0.03125","0.03125","0.03125"
"550606","0.03125","0.03125","0.03125"
"550610","0.03125","0.03125","0.03125"
"550612","0","0","0"
"550617","0","0","0"
"550625","0.03125","0.03125","0.03125"
"550636","0","0","0"
"560607","0.0625","0.0625","0.0625"
"560612","0.125","0.125","0.125"
"560622","0.0625","0.0625","0.0625"
"560624","0.0625","0.0625","0.0625"
"560627","0.03125","0.03125","0.03125"
"560628","0.03125","0.03125","0.03125"
"570605","0.03125","0.03125","0.03125"
"570625","0","0","0"
"570630","0.03125","0.03125","0.03125"
"570643","0","0","0"
"570650","0.03125","0.03125","0.03125"
"570681","0.1875","0.1875","0.1875"
"580606","0.03125","0.03125","0.03125"
"580612","0.03125","0.03125","0.03125"
"580613","0","0","0"
"580629","0.0625","0.0625","0.0625"
"580630","0.125","0.125","0.125"
"580647","0.0625","0.0625","0.0625"
"590612","0.09375","0.09375","0.09375"
"590630","0.03125","0","0.0625"
"590641","0.0625","0.0625","0.0625"
"590668","0.09375","0.09375","0.09375"
"590690","0.03125","0.03125","0.03125"
"600620","0.1875","0.1875","0.1875"
"600621","0","0","0"
"600623","0.0625","0.0625","0.0625"
"600625","0.0625","0.0625","0.0625"
"600629","0.0625","0.0625","0.0625"
"600729","0","0","0"
"610602","0.0625","0.0625","0.0625"
"610617","0.0625","0.0625","0.0625"
"610633","0.0625","0.0625","0.0625"
"610642","0.03125","0.03125","0.03125"
"610645","0.0625","0.0625","0.0625"
"610678","0.25","0.25","0.25"
"620611","0.09375","0.09375","0.09375"
"620616","0.0625","0.0625","0.0625"
"620624","0","0","0"
"620627","0","0","0"
"620631","0","0","0"
"620633","0","0","0"
"630600","0.020833333333333332","0","0.03125"
"630604","0.03125","0.03125","0.03125"
"630605","0.03125","0.03125","0.03125"
"630659","0.125","0.125","0.125"
"640602","0","0","0"
"640606","0.03125","0.03125","0.03125"
"640610","0.0625","0.0625","0.0625"
"640612","0.09375","0.09375","0.09375"
"640625","0","0","0"
"640639","0.03125","0.03125","0.03125"
"650604","0","0","0"
"650616","0.15625","0.15625","0.15625"
"650618","0","0","0"
"650629","0.09375","0.09375","0.09375"
"650638","0.03125","0.03125","0.03125"
"650709","0.03125","0.03125","0.03125"
"660608","0.0625","0.0625","0.0625"
"660616","0.09375","0.09375","0.09375"
"660625","0.03125","0.03125","0.03125"
"660642","0","0","0"
"660665","0","0","0"
"660672","0.125","0.125","0.125"
"670609","0.03125","0.03125","0.03125"
"670629","0","0","0"
"670631","0.09375","0.09375","0.09375"
"670642","0.03125","0.03125","0.03125"
"670644","0.1875","0.1875","0.1875"
"670645","0.03125","0.03125","0.03125"
"680607","0.09375","0.09375","0.09375"
"680608","0.0625","0.0625","0.0625"
"680610","0.0625","0.0625","0.0625"
"680611","0.03125","0.03125","0.03125"
"680617","0.125","0.125","0.125"
"680652","0","0","0"
"690602","0","0","0"
"690604","0.09375","0.09375","0.09375"
"690610","0.03125","0.03125","0.03125"
"690631","0.3125","0.3125","0.3125"
"690636","0","0","0"
"690646","0","0","0"
"700601","0.03125","0.03125","0.03125"
"700603","0","0","0"
"700613","0.15625","0.15625","0.15625"
"700618","0","0","0"
"700624","0","0","0"
"700631","0.21875","0.21875","0.21875"
"710601","0","0","0"
"710605","0","0","0"
"710606","0.09375","0.09375","0.09375"
"710612","0.0625","0.0625","0.0625"
"710617","0.0625","0.0625","0.0625"
"710647","0.1875","0.1875","0.1875"
"720600","0.03125","0.03125","0.03125"
"720603","0.125","0.125","0.125"
"720606","0.0625","0.0625","0.0625"
"720617","0.0625","0.0625","0.0625"
"720639","0.0625","0.0625","0.0625"
"720653","0.21875","0.21875","0.21875"
"730601","0.03125","0.03125","0.03125"
"730616","0.09375","0.09375","0.09375"
"730624","0.03125","0.03125","0.03125"
"730630","0.09375","0.09375","0.09375"
"730633","0.28125","0.28125","0.28125"
"730673","0.03125","0.03125","0.03125"
"740602","0.1875","0.1875","0.1875"
"740611","0.03125","0.03125","0.03125"
"740612","0.09375","0.09375","0.09375"
"740615","0.09375","0.09375","0.09375"
"740645","0.0625","0.0625","0.0625"
"740659","0.09375","0.09375","0.09375"
"750605","0.0625","0.0625","0.0625"
"750621","0.09375","0.09375","0.09375"
"750622","0.0625","0.0625","0.0625"
"750630","0.0625","0.0625","0.0625"
"750651","0.15625","0.15625","0.15625"
"750657","0.0625","0.0625","0.0625"
"760600","0.03125","0.03125","0.03125"
"760605","0.03125","0.03125","0.03125"
"760619","0.15625","0.15625","0.15625"
"760624","0.0625","0.0625","0.0625"
"760629","0.03125","0.03125","0.03125"
"760697","0.1875","0.1875","0.1875"
"770600","0.21875","0.21875","0.21875"
"770607","0.0625","0.0625","0.0625"
"770631","0.03125","0.03125","0.03125"
"770632","0","0","0"
"770640","0.125","0.125","0.125"
"770694","0","0","0"
"780600","0.0625","0.0625","0.0625"
"780607","0.03125","0.03125","0.03125"
"780616","0.03125","0.03125","0.03125"
"780624","0.03125","0.03125","0.03125"
"780625","0.03125","0.03125","0.03125"
"780635","0.3125","0.3125","0.3125"
"790606","0","0","0"
"790625","0.03125","0.03125","0.03125"
"790630","0.0625","0.0625","0.0625"
"790653","0.09375","0.09375","0.09375"
"790657","0.125","0.125","0.125"
"790687","0.125","0.125","0.125"
"800612","0.0625","0.0625","0.0625"
"800618","0","0","0"
"800622","0","0","0"
"800627","0.03125","0.03125","0.03125"
"800635","0.1875","0.1875","0.1875"
"800654","0.03125","0.03125","0.03125"
"810602","0","0","0"
"810609","0.0625","0.0625","0.0625"
"810621","0","0","0"
"810626","0.0625","0.0625","0.0625"
"810643","0.09375","0.09375","0.09375"
"810649","0.03125","0.03125","0.03125"
"820612","0.28125","0.28125","0.28125"
"820615","0","0","0"
"820624","0.03125","0.03125","0.03125"
"820637","0.03125","0.03125","0.03125"
"820645","0.09375","0.09375","0.09375"
"820656","0.03125","0.03125","0.03125"
"830611","0.0625","0.0625","0.0625"
"830612","0.1875","0.1875","0.1875"
"830619","0.0625","0.0625","0.0625"
"830629","0.03125","0.03125","0.03125"
"830638","0.0625","0.0625","0.0625"
"840601","0","0","0"
"840604","0.28125","0.28125","0.28125"
"840611","0.0625","0.0625","0.0625"
"840614","0.03125","0.03125","0.03125"
"840624","0.0625","0.0625","0.0625"
"840649","0.09375","0.09375","0.09375"
"850603","0.03125","0.03125","0.03125"
"850609","0.09375","0.09375","0.09375"
"850620","0.25","0.25","0.25"
"850637","0.15625","0.15625","0.15625"
"850643","0.0625","0.0625","0.0625"
"850698","0.09375","0.09375","0.09375"
"860604","0.09375","0.09375","0.09375"
"860608","0.03125","0.03125","0.03125"
"860612","0.21875","0.21875","0.21875"
"860628","0.1875","0.1875","0.1875"
"860633","0","0","0"
"860648","0.0625","0.0625","0.0625"
"870601","0.0625","0.03125","0.09375"
"870620","0.03125","0.03125","0.03125"
"870628","0.1875","0.1875","0.1875"
"870630","0.125","0.125","0.125"
"870644","0.25","0.25","0.25"
"880629","0.09375","0.09375","0.09375"
"880630","0.125","0.125","0.125"
"880631","0.09375","0.09375","0.09375"
"880634","0.09375","0.09375","0.09375"
"880682","0.25","0.25","0.25"
"880722","0.0625","0.0625","0.0625"
"890618","0.03125","0.03125","0.03125"
"890623","0","0","0"
"890630","0.0625","0.0625","0.0625"
"890634","0.09375","0.09375","0.09375"
"890640","0.140625","0.09375","0.1875"
"900600","0.171875","0.125","0.21875"
"900602","0.03125","0.03125","0.03125"
"900606","0.0625","0.0625","0.0625"
"900629","0.03125","0.03125","0.03125"
"900635","0.09375","0.09375","0.09375"
"910607","0.03125","0.03125","0.03125"
"910620","0.0625","0.0625","0.0625"
"910630","0.09375","0.09375","0.09375"
"910646","0.09375","0.09375","0.09375"
"910655","0.09375","0.09375","0.09375"
"910666","0.09375","0.09375","0.09375"
"920607","0","0","0"
"920613","0.1875","0.1875","0.1875"
"920614","0.09375","0.09375","0.09375"
"920622","0.15625","0.15625","0.15625"
"920631","0.0625","0.0625","0.0625"
"920633","0.125","0.125","0.125"
"930603","0.0625","0.0625","0.0625"
"930629","0.15625","0.15625","0.15625"
"930656","0.03125","0.03125","0.03125"
"930659","0.15625","0.15625","0.15625"
"930668","0.1875","0.1875","0.1875"
"930684","0.0625","0.0625","0.0625"
"940601","0.0625","0.0625","0.0625"
"940606","0.0625","0.0625","0.0625"
"940608","0.15625","0.15625","0.15625"
"940633","0.1875","0.1875","0.1875"
"940634","0.0625","0.0625","0.0625"
"940732","0","0","0"
"950602","0","0","0"
"950604","0.0625","0.0625","0.0625"
"950605","0.15625","0.15625","0.15625"
"950620","0.15625","0.15625","0.15625"
"950627","0.09375","0.09375","0.09375"
"950638","0.03125","0.03125","0.03125"
"960613","0.09375","0.09375","0.09375"
"960616","0.078125","0.0625","0.09375"
"960636","0.1875","0.1875","0.1875"
"960640","0.0625","0.0625","0.0625"
"960657","0.1875","0.1875","0.1875"
"970606","0.15625","0.15625","0.15625"
"970610","0.03125","0.03125","0.03125"
"970622","0.0625","0.0625","0.0625"
"970624","0.0625","0.0625","0.0625"
"970626","0","0","0"
"970665","0.1875","0.1875","0.1875"
"980604","0.125","0.125","0.125"
"980610","0.0625","0.0625","0.0625"
"980611","0","0","0"
"980641","0.125","0.125","0.125"
"980665","0.15625","0.15625","0.15625"
"980679","0.0625","0.0625","0.0625"
"990608","0.15625","0.15625","0.15625"
"990610","0.125","0.125","0.125"
"990617","0","0","0"
"990628","0.125","0.125","0.125"
"990632","0.09375","0.09375","0.09375"
"990641","0.0625","0.0625","0.0625"
"1000609","0.15625","0.15625","0.15625"
"1000613","0.09375","0.09375","0.09375"
"1000638","0.109375","0.0625","0.15625"
"1000670","0.34375","0.34375","0.34375"
"1000677","0.125","0.125","0.125"
"1010601","0.1875","0.1875","0.1875"
"1010607","0.09375","0.09375","0.09375"
"1010613","0.125","0.125","0.125"
"1010615","0.15625","0.15625","0.15625"
"1010628","0.09375","0.09375","0.09375"
"1010642","0.03125","0.03125","0.03125"
"1020603","0.25","0.25","0.25"
"1020607","0.03125","0.03125","0.03125"
"1020608","0.15625","0.15625","0.15625"
"1020621","0.1875","0.1875","0.1875"
"1020623","0.09375","0.09375","0.09375"
"1020680","0.0625","0.0625","0.0625"
"1030603","0.125","0.125","0.125"
"1030610","0.21875","0.21875","0.21875"
"1030620","0.0625","0.0625","0.0625"
"1030622","0.1875","0.1875","0.1875"
"1030659","0.15625","0.15625","0.15625"
"1030708","0.09375","0.09375","0.09375"
"1040613","0.15625","0.15625","0.15625"
"1040628","0.0625","0.0625","0.0625"
"1040633","0.03125","0.03125","0.03125"
"1040639","0.1875","0.1875","0.1875"
"1040640","0.3125","0.3125","0.3125"
"1040646","0.125","0.125","0.125"
"1050605","0.0625","0.0625","0.0625"
"1050616","0.125","0.125","0.125"
"1050619","0.1875","0.1875","0.1875"
"1050623","0.15625","0.15625","0.15625"
"1050636","0.21875","0.21875","0.21875"
"1050797","0.03125","0.03125","0.03125"
"1060605","0.0625","0.0625","0.0625"
"1060607","0.1875","0.1875","0.1875"
"1060618","0.1875","0.1875","0.1875"
"1060635","0.125","0.125","0.125"
"1060643","0.0625","0.0625","0.0625"
"1060666","0","0","0"
"1070605","0.0625","0.0625","0.0625"
"1070624","0.1875","0.1875","0.1875"
"1070631","0.03125","0.03125","0.03125"
"1070632","0.3125","0.3125","0.3125"
"1070648","0.03125","0.03125","0.03125"
"1070649","0.03125","0.03125","0.03125"
"1080603","0.09375","0.09375","0.09375"
"1080604","0.125","0.125","0.125"
"1080609","0.40625","0.40625","0.40625"
"1080619","0.03125","0.03125","0.03125"
"1080627","0.0625","0.0625","0.0625"
"1080636","0.15625","0.15625","0.15625"
"1090601","0.125","0.125","0.125"
"1090610","0.109375","0.09375","0.125"
"1090622","0.21875","0.21875","0.21875"
"1090661","0.125","0.125","0.125"
"1090687","0.28125","0.28125","0.28125"
"1100609","0.21875","0.21875","0.21875"
"1100612","0.15625","0.15625","0.15625"
"1100614","0.03125","0.03125","0.03125"
"1100641","0.15625","0.15625","0.15625"
"1100644","0.0625","0.0625","0.0625"
"1100744","0.15625","0.15625","0.15625"
"1110610","0.25","0.25","0.25"
"1110624","0.09375","0.09375","0.09375"
"1110641","0.03125","0.03125","0.03125"
"1110644","0.09375","0.09375","0.09375"
"1110648","0.09375","0.09375","0.09375"
"1110690","0.0625","0.0625","0.0625"
"1120605","0.15625","0.15625","0.15625"
"1120612","0.09375","0.09375","0.09375"
"1120613","0.09375","0.03125","0.15625"
"1120616","0.03125","0.03125","0.03125"
"1120632","0.28125","0.28125","0.28125"
"1130604","0.09375","0.09375","0.09375"
"1130623","0.09375","0.09375","0.09375"
"1130627","0.09375","0.09375","0.09375"
"1130628","0.0625","0.0625","0.0625"
"1130649","0.21875","0.21875","0.21875"
"1130659","0.0625","0.0625","0.0625"
"1140605","0.03125","0.03125","0.03125"
"1140609","0.3125","0.3125","0.3125"
"1140612","0.125","0.125","0.125"
"1140613","0.09375","0.09375","0.09375"
"1140651","0.125","0.125","0.125"
"1140683","0.125","0.125","0.125"
"1150601","0.125","0.125","0.125"
"1150607","0.1875","0.1875","0.1875"
"1150624","0.09375","0.09375","0.09375"
"1150626","0.09375","0.09375","0.09375"
"1150653","0.15625","0.15625","0.15625"
"1150672","0.125","0.125","0.125"
"1160613","0.15625","0.15625","0.15625"
"1160628","0.125","0.125","0.125"
"1160630","0.09375","0.09375","0.09375"
"1160639","0.125","0.125","0.125"
"1160659","0.125","0.125","0.125"
"1160681","0.15625","0.15625","0.15625"
"1170602","0.21875","0.21875","0.21875"
"1170607","0.125","0.125","0.125"
"1170609","0.15625","0.15625","0.15625"
"1170612","0.125","0.125","0.125"
"1170639","0.125","0.125","0.125"
"1170642","0.0625","0.0625","0.0625"
"1180601","0.15625","0.15625","0.15625"
"1180605","0.109375","0.09375","0.125"
"1180630","0.21875","0.21875","0.21875"
"1180641","0.0625","0.0625","0.0625"
"1180645","0.09375","0.09375","0.09375"
"1190603","0.125","0.125","0.125"
"1190617","0.1875","0.1875","0.1875"
"1190624","0.078125","0.0625","0.09375"
"1190627","0.21875","0.21875","0.21875"
"1190641","0.0625","0.0625","0.0625"
"1200625","0.03125","0.03125","0.03125"
"1200633","0.15625","0.15625","0.15625"
"1200635","0.15625","0.15625","0.15625"
"1200637","0.0625","0.0625","0.0625"
"1200649","0.15625","0.15625","0.15625"
"1200669","0.15625","0.15625","0.15625"
"1210601","0.375","0.375","0.375"
"1210606","0.09375","0.09375","0.09375"
"1210631","0.21875","0.21875","0.21875"
"1210649","0.15625","0.15625","0.15625"
"1210657","0.125","0.125","0.125"
"1210659","0.15625","0.15625","0.15625"
"1220602","0.21875","0.21875","0.21875"
"1220625","0.09375","0.09375","0.09375"
"1220635","0.03125","0.03125","0.03125"
"1220638","0.125","0.125","0.125"
"1220639","0.03125","0.03125","0.03125"
"1220665","0.09375","0.09375","0.09375"
"1230600","0.15625","0.15625","0.15625"
"1230602","0.1875","0.1875","0.1875"
"1230613","0.28125","0.28125","0.28125"
"1230648","0.0625","0.0625","0.0625"
"1230662","0.0625","0.0625","0.0625"
"1230718","0.25","0.25","0.25"
"1240602","0.125","0.125","0.125"
"1240616","0.0625","0.0625","0.0625"
"1240621","0.3125","0.3125","0.3125"
"1240625","0.15625","0.15625","0.15625"
"1240628","0.0625","0.0625","0.0625"
"1240653","0.1875","0.1875","0.1875"
"1250602","0.0625","0.0625","0.0625"
"1250605","0.375","0.375","0.375"
"1250639","0.125","0.125","0.125"
"1250642","0.1875","0.1875","0.1875"
"1250650","0.0625","0.0625","0.0625"
"1250660","0.28125","0.28125","0.28125"
"1260613","0.09375","0.09375","0.09375"
"1260616","0.09375","0.09375","0.09375"
"1260621","0.15625","0.15625","0.15625"
"1260633","0.09375","0.09375","0.09375"
"1260634","0.25","0.25","0.25"
"1260689","0.0625","0.0625","0.0625"
"1270618","0.0625","0.0625","0.0625"
"1270620","0.03125","0.03125","0.03125"
"1270623","0.34375","0.34375","0.34375"
"1270625","0.1875","0.1875","0.1875"
"1270636","0.15625","0.15625","0.15625"
"1270639","0.125","0.125","0.125"
"1280600","0.3125","0.3125","0.3125"
"1280604","0.0625","0.03125","0.09375"
"1280615","0.15625","0.15625","0.15625"
"1280627","0.1875","0.1875","0.1875"
"1280648","0.09375","0.09375","0.09375"
"1290607","0.21875","0.21875","0.21875"
"1290612","0.0625","0.0625","0.0625"
"1290617","0.125","0.125","0.125"
"1290623","0.171875","0.09375","0.25"
"1290650","0.03125","0.03125","0.03125"
"1300628","0.03125","0.03125","0.03125"
"1300641","0.25","0.25","0.25"
"1300647","0.15625","0.15625","0.15625"
"1300648","0.125","0.125","0.125"
"1300656","0.09375","0.09375","0.09375"
"1300670","0.09375","0.09375","0.09375"
"1310601","0.375","0.375","0.375"
"1310619","0.0625","0.0625","0.0625"
"1310630","0.0625","0.0625","0.0625"
"1310642","0.125","0.125","0.125"
"1310648","0.1875","0.1875","0.1875"
"1310649","0.21875","0.21875","0.21875"
"1320604","0.15625","0.15625","0.15625"
"1320610","0.125","0.125","0.125"
"1320617","0.25","0.25","0.25"
"1320622","0.09375","0.09375","0.09375"
"1320632","0.0625","0.0625","0.0625"
"1320637","0.09375","0.09375","0.09375"
"1330615","0.21875","0.21875","0.21875"
"1330624","0.21875","0.21875","0.21875"
"1330632","0.1875","0.1875","0.1875"
"1330642","0.125","0.125","0.125"
"1330645","0.1875","0.1875","0.1875"
"1330649","0.15625","0.15625","0.15625"
"1340608","0.4375","0.4375","0.4375"
"1340609","0.25","0.25","0.25"
"1340622","0.125","0.125","0.125"
"1340630","0.0625","0.0625","0.0625"
"1340635","0.1875","0.1875","0.1875"
"1340646","0.03125","0.03125","0.03125"
"1350614","0.21875","0.21875","0.21875"
"1350623","0.125","0.125","0.125"
"1350624","0.0625","0.0625","0.0625"
"1350661","0.15625","0.15625","0.15625"
"1350672","0.15625","0.15625","0.15625"
"1350712","0.15625","0.15625","0.15625"
"1360602","0.40625","0.40625","0.40625"
"1360612","0.125","0.125","0.125"
"1360622","0.09375","0.09375","0.09375"
"1360628","0.09375","0.09375","0.09375"
"1360629","0.0625","0.0625","0.0625"
"1360658","0.15625","0.15625","0.15625"
"1370622","0.34375","0.34375","0.34375"
"1370633","0.0625","0.0625","0.0625"
"1370641","0.1875","0.125","0.25"
"1370644","0.3125","0.3125","0.3125"
"1370648","0.28125","0.28125","0.28125"
"1380608","0.125","0.125","0.125"
"1380621","0.03125","0.03125","0.03125"
"1380627","0.25","0.25","0.25"
"1380629","0.34375","0.34375","0.34375"
"1380640","0.09375","0.09375","0.09375"
"1380740","0.21875","0.21875","0.21875"
"1390620","0.3125","0.3125","0.3125"
"1390624","0.15625","0.15625","0.15625"
"1390630","0.1875","0.1875","0.1875"
"1390646","0.40625","0.40625","0.40625"
"1390650","0.21875","0.21875","0.21875"
"1390686","0.125","0.125","0.125"
"1400604","0.15625","0.15625","0.15625"
"1400619","0.375","0.375","0.375"
"1400628","0.28125","0.28125","0.28125"
"1400634","0.09375","0.09375","0.09375"
"1400660","0.28125","0.28125","0.28125"
"1400666","0.125","0.125","0.125"
"1410613","0.140625","0.125","0.15625"
"1410632","0.28125","0.28125","0.28125"
"1410636","0.28125","0.28125","0.28125"
"1410639","0.28125","0.28125","0.28125"
"1410646","0.15625","0.15625","0.15625"
"1420608","0.25","0.25","0.25"
"1420613","0.28125","0.28125","0.28125"
"1420625","0.09375","0.09375","0.09375"
"1420626","0.28125","0.28125","0.28125"
"1420642","0.1875","0.1875","0.1875"
"1420656","0.21875","0.21875","0.21875"
"1430611","0.34375","0.34375","0.34375"
"1430619","0.03125","0.03125","0.03125"
"1430621","0.1875","0.1875","0.1875"
"1430623","0.25","0.25","0.25"
"1430644","0.21875","0.21875","0.21875"
"1430645","0.21875","0.21875","0.21875"
"1440601","0.21875","0.21875","0.21875"
"1440607","0.25","0.25","0.25"
"1440619","0.15625","0.15625","0.15625"
"1440622","0.03125","0.03125","0.03125"
"1440643","0.1875","0.1875","0.1875"
"1440687","0.1875","0.1875","0.1875"
"1450610","0.28125","0.28125","0.28125"
"1450633","0.09375","0.09375","0.09375"
"1450638","0.3125","0.3125","0.3125"
"1450643","0.0625","0.0625","0.0625"
"1450651","0.25","0.25","0.25"
"1450655","0.3125","0.3125","0.3125"
"1460601","0.3125","0.3125","0.3125"
"1460602","0.15625","0.15625","0.15625"
"1460612","0.15625","0.15625","0.15625"
"1460617","0.125","0.125","0.125"
"1460626","0.21875","0.21875","0.21875"
"1460666","0.28125","0.28125","0.28125"
"1470603","0.15625","0.15625","0.15625"
"1470608","0.15625","0.15625","0.15625"
"1470631","0.1875","0.1875","0.1875"
"1470642","0.3125","0.3125","0.3125"
"1470663","0.15625","0.15625","0.15625"
"1470679","0.1875","0.1875","0.1875"
"1480624","0.28125","0.28125","0.28125"
"1480629","0.3125","0.3125","0.3125"
"1480634","0.25","0.25","0.25"
"1480646","0.21875","0.21875","0.21875"
"1480651","0.09375","0.09375","0.09375"
"1480701","0.09375","0.09375","0.09375"
"1490605","0.1875","0.1875","0.1875"
"1490615","0.28125","0.28125","0.28125"
"1490624","0.25","0.25","0.25"
"1490627","0.09375","0.09375","0.09375"
"1490628","0.09375","0.09375","0.09375"
"1490676","0.28125","0.28125","0.28125"
"1500628","0","0","0"
"1500629","0.25","0.25","0.25"
"1500640","0.28125","0.28125","0.28125"
"1500643","0.15625","0.15625","0.15625"
"1500658","0.3125","0.3125","0.3125"
"1500699","0.1875","0.1875","0.1875"
"1510600","0.0625","0.0625","0.0625"
"1510610","0.21875","0.1875","0.25"
"1510612","0.1875","0.1875","0.1875"
"1510629","0.0625","0.0625","0.0625"
"1510637","0.1875","0.1875","0.1875"
"1520606","0.1875","0.1875","0.1875"
"1520607","0.25","0.25","0.25"
"1520618","0.15625","0.15625","0.15625"
"1520620","0.15625","0.15625","0.15625"
"1520636","0.25","0.25","0.25"
"1520642","0.15625","0.15625","0.15625"
"1530601","0.15625","0.15625","0.15625"
"1530621","0.21875","0.21875","0.21875"
"1530623","0.125","0.125","0.125"
"1530670","0.25","0.25","0.25"
"1530683","0.34375","0.34375","0.34375"
"1530716","0.25","0.25","0.25"
"1540602","0.375","0.375","0.375"
"1540603","0.15625","0.15625","0.15625"
"1540623","0.25","0.25","0.25"
"1540636","0.28125","0.28125","0.28125"
"1540638","0.1875","0.1875","0.1875"
"1540648","0.15625","0.15625","0.15625"
"1550600","0.15625","0.15625","0.15625"
"1550622","0.125","0.125","0.125"
"1550623","0.375","0.375","0.375"
"1550641","0.09375","0.09375","0.09375"
"1550648","0.1875","0.1875","0.1875"
"1550695","0.0625","0.0625","0.0625"
"1560604","0.21875","0.21875","0.21875"
"1560628","0.03125","0.03125","0.03125"
"1560634","0.15625","0.15625","0.15625"
"1560651","0.09375","0.09375","0.09375"
"1560652","0.21875","0.21875","0.21875"
"1560656","0.1875","0.1875","0.1875"
"1570603","0.09375","0.09375","0.09375"
"1570607","0.21875","0.21875","0.21875"
"1570637","0.15625","0.15625","0.15625"
"1570653","0.09375","0.09375","0.09375"
"1570654","0.15625","0.15625","0.15625"
"1570663","0.25","0.25","0.25"
"1580601","0.15625","0.15625","0.15625"
"1580605","0.1875","0.1875","0.1875"
"1580615","0.21875","0.21875","0.21875"
"1580619","0.3125","0.3125","0.3125"
"1580620","0.21875","0.21875","0.21875"
"1580630","0.1875","0.1875","0.1875"
"1590609","0.21875","0.21875","0.21875"
"1590634","0.1875","0.1875","0.1875"
"1590639","0.1875","0.1875","0.1875"
"1590640","0.21875","0.21875","0.21875"
"1590647","0.15625","0.15625","0.15625"
"1590684","0.125","0.125","0.125"
"1600607","0.28125","0.28125","0.28125"
"1600609","0.1875","0.1875","0.1875"
"1600618","0.28125","0.15625","0.40625"
"1600636","0.28125","0.28125","0.28125"
"1600644","0.125","0.125","0.125"
"1610619","0.25","0.25","0.25"
"1610623","0.15625","0.15625","0.15625"
"1610635","0.25","0.25","0.25"
"1610646","0.28125","0.28125","0.28125"
"1610693","0.15625","0.15625","0.15625"
"1610762","0.25","0.25","0.25"
"1620603","0.1875","0.1875","0.1875"
"1620619","0.15625","0.15625","0.15625"
"1620641","0.1875","0.1875","0.1875"
"1620642","0.21875","0.21875","0.21875"
"1620663","0.21875","0.21875","0.21875"
"1620674","0.03125","0.03125","0.03125"
"1630614","0.3125","0.3125","0.3125"
"1630615","0.28125","0.28125","0.28125"
"1630619","0.1875","0.1875","0.1875"
"1630623","0.3125","0.3125","0.3125"
"1630633","0.15625","0.15625","0.15625"
"1630656","0.1875","0.1875","0.1875"
"1640600","0.28125","0.28125","0.28125"
"1640611","0.09375","0.09375","0.09375"
"1640613","0.09375","0.09375","0.09375"
"1640621","0.1875","0.1875","0.1875"
"1640624","0.25","0.25","0.25"
"1640628","0.25","0.25","0.25"
"1650611","0.125","0.125","0.125"
"1650616","0.25","0.25","0.25"
"1650623","0.09375","0.09375","0.09375"
"1650629","0.21875","0.21875","0.21875"
"1650636","0.09375","0.09375","0.09375"
"1650655","0.09375","0.09375","0.09375"
"1660600","0.25","0.21875","0.28125"
"1660603","0.28125","0.28125","0.28125"
"1660611","0.1875","0.1875","0.1875"
"1660632","0.21875","0.21875","0.21875"
"1660642","0.15625","0.15625","0.15625"
"1670616","0.34375","0.34375","0.34375"
"1670618","0.15625","0.15625","0.15625"
"1670623","0.15625","0.15625","0.15625"
"1670631","0.09375","0.09375","0.09375"
"1670632","0.3125","0.3125","0.3125"
"1670654","0.1875","0.1875","0.1875"
"1680610","0.125","0.125","0.125"
"1680611","0.34375","0.34375","0.34375"
"1680615","0.140625","0.125","0.15625"
"1680620","0.15625","0.15625","0.15625"
"1680658","0.21875","0.21875","0.21875"
"1690615","0.3125","0.3125","0.3125"
"1690616","0.28125","0.28125","0.28125"
"1690620","0.09375","0.09375","0.09375"
"1690642","0.09375","0.09375","0.09375"
"1690653","0.15625","0.15625","0.15625"
"1690654","0.125","0.125","0.125"
"1700622","0.25","0.25","0.25"
"1700627","0.3125","0.3125","0.3125"
"1700628","0.125","0.125","0.125"
"1700636","0.21875","0.21875","0.21875"
"1700652","0.0625","0.0625","0.0625"
"1700662","0.03125","0.03125","0.03125"
"1710608","0.125","0.125","0.125"
"1710611","0.34375","0.34375","0.34375"
"1710612","0.3125","0.3125","0.3125"
"1710618","0.28125","0.28125","0.28125"
"1710627","0.21875","0.21875","0.21875"
"1710631","0.03125","0.03125","0.03125"
"1720600","0.09375","0.09375","0.09375"
"1720601","0.46875","0.46875","0.46875"
"1720615","0.1875","0.1875","0.1875"
"1720617","0.1875","0.1875","0.1875"
"1720622","0.125","0.125","0.125"
"1720688","0.28125","0.28125","0.28125"
"1730607","0.21875","0.21875","0.21875"
"1730623","0.13541666666666666","0.09375","0.15625"
"1730662","0.375","0.375","0.375"
"1730670","0.46875","0.46875","0.46875"
"1740620","0.1875","0.1875","0.1875"
"1740621","0.34375","0.34375","0.34375"
"1740636","0.0625","0.0625","0.0625"
"1740641","0.21875","0.21875","0.21875"
"1740665","0.1875","0.09375","0.28125"
"1750603","0.34375","0.34375","0.34375"
"1750604","0.1875","0.1875","0.1875"
"1750631","0.28125","0.28125","0.28125"
"1750644","0.0625","0.0625","0.0625"
"1750659","0.15625","0.15625","0.15625"
"1750681","0.28125","0.28125","0.28125"
"1760601","0.1875","0.1875","0.1875"
"1760604","0.15625","0.15625","0.15625"
"1760616","0.28125","0.28125","0.28125"
"1760622","0.3125","0.3125","0.3125"
"1760631","0.1875","0.1875","0.1875"
"1760637","0.4375","0.4375","0.4375"
"1770601","0.1875","0.1875","0.1875"
"1770611","0.28125","0.28125","0.28125"
"1770627","0.15625","0.15625","0.15625"
"1770629","0.203125","0.1875","0.21875"
"1770652","0.25","0.25","0.25"
"1780604","0.15625","0.15625","0.15625"
"1780608","0.15625","0.15625","0.15625"
"1780621","0.375","0.375","0.375"
"1780626","0.125","0.125","0.125"
"1780649","0.40625","0.40625","0.40625"
"1780782","0.1875","0.1875","0.1875"
"1790618","0.1875","0.1875","0.1875"
"1790619","0.25","0.25","0.25"
"1790635","0.1875","0.1875","0.1875"
"1790638","0.1875","0.1875","0.1875"
"1790650","0.3125","0.3125","0.3125"
"1790658","0.3125","0.3125","0.3125"
"1800606","0.15625","0.15625","0.15625"
"1800607","0.28125","0.28125","0.28125"
"1800608","0.28125","0.28125","0.28125"
"1800645","0.34375","0.34375","0.34375"
"1800647","0.1875","0.1875","0.1875"
"1800677","0.15625","0.15625","0.15625"
"1810604","0.3125","0.3125","0.3125"
"1810609","0.25","0.25","0.25"
"1810623","0.09375","0.09375","0.09375"
"1810631","0.28125","0.28125","0.28125"
"1810634","0.15625","0.15625","0.15625"
"1810768","0.15625","0.15625","0.15625"
"1820604","0.21875","0.21875","0.21875"
"1820640","0.28125","0.28125","0.28125"
"1820642","0.15625","0.15625","0.15625"
"1820645","0.09375","0.09375","0.09375"
"1820655","0.1875","0.1875","0.1875"
"1820659","0.25","0.25","0.25"
"1830618","0.21875","0.21875","0.21875"
"1830626","0.21875","0.21875","0.21875"
"1830631","0.125","0.125","0.125"
"1830632","0.21875","0.21875","0.21875"
"1830645","0.1875","0.1875","0.1875"
"1830655","0.21875","0.21875","0.21875"
"1840620","0.3125","0.3125","0.3125"
"1840626","0.15625","0.15625","0.15625"
"1840627","0.25","0.25","0.25"
"1840639","0.21875","0.21875","0.21875"
"1840646","0.1875","0.1875","0.1875"
"1840707","0.25","0.25","0.25"
"1850610","0.21875","0.21875","0.21875"
"1850626","0.3125","0.3125","0.3125"
"1850642","0.21875","0.21875","0.21875"
"1850650","0.28125","0.28125","0.28125"
"1850654","0.1875","0.1875","0.1875"
"1850670","0.3125","0.3125","0.3125"
"1860600","0.3125","0.3125","0.3125"
"1860608","0.25","0.25","0.25"
"1860616","0.25","0.25","0.25"
"1860643","0.3125","0.3125","0.3125"
"1860644","0.21875","0.21875","0.21875"
"1860658","0.09375","0.09375","0.09375"
"1870607","0.25","0.125","0.375"
"1870631","0.3125","0.3125","0.3125"
"1870640","0.21875","0.21875","0.21875"
"1870642","0.1875","0.1875","0.1875"
"1870652","0.21875","0.21875","0.21875"
"1880600","0.125","0.125","0.125"
"1880601","0.3125","0.3125","0.3125"
"1880611","0.15625","0.15625","0.15625"
"1880622","0.09375","0.09375","0.09375"
"1880624","0.3125","0.3125","0.3125"
"1880678","0.15625","0.15625","0.15625"
"1890602","0.25","0.25","0.25"
"1890605","0.40625","0.40625","0.40625"
"1890630","0.34375","0.34375","0.34375"
"1890637","0.15625","0.125","0.1875"
"1890640","0.25","0.25","0.25"
"1900603","0.1875","0.1875","0.1875"
"1900612","0.28125","0.28125","0.28125"
"1900616","0.125","0.125","0.125"
"1900619","0.125","0.125","0.125"
"1900625","0.125","0.125","0.125"
"1900630","0.1875","0.1875","0.1875"
"1910603","0.21875","0.21875","0.21875"
"1910609","0.125","0.125","0.125"
"1910621","0.34375","0.34375","0.34375"
"1910624","0.28125","0.28125","0.28125"
"1910626","0.09375","0.09375","0.09375"
"1910650","0.28125","0.28125","0.28125"
"1920608","0.1875","0.1875","0.1875"
"1920614","0.234375","0.21875","0.25"
"1920616","0.15625","0.15625","0.15625"
"1920619","0.25","0.25","0.25"
"1920692","0.3125","0.3125","0.3125"
"1930606","0.203125","0.1875","0.21875"
"1930620","0.28125","0.28125","0.28125"
"1930626","0.15625","0.15625","0.15625"
"1930631","0.15625","0.15625","0.15625"
"1930648","0.25","0.25","0.25"
"1940605","0.5","0.5","0.5"
"1940618","0.15625","0.15625","0.15625"
"1940622","0.25","0.25","0.25"
"1940631","0.15625","0.15625","0.15625"
"1940701","0.1875","0.1875","0.1875"
"1940732","0.09375","0.09375","0.09375"
"1950602","0.34375","0.34375","0.34375"
"1950610","0.40625","0.40625","0.40625"
"1950614","0.09375","0.09375","0.09375"
"1950619","0.1875","0.1875","0.1875"
"1950620","0.25","0.25","0.25"
"1950648","0.25","0.25","0.25"
"1960610","0.25","0.25","0.25"
"1960615","0.375","0.375","0.375"
"1960616","0.3125","0.3125","0.3125"
"1960618","0.4375","0.4375","0.4375"
"1960632","0.125","0.125","0.125"
"1960635","0.1875","0.1875","0.1875"
"1970608","0.1875","0.1875","0.1875"
"1970612","0.21875","0.21875","0.21875"
"1970617","0.15625","0.15625","0.15625"
"1970648","0.3125","0.3125","0.3125"
"1970650","0.25","0.25","0.25"
"1970660","0.3125","0.3125","0.3125"
"1980620","0.234375","0.09375","0.375"
"1980631","0.28125","0.28125","0.28125"
"1980638","0.3125","0.3125","0.3125"
"1980643","0.3125","0.3125","0.3125"
"1980646","0.25","0.25","0.25"
"1990613","0.28125","0.28125","0.28125"
"1990615","0.15625","0.15625","0.15625"
"1990622","0.25","0.25","0.25"
"1990631","0.28125","0.28125","0.28125"
"1990640","0.15625","0.15625","0.15625"
"1990648","0.3125","0.3125","0.3125"
"2000605","0.4375","0.4375","0.4375"
"2000614","0.3125","0.3125","0.3125"
"2000627","0.1875","0.1875","0.1875"
"2000634","0.21875","0.21875","0.21875"
"2000636","0.25","0.25","0.25"
"2000663","0.375","0.375","0.375"
"2010603","0.28125","0.28125","0.28125"
"2010606","0.1875","0.1875","0.1875"
"2010619","0.3125","0.3125","0.3125"
"2010625","0.4375","0.4375","0.4375"
"2010637","0.34375","0.34375","0.34375"
"2010661","0.3125","0.3125","0.3125"
"2020602","0.1875","0.1875","0.1875"
"2020611","0.25","0.25","0.25"
"2020612","0.1875","0.1875","0.1875"
"2020645","0.25","0.25","0.25"
"2020654","0.28125","0.28125","0.28125"
"2020725","0.15625","0.15625","0.15625"
"2030601","0.34375","0.34375","0.34375"
"2030621","0.21875","0.21875","0.21875"
"2030630","0.09375","0.09375","0.09375"
"2030638","0.28125","0.28125","0.28125"
"2030666","0.34375","0.34375","0.34375"
"2030676","0.125","0.125","0.125"
"2040607","0.34375","0.34375","0.34375"
"2040611","0.15625","0.15625","0.15625"
"2040621","0.1875","0.1875","0.1875"
"2040641","0.28125","0.28125","0.28125"
"2040657","0.21875","0.21875","0.21875"
"2040664","0.1875","0.1875","0.1875"
"2050601","0.15625","0.15625","0.15625"
"2050620","0.1875","0.1875","0.1875"
"2050630","0.34375","0.34375","0.34375"
"2050644","0.3125","0.3125","0.3125"
"2050647","0.21875","0.21875","0.21875"
"2050661","0.25","0.25","0.25"
"2060604","0.25","0.25","0.25"
"2060608","0.4375","0.4375","0.4375"
"2060609","0.21875","0.21875","0.21875"
"2060628","0.28125","0.28125","0.28125"
"2060663","0.125","0.125","0.125"
"2060734","0.375","0.375","0.375"
"2070606","0.25","0.25","0.25"
"2070611","0.3125","0.3125","0.3125"
"2070617","0.21875","0.21875","0.21875"
"2070624","0.28125","0.28125","0.28125"
"2070635","0.34375","0.34375","0.34375"
"2070638","0.125","0.125","0.125"
"2080601","0.21875","0.21875","0.21875"
"2080603","0.125","0.125","0.125"
"2080607","0.25","0.25","0.25"
"2080619","0.28125","0.28125","0.28125"
"2080642","0.40625","0.40625","0.40625"
"2080665","0.1875","0.1875","0.1875"
"2090607","0.34375","0.34375","0.34375"
"2090612","0.125","0.125","0.125"
"2090617","0.28125","0.28125","0.28125"
"2090627","0.25","0.25","0.25"
"2090629","0.34375","0.34375","0.34375"
"2090637","0.15625","0.15625","0.15625"
"2100609","0.25","0.25","0.25"
"2100633","0.3125","0.3125","0.3125"
"2100634","0.375","0.375","0.375"
"2100645","0.34375","0.34375","0.34375"
"2100647","0.25","0.25","0.25"
"2100737","0.34375","0.34375","0.34375"
"2110615","0.296875","0.15625","0.4375"
"2110641","0.1875","0.1875","0.1875"
"2110651","0.28125","0.28125","0.28125"
"2110657","0.21875","0.21875","0.21875"
"2110692","0.125","0.125","0.125"
"2120603","0.28125","0.28125","0.28125"
"2120623","0.28125","0.28125","0.28125"
"2120631","0.3125","0.3125","0.3125"
"2120633","0.1875","0.1875","0.1875"
"2120636","0.125","0.125","0.125"
"2120638","0.15625","0.15625","0.15625"
"2130618","0.28125","0.28125","0.28125"
"2130636","0.15625","0.15625","0.15625"
"2130646","0.1875","0.1875","0.1875"
"2130647","0.28125","0.28125","0.28125"
"2130686","0.125","0.125","0.125"
"2130703","0.28125","0.28125","0.28125"
"2140609","0.40625","0.40625","0.40625"
"2140616","0.28125","0.21875","0.34375"
"2140625","0.21875","0.21875","0.21875"
"2140640","0.34375","0.34375","0.34375"
"2140719","0.25","0.25","0.25"
"2150601","0.21875","0.21875","0.21875"
"2150604","0.25","0.25","0.25"
"2150611","0.34375","0.34375","0.34375"
"2150625","0.296875","0.28125","0.3125"
"2150634","0.34375","0.34375","0.34375"
"2160607","0.21875","0.21875","0.21875"
"2160618","0.34375","0.34375","0.34375"
"2160628","0.21875","0.21875","0.21875"
"2160635","0.3125","0.3125","0.3125"
"2160637","0.25","0.25","0.25"
"2160645","0.3125","0.3125","0.3125"
"2170602","0.25","0.25","0.25"
"2170608","0.4375","0.4375","0.4375"
"2170634","0.25","0.25","0.25"
"2170644","0.3125","0.3125","0.3125"
"2170648","0.34375","0.34375","0.34375"
"2170670","0.25","0.25","0.25"
"2180605","0.40625","0.40625","0.40625"
"2180609","0.21875","0.21875","0.21875"
"2180615","0.28125","0.28125","0.28125"
"2180620","0.25","0.25","0.25"
"2180658","0.125","0.125","0.125"
"2180750","0.21875","0.21875","0.21875"
"2190602","0.40625","0.40625","0.40625"
"2190612","0.15625","0.15625","0.15625"
"2190624","0.3125","0.3125","0.3125"
"2190659","0.15625","0.15625","0.15625"
"2190660","0.28125","0.28125","0.28125"
"2190678","0.25","0.25","0.25"
"2200612","0.125","0.125","0.125"
"2200623","0.09375","0.09375","0.09375"
"2200628","0.21875","0.21875","0.21875"
"2200631","0.40625","0.40625","0.40625"
"2200654","0.40625","0.40625","0.40625"
"2200696","0.3125","0.3125","0.3125"
"2210602","0.28125","0.28125","0.28125"
"2210605","0.3125","0.3125","0.3125"
"2210625","0.15625","0.15625","0.15625"
"2210633","0.21875","0.21875","0.21875"
"2210639","0.40625","0.40625","0.40625"
"2210700","0.3125","0.3125","0.3125"
"2220602","0.375","0.375","0.375"
"2220603","0.28125","0.28125","0.28125"
"2220612","0.125","0.125","0.125"
"2220629","0.25","0.25","0.25"
"2220639","0.28125","0.28125","0.28125"
"2220645","0.28125","0.28125","0.28125"
"2230610","0.3125","0.3125","0.3125"
"2230613","0.5","0.5","0.5"
"2230614","0.28125","0.28125","0.28125"
"2230630","0.21875","0.21875","0.21875"
"2230634","0.21875","0.21875","0.21875"
"2230709","0.125","0.125","0.125"
"2240632","0.25","0.25","0.25"
"2240633","0.25","0.25","0.25"
"2240639","0.34375","0.34375","0.34375"
"2240642","0.125","0.125","0.125"
"2240648","0.34375","0.34375","0.34375"
"2240649","0.40625","0.40625","0.40625"
"2250604","0.203125","0.15625","0.25"
"2250612","0.21875","0.21875","0.21875"
"2250637","0.3125","0.3125","0.3125"
"2250645","0.375","0.375","0.375"
"2250659","0.21875","0.21875","0.21875"
"2260601","0.28125","0.28125","0.28125"
"2260617","0.3125","0.3125","0.3125"
"2260625","0.21875","0.21875","0.21875"
"2260641","0.21875","0.21875","0.21875"
"2260645","0.125","0.125","0.125"
"2260658","0.25","0.25","0.25"
"2270606","0.21875","0.21875","0.21875"
"2270617","0.25","0.25","0.25"
"2270618","0.3125","0.3125","0.3125"
"2270625","0.4375","0.4375","0.4375"
"2270651","0.21875","0.21875","0.21875"
"2270683","0.25","0.25","0.25"
"2280602","0.3125","0.3125","0.3125"
"2280616","0.25","0.25","0.25"
"2280620","0.15625","0.15625","0.15625"
"2280634","0.34375","0.34375","0.34375"
"2280635","0.25","0.25","0.25"
"2280646","0.28125","0.28125","0.28125"
"2290607","0.46875","0.46875","0.46875"
"2290608","0.28125","0.28125","0.28125"
"2290621","0.125","0.125","0.125"
"2290627","0.21875","0.21875","0.21875"
"2290650","0.21875","0.21875","0.21875"
"2290654","0.3125","0.3125","0.3125"
"2300602","0.1875","0.1875","0.1875"
"2300603","0.375","0.375","0.375"
"2300611","0.25","0.25","0.25"
"2300627","0.4375","0.4375","0.4375"
"2300637","0.375","0.375","0.375"
"2300697","0.3125","0.3125","0.3125"
"2310608","0.171875","0.15625","0.1875"
"2310632","0.15625","0.15625","0.15625"
"2310650","0.21875","0.21875","0.21875"
"2310695","0.25","0.25","0.25"
"2310757","0.375","0.375","0.375"
"2320603","0.21875","0.21875","0.21875"
"2320607","0.21875","0.21875","0.21875"
"2320623","0.125","0.125","0.125"
"2320627","0.1875","0.1875","0.1875"
"2320666","0.25","0.25","0.25"
"2320693","0.15625","0.15625","0.15625"
"2330603","0.21875","0.21875","0.21875"
"2330611","0.25","0.25","0.25"
"2330627","0.1875","0.1875","0.1875"
"2330667","0.3125","0.3125","0.3125"
"2330673","0.34375","0.34375","0.34375"
"2330677","0.28125","0.28125","0.28125"
"2340604","0.21875","0.21875","0.21875"
"2340624","0.25","0.25","0.25"
"2340653","0.296875","0.28125","0.3125"
"2340668","0.1875","0.1875","0.1875"
"2340694","0.25","0.25","0.25"
"2350604","0.5","0.5","0.5"
"2350609","0.1875","0.1875","0.1875"
"2350612","0.21875","0.21875","0.21875"
"2350626","0.46875","0.46875","0.46875"
"2350632","0.34375","0.34375","0.34375"
"2350662","0.21875","0.21875","0.21875"
"2360606","0.40625","0.40625","0.40625"
"2360611","0.34375","0.34375","0.34375"
"2360639","0.265625","0.1875","0.34375"
"2360646","0.34375","0.34375","0.34375"
"2360678","0.40625","0.40625","0.40625"
"2370607","0.5","0.5","0.5"
"2370609","0.3125","0.3125","0.3125"
"2370615","0.25","0.25","0.25"
"2370620","0.40625","0.40625","0.40625"
"2370644","0.21875","0.21875","0.21875"
"2370654","0.34375","0.34375","0.34375"
"2380614","0.375","0.375","0.375"
"2380620","0.296875","0.21875","0.375"
"2380629","0.40625","0.40625","0.40625"
"2380658","0.34375","0.34375","0.34375"
"2380705","0.25","0.25","0.25"
"2390600","0.1875","0.1875","0.1875"
"2390601","0.25","0.25","0.25"
"2390610","0.1875","0.1875","0.1875"
"2390624","0.25","0.25","0.25"
"2390654","0.21875","0.21875","0.21875"
"2390701","0.3125","0.3125","0.3125"
"2400600","0.21875","0.21875","0.21875"
"2400616","0.3125","0.3125","0.3125"
"2400621","0.5","0.5","0.5"
"2400638","0.328125","0.28125","0.375"
"2400652","0.09375","0.09375","0.09375"
"2410626","0.3125","0.3125","0.3125"
"2410647","0.125","0.125","0.125"
"2410650","0.34375","0.34375","0.34375"
"2410657","0.1875","0.1875","0.1875"
"2410666","0.34375","0.34375","0.34375"
"2410682","0.25","0.25","0.25"
"2420614","0.28125","0.28125","0.28125"
"2420643","0.15625","0.15625","0.15625"
"2420656","0.375","0.375","0.375"
"2420664","0.25","0.25","0.25"
"2420667","0.125","0.125","0.125"
"2420682","0.25","0.25","0.25"
"2430609","0.375","0.375","0.375"
"2430616","0.28125","0.28125","0.28125"
"2430620","0.15625","0.15625","0.15625"
"2430627","0.203125","0.125","0.28125"
"2430631","0.28125","0.28125","0.28125"
"2440600","0.25","0.25","0.25"
"2440635","0.40625","0.40625","0.40625"
"2440643","0.25","0.25","0.25"
"2440648","0.34375","0.34375","0.34375"
"2440686","0.25","0.25","0.25"
"2440695","0.3125","0.3125","0.3125"
"2450619","0.21875","0.21875","0.21875"
"2450622","0.3125","0.3125","0.3125"
"2450630","0.28125","0.28125","0.28125"
"2450645","0.1875","0.1875","0.1875"
"2450654","0.4375","0.4375","0.4375"
"2450667","0.4375","0.4375","0.4375"
"2460608","0.53125","0.53125","0.53125"
"2460615","0.25","0.25","0.25"
"2460627","0.25","0.25","0.25"
"2460629","0.3125","0.3125","0.3125"
"2460632","0.1875","0.1875","0.1875"
"2460640","0.21875","0.21875","0.21875"
"2470601","0.40625","0.40625","0.40625"
"2470612","0.1875","0.1875","0.1875"
"2470634","0.28125","0.28125","0.28125"
"2470642","0.21875","0.21875","0.21875"
"2470652","0.25","0.25","0.25"
"2470667","0.21875","0.21875","0.21875"
"2480603","0.3125","0.3125","0.3125"
"2480610","0.28125","0.28125","0.28125"
"2480612","0.40625","0.40625","0.40625"
"2480628","0.125","0.125","0.125"
"2480629","0.1875","0.1875","0.1875"
"2490604","0.28125","0.28125","0.28125"
"2490605","0.28125","0.28125","0.28125"
"2490620","0.3125","0.3125","0.3125"
"2490629","0.34375","0.34375","0.34375"
"2490664","0.15625","0.15625","0.15625"
"2490667","0.34375","0.34375","0.34375"
"2500603","0.125","0.125","0.125"
"2500604","0.1875","0.1875","0.1875"
"2500624","0.34375","0.34375","0.34375"
"2500632","0.15625","0.15625","0.15625"
"2500637","0.40625","0.40625","0.40625"
"2500663","0.34375","0.34375","0.34375"
"2510628","0.3125","0.3125","0.3125"
"2510638","0.1875","0.1875","0.1875"
"2510646","0.28125","0.25","0.3125"
"2510656","0.25","0.25","0.25"
"2510702","0.1875","0.1875","0.1875"
"2520603","0.28125","0.28125","0.28125"
"2520611","0.125","0.125","0.125"
"2520615","0.21875","0.21875","0.21875"
"2520616","0.25","0.25","0.25"
"2520624","0.28125","0.28125","0.28125"
"2520629","0.5625","0.5625","0.5625"
"2530611","0.15625","0.15625","0.15625"
"2530627","0.25","0.25","0.25"
"2530629","0.46875","0.46875","0.46875"
"2530641","0.28125","0.28125","0.28125"
"2530642","0.40625","0.40625","0.40625"
"2530652","0.25","0.25","0.25"
"2540600","0.21875","0.21875","0.21875"
"2540607","0.3125","0.3125","0.3125"
"2540608","0.28125","0.28125","0.28125"
"2540617","0.3125","0.3125","0.3125"
"2540680","0.28125","0.28125","0.28125"
"2540688","0.28125","0.28125","0.28125"
"2550609","0.3125","0.3125","0.3125"
"2550615","0.21875","0.21875","0.21875"
"2550632","0.3125","0.3125","0.3125"
"2550635","0.1875","0.1875","0.1875"
"2550638","0.46875","0.46875","0.46875"
"2550641","0.21875","0.21875","0.21875"
"2560606","0.3125","0.3125","0.3125"
"2560627","0.34375","0.34375","0.34375"
"2560633","0.375","0.375","0.375"
"2560641","0.5","0.5","0.5"
"2560643","0.25","0.25","0.25"
"2560648","0.25","0.25","0.25"
"2570609","0.34375","0.34375","0.34375"
"2570611","0.5","0.5","0.5"
"2570615","0.34375","0.34375","0.34375"
"2570622","0.21875","0.21875","0.21875"
"2570637","0.21875","0.21875","0.21875"
"2570650","0.46875","0.46875","0.46875"
"2580604","0.34375","0.34375","0.34375"
"2580626","0.28125","0.28125","0.28125"
"2580627","0.25","0.25","0.25"
"2580633","0.25","0.25","0.25"
"2580672","0.1875","0.1875","0.1875"
"2580684","0.4375","0.4375","0.4375"
"2590603","0.21875","0.21875","0.21875"
"2590605","0.375","0.375","0.375"
"2590618","0.21875","0.21875","0.21875"
"2590624","0.25","0.25","0.25"
"2590625","0.21875","0.21875","0.21875"
"2590679","0.28125","0.28125","0.28125"
"2600603","0.3125","0.3125","0.3125"
"2600604","0.3125","0.3125","0.3125"
"2600608","0.28125","0.28125","0.28125"
"2600613","0.34375","0.34375","0.34375"
"2600622","0.28125","0.28125","0.28125"
"2600632","0.28125","0.28125","0.28125"
"2610600","0.1875","0.1875","0.1875"
"2610614","0.1875","0.1875","0.1875"
"2610630","0.40625","0.40625","0.40625"
"2610637","0.25","0.25","0.25"
"2610687","0.3125","0.3125","0.3125"
"2610700","0.28125","0.28125","0.28125"
"2620604","0.28125","0.28125","0.28125"
"2620615","0.28125","0.28125","0.28125"
"2620621","0.375","0.375","0.375"
"2620631","0.4375","0.4375","0.4375"
"2620632","0.28125","0.28125","0.28125"
"2620650","0.1875","0.1875","0.1875"
"2630609","0.3125","0.3125","0.3125"
"2630621","0.1875","0.1875","0.1875"
"2630629","0.3125","0.3125","0.3125"
"2630635","0.1875","0.1875","0.1875"
"2630637","0.40625","0.40625","0.40625"
"2630692","0.21875","0.21875","0.21875"
"2640610","0.375","0.375","0.375"
"2640611","0.3125","0.3125","0.3125"
"2640618","0.28125","0.28125","0.28125"
"2640631","0.3125","0.3125","0.3125"
"2640661","0.21875","0.21875","0.21875"
"2640672","0.25","0.25","0.25"
"2650601","0.25","0.25","0.25"
"2650620","0.1875","0.1875","0.1875"
"2650633","0.28125","0.28125","0.28125"
"2650647","0.25","0.25","0.25"
"2650659","0.25","0.25","0.25"
"2650683","0.34375","0.34375","0.34375"
"2660600","0.375","0.375","0.375"
"2660601","0.3125","0.3125","0.3125"
"2660621","0.15625","0.15625","0.15625"
"2660673","0.125","0.125","0.125"
"2660677","0.3125","0.3125","0.3125"
"2660708","0.25","0.25","0.25"
"2670600","0.25","0.25","0.25"
"2670604","0.1875","0.1875","0.1875"
"2670618","0.46875","0.46875","0.46875"
"2670620","0.25","0.25","0.25"
"2670657","0.34375","0.34375","0.34375"
"2670665","0.34375","0.34375","0.34375"
"2680606","0.25","0.25","0.25"
"2680637","0.28125","0.28125","0.28125"
"2680639","0.25","0.25","0.25"
"2680649","0.375","0.375","0.375"
"2680672","0.40625","0.40625","0.40625"
"2680687","0.125","0.125","0.125"
"2690617","0.375","0.375","0.375"
"2690631","0.25","0.25","0.25"
"2690633","0.0625","0.0625","0.0625"
"2690645","0.3125","0.3125","0.3125"
"2690661","0.21875","0.21875","0.21875"
"2690664","0.34375","0.34375","0.34375"
"2700600","0.1875","0.1875","0.1875"
"2700607","0.28125","0.28125","0.28125"
"2700610","0.25","0.25","0.25"
"2700616","0.3125","0.3125","0.3125"
"2700629","0.34375","0.34375","0.34375"
"2700647","0.21875","0.21875","0.21875"
"2710608","0.28125","0.28125","0.28125"
"2710636","0.25","0.25","0.25"
"2710639","0.4375","0.4375","0.4375"
"2710640","0.375","0.375","0.375"
"2710652","0.265625","0.21875","0.3125"
"2720612","0.34375","0.34375","0.34375"
"2720619","0.15625","0.15625","0.15625"
"2720620","0.28125","0.28125","0.28125"
"2720637","0.21875","0.21875","0.21875"
"2720642","0.15625","0.15625","0.15625"
"2720650","0.34375","0.34375","0.34375"
"2730605","0.4375","0.4375","0.4375"
"2730611","0.3125","0.3125","0.3125"
"2730612","0.4375","0.4375","0.4375"
"2730622","0.09375","0.09375","0.09375"
"2730669","0.375","0.375","0.375"
"2730684","0.28125","0.28125","0.28125"
"2740625","0.25","0.25","0.25"
"2740626","0.28125","0.28125","0.28125"
"2740630","0.40625","0.40625","0.40625"
"2740639","0.5","0.5","0.5"
"2740645","0.21875","0.21875","0.21875"
"2740667","0.21875","0.21875","0.21875"
"2750604","0.21875","0.21875","0.21875"
"2750614","0.46875","0.46875","0.46875"
"2750626","0.125","0.125","0.125"
"2750640","0.375","0.375","0.375"
"2750651","0.46875","0.46875","0.46875"
"2750666","0.3125","0.3125","0.3125"
"2760603","0.25","0.25","0.25"
"2760632","0.21875","0.21875","0.21875"
"2760638","0.3125","0.3125","0.3125"
"2760641","0.15625","0.15625","0.15625"
"2760643","0.375","0.375","0.375"
"2760654","0.21875","0.21875","0.21875"
"2770616","0.3125","0.3125","0.3125"
"2770624","0.21875","0.21875","0.21875"
"2770626","0.34375","0.34375","0.34375"
"2770627","0.40625","0.40625","0.40625"
"2770656","0.53125","0.53125","0.53125"
"2770657","0.34375","0.34375","0.34375"
"2780601","0.25","0.25","0.25"
"2780603","0.21875","0.21875","0.21875"
"2780617","0.1875","0.1875","0.1875"
"2780624","0.1875","0.1875","0.1875"
"2780632","0.21875","0.21875","0.21875"
"2780665","0.375","0.375","0.375"
"2790617","0.21875","0.21875","0.21875"
"2790618","0.1875","0.1875","0.1875"
"2790619","0.375","0.375","0.375"
"2790639","0.25","0.25","0.25"
"2790653","0.1875","0.1875","0.1875"
"2790664","0.375","0.375","0.375"
"2800625","0.3125","0.3125","0.3125"
"2800626","0.34375","0.34375","0.34375"
"2800632","0.25","0.25","0.25"
"2800649","0.125","0.125","0.125"
"2800657","0.28125","0.28125","0.28125"
"2800785","0.3125","0.3125","0.3125"
"2810608","0.15625","0.15625","0.15625"
"2810622","0.4375","0.4375","0.4375"
"2810626","0.25","0.25","0.25"
"2810631","0.3125","0.3125","0.3125"
"2810634","0.25","0.25","0.25"
"2810636","0.28125","0.28125","0.28125"
"2820605","0.3125","0.3125","0.3125"
"2820606","0.40625","0.40625","0.40625"
"2820623","0.4375","0.4375","0.4375"
"2820625","0.4375","0.4375","0.4375"
"2820635","0.25","0.25","0.25"
"2820650","0.125","0.125","0.125"
"2830601","0.21875","0.1875","0.25"
"2830603","0.25","0.25","0.25"
"2830619","0.15625","0.15625","0.15625"
"2830651","0.375","0.375","0.375"
"2830652","0.3125","0.3125","0.3125"
"2840609","0.1875","0.1875","0.1875"
"2840615","0.25","0.25","0.25"
"2840640","0.46875","0.46875","0.46875"
"2840654","0.4375","0.4375","0.4375"
"2840670","0.28125","0.28125","0.28125"
"2840677","0.21875","0.21875","0.21875"
"2850605","0.34375","0.34375","0.34375"
"2850624","0.25","0.25","0.25"
"2850638","0.28125","0.28125","0.28125"
"2850643","0.375","0.375","0.375"
"2850657","0.34375","0.34375","0.34375"
"2860609","0.28125","0.28125","0.28125"
"2860610","0.34375","0.34375","0.34375"
"2860622","0.1875","0.1875","0.1875"
"2860624","0.28125","0.28125","0.28125"
"2860635","0.5","0.5","0.5"
"2860666","0.1875","0.1875","0.1875"
"2870614","0.375","0.375","0.375"
"2870620","0.53125","0.53125","0.53125"
"2870641","0.34375","0.34375","0.34375"
"2870642","0.28125","0.28125","0.28125"
"2870662","0.25","0.25","0.25"
"2870739","0.34375","0.34375","0.34375"
"2880615","0.34375","0.34375","0.34375"
"2880618","0.15625","0.15625","0.15625"
"2880620","0.3125","0.3125","0.3125"
"2880641","0.28125","0.28125","0.28125"
"2880645","0.3125","0.3125","0.3125"
"2890600","0.09375","0.09375","0.09375"
"2890604","0.1875","0.1875","0.1875"
"2890619","0.4375","0.4375","0.4375"
"2890631","0.34375","0.34375","0.34375"
"2890632","0.21875","0.21875","0.21875"
"2890634","0.28125","0.28125","0.28125"
"2900606","0.34375","0.34375","0.34375"
"2900630","0.3125","0.28125","0.34375"
"2900653","0.3125","0.3125","0.3125"
"2900655","0.203125","0.15625","0.25"
"2910606","0.34375","0.34375","0.34375"
"2910619","0.25","0.25","0.25"
"2910631","0.34375","0.34375","0.34375"
"2910636","0.375","0.375","0.375"
"2910638","0.34375","0.34375","0.34375"
"2910665","0.3125","0.3125","0.3125"
"2920607","0.21875","0.21875","0.21875"
"2920610","0.3125","0.3125","0.3125"
"2920615","0.375","0.375","0.375"
"2920620","0.25","0.25","0.25"
"2920627","0.5","0.5","0.5"
"2920656","0.25","0.25","0.25"
"2930603","0.3125","0.3125","0.3125"
"2930624","0.28125","0.28125","0.28125"
"2930633","0.3125","0.3125","0.3125"
"2930634","0.1875","0.1875","0.1875"
"2930636","0.4375","0.4375","0.4375"
"2930639","0.40625","0.40625","0.40625"
"2940602","0.25","0.25","0.25"
"2940604","0.28125","0.28125","0.28125"
"2940614","0.34375","0.34375","0.34375"
"2940627","0.15625","0.15625","0.15625"
"2940629","0.34375","0.34375","0.34375"
"2940646","0.25","0.25","0.25"
"2950602","0.28125","0.28125","0.28125"
"2950611","0.25","0.25","0.25"
"2950626","0.21875","0.21875","0.21875"
"2950630","0.15625","0.15625","0.15625"
"2950706","0.34375","0.34375","0.34375"
"2950746","0.40625","0.40625","0.40625"
"2960613","0.25","0.25","0.25"
"2960614","0.28125","0.28125","0.28125"
"2960620","0.1875","0.1875","0.1875"
"2960629","0.21875","0.21875","0.21875"
"2960630","0.34375","0.34375","0.34375"
"2960650","0.25","0.25","0.25"
"2970605","0.34375","0.34375","0.34375"
"2970618","0.3125","0.3125","0.3125"
"2970627","0.34375","0.34375","0.34375"
"2970637","0.25","0.25","0.25"
"2970654","0.40625","0.40625","0.40625"
"2970685","0.1875","0.1875","0.1875"
"2980611","0.25","0.25","0.25"
"2980616","0.3125","0.3125","0.3125"
"2980620","0.28125","0.1875","0.375"
"2980626","0.15625","0.15625","0.15625"
"2980707","0.25","0.25","0.25"
"2990614","0.1875","0.1875","0.1875"
"2990622","0.21875","0.21875","0.21875"
"2990627","0.15625","0.15625","0.15625"
"2990629","0.25","0.25","0.25"
"2990637","0.34375","0.34375","0.34375"
"2990643","0.25","0.25","0.25"
"3000600","0.25","0.25","0.25"
"3000609","0.375","0.375","0.375"
"3000623","0.28125","0.28125","0.28125"
"3000644","0.375","0.375","0.375"
"3000649","0.28125","0.28125","0.28125"
"3000726","0.28125","0.28125","0.28125"