"Step","Group: protoss_5_vs_5_QMIX - win_rate","Group: protoss_5_vs_5_QMIX - win_rate__MIN","Group: protoss_5_vs_5_QMIX - win_rate__MAX"
"0","0","0","0"
"10003","0","0","0"
"10009","0","0","0"
"10015","0.03125","0","0.0625"
"10020","0","0","0"
"10034","0","0","0"
"20010","0.0625","0.0625","0.0625"
"20016","0.0625","0.0625","0.0625"
"20018","0.0625","0.0625","0.0625"
"20040","0.03125","0.03125","0.03125"
"20041","0.03125","0.03125","0.03125"
"20048","0.03125","0.03125","0.03125"
"30002","0","0","0"
"30004","0.03125","0.03125","0.03125"
"30007","0.0625","0.0625","0.0625"
"30037","0.03125","0.03125","0.03125"
"30038","0","0","0"
"30046","0.03125","0.03125","0.03125"
"40009","0.09375","0.09375","0.09375"
"40013","0","0","0"
"40022","0.0625","0.0625","0.0625"
"40032","0.03125","0.03125","0.03125"
"40036","0","0","0"
"40042","0","0","0"
"50001","0.15625","0.15625","0.15625"
"50004","0.0625","0.03125","0.09375"
"50017","0.03125","0.03125","0.03125"
"50020","0.09375","0.09375","0.09375"
"50025","0.0625","0.0625","0.0625"
"60001","0.09375","0.09375","0.09375"
"60014","0.03125","0.03125","0.03125"
"60015","0.03125","0.03125","0.03125"
"60020","0","0","0"
"60033","0.0625","0.0625","0.0625"
"60036","0.0625","0.0625","0.0625"
"70000","0.09375","0.09375","0.09375"
"70012","0.03125","0.03125","0.03125"
"70014","0.09375","0.09375","0.09375"
"70031","0.125","0.125","0.125"
"70038","0.03125","0.03125","0.03125"
"70083","0.03125","0.03125","0.03125"
"80000","0.0625","0.0625","0.0625"
"80016","0","0","0"
"80024","0.03125","0.03125","0.03125"
"80031","0.15625","0.15625","0.15625"
"80035","0.03125","0.03125","0.03125"
"80045","0.03125","0.03125","0.03125"
"90003","0.15625","0.15625","0.15625"
"90009","0.03125","0.03125","0.03125"
"90013","0.0625","0.0625","0.0625"
"90015","0.09375","0.09375","0.09375"
"90034","0.03125","0.03125","0.03125"
"90073","0.0625","0.0625","0.0625"
"100004","0","0","0"
"100015","0","0","0"
"100039","0.125","0.125","0.125"
"100046","0.125","0.125","0.125"
"100051","0.03125","0.03125","0.03125"
"100075","0.15625","0.15625","0.15625"
"110009","0.0625","0","0.125"
"110019","0.03125","0.03125","0.03125"
"110022","0.0625","0.0625","0.0625"
"110031","0.03125","0.03125","0.03125"
"110044","0.09375","0.09375","0.09375"
"120003","0.0625","0.0625","0.0625"
"120012","0.03125","0.03125","0.03125"
"120016","0.0625","0.0625","0.0625"
"120022","0.03125","0.03125","0.03125"
"120027","0.0625","0.0625","0.0625"
"120036","0.125","0.125","0.125"
"130002","0.03125","0.03125","0.03125"
"130003","0.09375","0.09375","0.09375"
"130036","0.09375","0.09375","0.09375"
"130046","0","0","0"
"130070","0.0625","0.0625","0.0625"
"130075","0","0","0"
"140007","0.09375","0.09375","0.09375"
"140012","0.03125","0.03125","0.03125"
"140024","0.03125","0.03125","0.03125"
"140037","0.1875","0.1875","0.1875"
"140057","0.0625","0.0625","0.0625"
"140062","0.0625","0.0625","0.0625"
"150002","0.0625","0.0625","0.0625"
"150011","0.09375","0.09375","0.09375"
"150021","0.03125","0.03125","0.03125"
"150034","0","0","0"
"150035","0.0625","0.0625","0.0625"
"150053","0.125","0.125","0.125"
"160002","0.03125","0.03125","0.03125"
"160005","0.15625","0.15625","0.15625"
"160022","0.15625","0.15625","0.15625"
"160037","0.0625","0.0625","0.0625"
"160039","0.0625","0.0625","0.0625"
"160044","0.0625","0.0625","0.0625"
"170004","0","0","0"
"170007","0.15625","0.15625","0.15625"
"170011","0.09375","0.09375","0.09375"
"170019","0.0625","0.0625","0.0625"
"170020","0.03125","0.03125","0.03125"
"170040","0.03125","0.03125","0.03125"
"180019","0.09375","0.09375","0.09375"
"180022","0.09375","0.09375","0.09375"
"180028","0.0625","0.0625","0.0625"
"180039","0.125","0.125","0.125"
"180041","0.125","0.125","0.125"
"180042","0.03125","0.03125","0.03125"
"190009","0","0","0"
"190025","0.125","0.125","0.125"
"190027","0.125","0.125","0.125"
"190028","0.03125","0.03125","0.03125"
"190036","0.125","0.125","0.125"
"190054","0.125","0.125","0.125"
"200012","0.0625","0.0625","0.0625"
"200040","0.09375","0.09375","0.09375"
"200044","0.09375","0.09375","0.09375"
"200051","0.0625","0.0625","0.0625"
"200055","0.09375","0.09375","0.09375"
"200065","0","0","0"
"210026","0.03125","0.03125","0.03125"
"210034","0.109375","0.09375","0.125"
"210035","0.125","0.125","0.125"
"210051","0.03125","0.03125","0.03125"
"210073","0.0625","0.0625","0.0625"
"220023","0.125","0.125","0.125"
"220027","0.0625","0.0625","0.0625"
"220028","0.03125","0.03125","0.03125"
"220032","0.09375","0.09375","0.09375"
"220035","0.125","0.125","0.125"
"220054","0.03125","0.03125","0.03125"
"230007","0.0625","0.0625","0.0625"
"230009","0.03125","0.03125","0.03125"
"230023","0.03125","0.03125","0.03125"
"230053","0.09375","0.09375","0.09375"
"230056","0.09375","0.09375","0.09375"
"230064","0.1875","0.1875","0.1875"
"240017","0.09375","0.09375","0.09375"
"240019","0.21875","0.21875","0.21875"
"240021","0.109375","0.09375","0.125"
"240023","0.03125","0.03125","0.03125"
"240032","0.03125","0.03125","0.03125"
"250009","0","0","0"
"250017","0.15625","0.15625","0.15625"
"250023","0.125","0.125","0.125"
"250024","0.03125","0.03125","0.03125"
"250060","0.25","0.25","0.25"
"250069","0.09375","0.09375","0.09375"
"260005","0.03125","0.03125","0.03125"
"260014","0","0","0"
"260016","0.125","0.125","0.125"
"260017","0.125","0.125","0.125"
"260033","0.15625","0.15625","0.15625"
"260041","0.09375","0.09375","0.09375"
"270003","0.0625","0.0625","0.0625"
"270004","0.15625","0.15625","0.15625"
"270027","0.09375","0.09375","0.09375"
"270039","0.0625","0.0625","0.0625"
"270050","0.09375","0.09375","0.09375"
"270070","0.15625","0.15625","0.15625"
"280001","0.25","0.25","0.25"
"280003","0.0625","0.0625","0.0625"
"280010","0","0","0"
"280018","0.09375","0.09375","0.09375"
"280028","0.0625","0.0625","0.0625"
"280044","0.09375","0.09375","0.09375"
"290016","0.0625","0.0625","0.0625"
"290037","0.0625","0.0625","0.0625"
"290042","0.0625","0.0625","0.0625"
"290050","0.03125","0.03125","0.03125"
"290069","0.09375","0.09375","0.09375"
"290078","0.15625","0.15625","0.15625"
"300018","0","0","0"
"300027","0.0625","0.0625","0.0625"
"300028","0.125","0.125","0.125"
"300029","0.03125","0.03125","0.03125"
"300030","0.0625","0.0625","0.0625"
"300053","0.03125","0.03125","0.03125"
"310000","0","0","0"
"310005","0.21875","0.21875","0.21875"
"310006","0","0","0"
"310024","0.09375","0.09375","0.09375"
"310033","0.125","0.125","0.125"
"310060","0.21875","0.21875","0.21875"
"320004","0.09375","0.09375","0.09375"
"320023","0.0625","0.0625","0.0625"
"320025","0.0625","0.0625","0.0625"
"320035","0.09375","0.09375","0.09375"
"320043","0.09375","0.09375","0.09375"
"320063","0.0625","0.0625","0.0625"
"330001","0.140625","0.09375","0.1875"
"330004","0.09375","0.09375","0.09375"
"330035","0.125","0.125","0.125"
"330040","0.09375","0.09375","0.09375"
"330050","0.0625","0.0625","0.0625"
"340007","0.1875","0.1875","0.1875"
"340022","0.09375","0.09375","0.09375"
"340024","0.28125","0.28125","0.28125"
"340045","0.140625","0.09375","0.1875"
"340082","0.09375","0.09375","0.09375"
"350025","0.109375","0.09375","0.125"
"350032","0.09375","0.09375","0.09375"
"350034","0.25","0.25","0.25"
"350043","0.09375","0.09375","0.09375"
"350045","0.1875","0.1875","0.1875"
"360008","0.0625","0.0625","0.0625"
"360025","0.21875","0.21875","0.21875"
"360026","0.09375","0.09375","0.09375"
"360027","0.0625","0.0625","0.0625"
"360033","0.15625","0.15625","0.15625"
"360046","0.03125","0.03125","0.03125"
"370023","0.15625","0.15625","0.15625"
"370030","0.125","0.125","0.125"
"370035","0.09375","0.09375","0.09375"
"370044","0.09375","0.09375","0.09375"
"370053","0.09375","0.09375","0.09375"
"370056","0.1875","0.1875","0.1875"
"380000","0.03125","0.03125","0.03125"
"380006","0.125","0.125","0.125"
"380007","0.0625","0.0625","0.0625"
"380015","0.03125","0.03125","0.03125"
"380038","0.1875","0.1875","0.1875"
"380100","0.1875","0.1875","0.1875"
"390003","0.15625","0.15625","0.15625"
"390004","0.09375","0.09375","0.09375"
"390024","0.125","0.125","0.125"
"390040","0.125","0.125","0.125"
"390041","0.125","0.125","0.125"
"390165","0.125","0.125","0.125"
"400002","0.125","0.125","0.125"
"400019","0.125","0.125","0.125"
"400021","0.09375","0.09375","0.09375"
"400026","0.0625","0.0625","0.0625"
"400045","0.1875","0.1875","0.1875"
"400051","0.03125","0.03125","0.03125"
"410021","0.125","0.125","0.125"
"410026","0.1875","0.1875","0.1875"
"410039","0.15625","0.15625","0.15625"
"410051","0.1875","0.1875","0.1875"
"410053","0.125","0.125","0.125"
"410065","0.25","0.25","0.25"
"420001","0.1875","0.1875","0.1875"
"420009","0.0625","0.0625","0.0625"
"420023","0.09375","0.09375","0.09375"
"420026","0.0625","0.0625","0.0625"
"420027","0.375","0.375","0.375"
"420048","0.15625","0.15625","0.15625"
"430003","0.1875","0.1875","0.1875"
"430028","0.125","0.125","0.125"
"430029","0.03125","0.03125","0.03125"
"430030","0.125","0.125","0.125"
"430034","0.09375","0.09375","0.09375"
"430037","0.03125","0.03125","0.03125"
"440002","0.1875","0.1875","0.1875"
"440012","0.21875","0.21875","0.21875"
"440016","0.15625","0.15625","0.15625"
"440036","0.125","0.125","0.125"
"440041","0.15625","0.15625","0.15625"
"440053","0","0","0"
"450001","0.203125","0.09375","0.3125"
"450020","0.09375","0.09375","0.09375"
"450023","0.0625","0.0625","0.0625"
"450037","0","0","0"
"450040","0.125","0.125","0.125"
"460013","0.28125","0.28125","0.28125"
"460025","0.15625","0.15625","0.15625"
"460029","0.125","0.125","0.125"
"460036","0.09375","0.09375","0.09375"
"460042","0.125","0.125","0.125"
"460053","0.09375","0.09375","0.09375"
"470006","0.125","0.125","0.125"
"470008","0.21875","0.21875","0.21875"
"470015","0.1875","0.1875","0.1875"
"470028","0.1875","0.1875","0.1875"
"470029","0.21875","0.21875","0.21875"
"470041","0.125","0.125","0.125"
"480002","0.1875","0.1875","0.1875"
"480006","0.28125","0.28125","0.28125"
"480018","0.09375","0.09375","0.09375"
"480029","0.15625","0.15625","0.15625"
"480039","0.09375","0.09375","0.09375"
"480053","0.25","0.25","0.25"
"490002","0.21875","0.21875","0.21875"
"490012","0.03125","0.03125","0.03125"
"490015","0.1875","0.1875","0.1875"
"490016","0","0","0"
"490024","0.0625","0.0625","0.0625"
"490066","0.03125","0.03125","0.03125"
"500012","0.15625","0.15625","0.15625"
"500029","0.21875","0.21875","0.21875"
"500039","0.09375","0.09375","0.09375"
"500047","0.0625","0.0625","0.0625"
"500052","0.1875","0.1875","0.1875"
"500060","0.15625","0.15625","0.15625"
"510011","0.0625","0.0625","0.0625"
"510026","0.15625","0.15625","0.15625"
"510042","0.1875","0.1875","0.1875"
"510048","0.09375","0.09375","0.09375"
"510052","0.15625","0.15625","0.15625"
"510055","0.1875","0.1875","0.1875"
"520009","0.125","0.125","0.125"
"520014","0.125","0.125","0.125"
"520031","0.15625","0.15625","0.15625"
"520032","0.25","0.25","0.25"
"520035","0.125","0.125","0.125"
"520059","0.09375","0.09375","0.09375"
"530000","0.03125","0.03125","0.03125"
"530011","0.21875","0.21875","0.21875"
"530012","0.09375","0.09375","0.09375"
"530013","0.21875","0.21875","0.21875"
"530021","0.125","0.125","0.125"
"530046","0.125","0.125","0.125"
"540003","0.09375","0.09375","0.09375"
"540015","0.28125","0.28125","0.28125"
"540019","0.125","0.125","0.125"
"540024","0.28125","0.28125","0.28125"
"540025","0.15625","0.15625","0.15625"
"540038","0.25","0.25","0.25"
"550005","0.21875","0.21875","0.21875"
"550009","0.125","0.125","0.125"
"550015","0.21875","0.21875","0.21875"
"550026","0.1875","0.1875","0.1875"
"550062","0.1875","0.1875","0.1875"
"550065","0.1875","0.1875","0.1875"
"560019","0.0625","0.0625","0.0625"
"560026","0.21875","0.21875","0.21875"
"560032","0.1875","0.1875","0.1875"
"560041","0.1875","0.1875","0.1875"
"560060","0.03125","0.03125","0.03125"
"560063","0.125","0.125","0.125"
"570008","0.15625","0.125","0.1875"
"570025","0.09375","0.09375","0.09375"
"570030","0.21875","0.21875","0.21875"
"570042","0.15625","0.15625","0.15625"
"570052","0.15625","0.15625","0.15625"
"580001","0.15625","0.15625","0.15625"
"580005","0.21875","0.21875","0.21875"
"580017","0.25","0.25","0.25"
"580026","0.125","0.125","0.125"
"580029","0.125","0.125","0.125"
"580044","0.15625","0.15625","0.15625"
"590015","0.125","0.125","0.125"
"590030","0.25","0.25","0.25"
"590036","0.09375","0.09375","0.09375"
"590040","0.15625","0.15625","0.15625"
"590048","0.03125","0.03125","0.03125"
"590054","0.125","0.125","0.125"
"600003","0.21875","0.21875","0.21875"
"600007","0.09375","0.09375","0.09375"
"600012","0.1875","0.1875","0.1875"
"600037","0.15625","0.15625","0.15625"
"600055","0.1875","0.1875","0.1875"
"600056","0.15625","0.15625","0.15625"
"610009","0.0625","0.0625","0.0625"
"610012","0.09375","0.09375","0.09375"
"610020","0.25","0.25","0.25"
"610054","0.25","0.25","0.25"
"610060","0.21875","0.21875","0.21875"
"610085","0.28125","0.28125","0.28125"
"620009","0.1875","0.1875","0.1875"
"620014","0.0625","0.0625","0.0625"
"620022","0.09375","0.09375","0.09375"
"620027","0.21875","0.21875","0.21875"
"620036","0.34375","0.34375","0.34375"
"620046","0.25","0.25","0.25"
"630002","0.03125","0.03125","0.03125"
"630007","0.3125","0.3125","0.3125"
"630019","0.1875","0.1875","0.1875"
"630029","0.15625","0.15625","0.15625"
"630047","0.09375","0.09375","0.09375"
"630064","0.15625","0.15625","0.15625"
"640001","0.09375","0.09375","0.09375"
"640002","0.09375","0.09375","0.09375"
"640006","0.1875","0.1875","0.1875"
"640022","0.15625","0.15625","0.15625"
"640033","0.125","0.125","0.125"
"640037","0.25","0.25","0.25"
"650017","0.3125","0.3125","0.3125"
"650033","0.15625","0.15625","0.15625"
"650039","0.15625","0.15625","0.15625"
"650044","0.125","0.125","0.125"
"650053","0.15625","0.15625","0.15625"
"650055","0.15625","0.15625","0.15625"
"660006","0.25","0.25","0.25"
"660018","0.21875","0.21875","0.21875"
"660020","0.28125","0.28125","0.28125"
"660021","0.15625","0.15625","0.15625"
"660034","0.15625","0.15625","0.15625"
"660053","0.25","0.25","0.25"
"670003","0.21875","0.21875","0.21875"
"670006","0.21875","0.21875","0.21875"
"670015","0.15625","0.15625","0.15625"
"670016","0.15625","0.15625","0.15625"
"670037","0.09375","0.09375","0.09375"
"670045","0.21875","0.21875","0.21875"
"680001","0.125","0.125","0.125"
"680011","0.1875","0.1875","0.1875"
"680036","0.140625","0.125","0.15625"
"680044","0.09375","0.09375","0.09375"
"680072","0.09375","0.09375","0.09375"
"690003","0.25","0.25","0.25"
"690006","0.21875","0.21875","0.21875"
"690013","0.1875","0.1875","0.1875"
"690016","0.25","0.25","0.25"
"690036","0.125","0.125","0.125"
"690043","0.21875","0.21875","0.21875"
"700008","0.34375","0.34375","0.34375"
"700028","0.0625","0.0625","0.0625"
"700030","0.21875","0.21875","0.21875"
"700043","0.125","0.125","0.125"
"700069","0.0625","0.0625","0.0625"
"700085","0.34375","0.34375","0.34375"
"710001","0.15625","0.15625","0.15625"
"710010","0.15625","0.15625","0.15625"
"710027","0.15625","0.15625","0.15625"
"710046","0.09375","0.09375","0.09375"
"710052","0.125","0.125","0.125"
"710055","0.1875","0.1875","0.1875"
"720018","0.21875","0.21875","0.21875"
"720030","0.25","0.25","0.25"
"720031","0.15625","0.15625","0.15625"
"720032","0.15625","0.15625","0.15625"
"720060","0.3125","0.3125","0.3125"
"720065","0.125","0.125","0.125"
"730023","0.375","0.375","0.375"
"730033","0.09375","0.09375","0.09375"
"730043","0.125","0.125","0.125"
"730047","0.0625","0.0625","0.0625"
"730054","0.15625","0.15625","0.15625"
"730062","0.25","0.25","0.25"
"740008","0.15625","0.15625","0.15625"
"740009","0.21875","0.21875","0.21875"
"740013","0.1875","0.1875","0.1875"
"740025","0.125","0.125","0.125"
"740034","0.1875","0.1875","0.1875"
"740041","0.25","0.25","0.25"
"750012","0.171875","0.09375","0.25"
"750025","0.15625","0.15625","0.15625"
"750030","0.125","0.125","0.125"
"750032","0.15625","0.15625","0.15625"
"750040","0.25","0.25","0.25"
"760004","0.1875","0.1875","0.1875"
"760022","0.25","0.21875","0.28125"
"760039","0.25","0.25","0.25"
"760045","0.21875","0.21875","0.21875"
"760069","0.34375","0.34375","0.34375"
"770005","0.25","0.25","0.25"
"770018","0.3125","0.3125","0.3125"
"770019","0.40625","0.40625","0.40625"
"770024","0.1875","0.1875","0.1875"
"770029","0.09375","0.09375","0.09375"
"770055","0.25","0.25","0.25"
"780005","0.25","0.25","0.25"
"780019","0.15625","0.15625","0.15625"
"780046","0.15625","0.15625","0.15625"
"780048","0.1875","0.1875","0.1875"
"780061","0.40625","0.40625","0.40625"
"780073","0.25","0.25","0.25"
"790002","0.125","0.125","0.125"
"790006","0.15625","0.15625","0.15625"
"790016","0.1875","0.1875","0.1875"
"790042","0.28125","0.28125","0.28125"
"790043","0.25","0.25","0.25"
"790059","0.1875","0.1875","0.1875"
"800002","0.25","0.25","0.25"
"800008","0.15625","0.15625","0.15625"
"800031","0.25","0.25","0.25"
"800034","0.25","0.25","0.25"
"800037","0.125","0.125","0.125"
"800038","0.21875","0.21875","0.21875"
"810005","0.28125","0.28125","0.28125"
"810011","0.09375","0.09375","0.09375"
"810023","0.25","0.25","0.25"
"810027","0.15625","0.15625","0.15625"
"810028","0.34375","0.34375","0.34375"
"810050","0.15625","0.15625","0.15625"
"820027","0.25","0.25","0.25"
"820029","0.265625","0.15625","0.375"
"820032","0.25","0.25","0.25"
"820049","0.1875","0.1875","0.1875"
"820092","0.1875","0.1875","0.1875"
"830003","0.03125","0.03125","0.03125"
"830011","0.140625","0.125","0.15625"
"830014","0.09375","0.09375","0.09375"
"830071","0.125","0.125","0.125"
"830076","0.21875","0.21875","0.21875"
"840006","0.125","0.125","0.125"
"840023","0.25","0.25","0.25"
"840039","0.125","0.125","0.125"
"840040","0.21875","0.21875","0.21875"
"840043","0.1875","0.1875","0.1875"
"840052","0.15625","0.15625","0.15625"
"850018","0.125","0.125","0.125"
"850023","0.21875","0.21875","0.21875"
"850030","0.28125","0.28125","0.28125"
"850042","0.09375","0.09375","0.09375"
"850052","0.09375","0.09375","0.09375"
"850054","0.21875","0.21875","0.21875"
"860011","0.34375","0.34375","0.34375"
"860016","0.21875","0.21875","0.21875"
"860020","0.25","0.25","0.25"
"860028","0.21875","0.21875","0.21875"
"860031","0.09375","0.09375","0.09375"
"860045","0.40625","0.40625","0.40625"
"870016","0.15625","0.15625","0.15625"
"870033","0.21875","0.21875","0.21875"
"870035","0.28125","0.28125","0.28125"
"870053","0.21875","0.21875","0.21875"
"870060","0.1875","0.1875","0.1875"
"870102","0.25","0.25","0.25"
"880002","0.09375","0.09375","0.09375"
"880003","0.25","0.25","0.25"
"880005","0.40625","0.40625","0.40625"
"880018","0.125","0.125","0.125"
"880037","0.125","0.125","0.125"
"880043","0.3125","0.3125","0.3125"
"890013","0.15625","0.15625","0.15625"
"890015","0.21875","0.21875","0.21875"
"890018","0.34375","0.34375","0.34375"
"890024","0.1875","0.1875","0.1875"
"890040","0.34375","0.34375","0.34375"
"890046","0.15625","0.15625","0.15625"
"900003","0.21875","0.21875","0.21875"
"900009","0.28125","0.28125","0.28125"
"900027","0.25","0.25","0.25"
"900045","0.1875","0.1875","0.1875"
"900052","0.40625","0.40625","0.40625"
"900077","0.09375","0.09375","0.09375"
"910007","0.28125","0.28125","0.28125"
"910016","0.125","0.125","0.125"
"910020","0.34375","0.34375","0.34375"
"910046","0.125","0.125","0.125"
"910052","0.25","0.25","0.25"
"910054","0.375","0.375","0.375"
"920007","0.2708333333333333","0.21875","0.34375"
"920009","0.1875","0.1875","0.1875"
"920032","0.25","0.25","0.25"
"920060","0.21875","0.21875","0.21875"
"930001","0.25","0.25","0.25"
"930002","0.1875","0.1875","0.1875"
"930011","0.125","0.125","0.125"
"930013","0.125","0.125","0.125"
"930016","0.34375","0.34375","0.34375"
"930023","0.1875","0.1875","0.1875"
"940000","0.34375","0.34375","0.34375"
"940002","0.21875","0.21875","0.21875"
"940026","0.3125","0.3125","0.3125"
"940030","0.28125","0.28125","0.28125"
"940051","0.25","0.25","0.25"
"940086","0.1875","0.1875","0.1875"
"950008","0.25","0.15625","0.34375"
"950010","0.15625","0.15625","0.15625"
"950018","0.125","0.125","0.125"
"950029","0.28125","0.28125","0.28125"
"950035","0.25","0.25","0.25"
"960016","0.3125","0.3125","0.3125"
"960024","0.125","0.0625","0.1875"
"960032","0.0625","0.0625","0.0625"
"960055","0.21875","0.21875","0.21875"
"960066","0.28125","0.28125","0.28125"
"970006","0.28125","0.28125","0.28125"
"970025","0.21875","0.21875","0.21875"
"970031","0.3125","0.3125","0.3125"
"970036","0.28125","0.28125","0.28125"
"970046","0.21875","0.21875","0.21875"
"970068","0.15625","0.15625","0.15625"
"980007","0.25","0.25","0.25"
"980032","0.28125","0.28125","0.28125"
"980037","0.171875","0.15625","0.1875"
"980040","0.25","0.25","0.25"
"980047","0.3125","0.3125","0.3125"
"990028","0.28125","0.28125","0.28125"
"990033","0.15625","0.15625","0.15625"
"990035","0.15625","0.15625","0.15625"
"990037","0.21875","0.21875","0.21875"
"990051","0.1875","0.1875","0.1875"
"990056","0.21875","0.21875","0.21875"
"1000007","0.25","0.25","0.25"
"1000010","0.28125","0.28125","0.28125"
"1000024","0.21875","0.21875","0.21875"
"1000026","0.25","0.25","0.25"
"1000044","0.21875","0.21875","0.21875"
"1000053","0.15625","0.15625","0.15625"
"1010009","0.1875","0.1875","0.1875"
"1010018","0.234375","0.1875","0.28125"
"1010046","0.28125","0.28125","0.28125"
"1010047","0.28125","0.28125","0.28125"
"1010060","0.34375","0.34375","0.34375"
"1020015","0.21875","0.21875","0.21875"
"1020025","0.15625","0.15625","0.15625"
"1020034","0.28125","0.28125","0.28125"
"1020050","0.25","0.25","0.25"
"1020055","0.34375","0.34375","0.34375"
"1020056","0.21875","0.21875","0.21875"
"1030003","0.15625","0.15625","0.15625"
"1030010","0.1875","0.1875","0.1875"
"1030033","0.21875","0.21875","0.21875"
"1030034","0.28125","0.28125","0.28125"
"1030058","0.3125","0.3125","0.3125"
"1030067","0.25","0.25","0.25"
"1040014","0.34375","0.34375","0.34375"
"1040016","0.15625","0.15625","0.15625"
"1040038","0.3125","0.3125","0.3125"
"1040043","0.34375","0.34375","0.34375"
"1040044","0.375","0.375","0.375"
"1040066","0","0","0"
"1050016","0.25","0.25","0.25"
"1050017","0.25","0.25","0.25"
"1050039","0.34375","0.34375","0.34375"
"1050043","0.09375","0.09375","0.09375"
"1050049","0.21875","0.21875","0.21875"
"1050057","0.28125","0.28125","0.28125"
"1060019","0.28125","0.28125","0.28125"
"1060026","0.34375","0.34375","0.34375"
"1060047","0.21875","0.21875","0.21875"
"1060053","0.28125","0.28125","0.28125"
"1060065","0.1875","0.1875","0.1875"
"1060069","0.28125","0.28125","0.28125"
"1070009","0.28125","0.28125","0.28125"
"1070014","0.25","0.25","0.25"
"1070017","0.21875","0.21875","0.21875"
"1070043","0.125","0.125","0.125"
"1070061","0.28125","0.28125","0.28125"
"1070069","0.0625","0.0625","0.0625"
"1080005","0.40625","0.40625","0.40625"
"1080011","0.21875","0.21875","0.21875"
"1080041","0.3125","0.3125","0.3125"
"1080043","0.25","0.25","0.25"
"1080060","0.21875","0.21875","0.21875"
"1080064","0.34375","0.34375","0.34375"
"1090003","0.40625","0.40625","0.40625"
"1090012","0.3125","0.3125","0.3125"
"1090022","0.28125","0.28125","0.28125"
"1090044","0.125","0.125","0.125"
"1090064","0.15625","0.15625","0.15625"
"1090110","0.21875","0.21875","0.21875"
"1100014","0.28125","0.28125","0.28125"
"1100019","0.171875","0.09375","0.25"
"1100023","0.25","0.25","0.25"
"1100028","0.25","0.25","0.25"
"1100029","0.34375","0.34375","0.34375"
"1110021","0.34375","0.34375","0.34375"
"1110026","0.34375","0.34375","0.34375"
"1110035","0.125","0.125","0.125"
"1110040","0.21875","0.21875","0.21875"
"1110048","0.15625","0.15625","0.15625"
"1110075","0.34375","0.34375","0.34375"
"1120011","0.28125","0.28125","0.28125"
"1120018","0.21875","0.21875","0.21875"
"1120034","0.28125","0.28125","0.28125"
"1120038","0.234375","0.21875","0.25"
"1120052","0.28125","0.28125","0.28125"
"1130005","0.21875","0.21875","0.21875"
"1130034","0.21875","0.21875","0.21875"
"1130043","0.265625","0.1875","0.34375"
"1130047","0.28125","0.28125","0.28125"
"1130052","0.25","0.25","0.25"
"1140020","0.28125","0.28125","0.28125"
"1140029","0.15625","0.15625","0.15625"
"1140032","0.1875","0.15625","0.21875"
"1140046","0.34375","0.34375","0.34375"
"1140050","0.25","0.25","0.25"
"1150006","0.15625","0.15625","0.15625"
"1150011","0.125","0.125","0.125"
"1150023","0.21875","0.21875","0.21875"
"1150025","0.3125","0.3125","0.3125"
"1150027","0.125","0.125","0.125"
"1150054","0.21875","0.21875","0.21875"
"1160001","0.25","0.25","0.25"
"1160004","0.4375","0.4375","0.4375"
"1160025","0.125","0.125","0.125"
"1160027","0.28125","0.28125","0.28125"
"1160029","0.28125","0.28125","0.28125"
"1160032","0.3125","0.3125","0.3125"
"1170005","0.25","0.25","0.25"
"1170019","0.21875","0.21875","0.21875"
"1170024","0.3125","0.3125","0.3125"
"1170040","0.4375","0.4375","0.4375"
"1170043","0.125","0.125","0.125"
"1170049","0.25","0.25","0.25"
"1180019","0.09375","0.09375","0.09375"
"1180035","0.25","0.25","0.25"
"1180053","0.34375","0.34375","0.34375"
"1180060","0.09375","0.09375","0.09375"
"1180084","0.21875","0.21875","0.21875"
"1190003","0.25","0.25","0.25"
"1190009","0.28125","0.28125","0.28125"
"1190038","0.09375","0.09375","0.09375"
"1190053","0.28125","0.28125","0.28125"
"1190055","0.3125","0.3125","0.3125"
"1190061","0.34375","0.34375","0.34375"
"1200018","0.25","0.25","0.25"
"1200040","0.28125","0.28125","0.28125"
"1200041","0.25","0.25","0.25"
"1200046","0.1875","0.1875","0.1875"
"1200050","0.125","0.125","0.125"
"1200052","0.21875","0.21875","0.21875"
"1210017","0.1875","0.1875","0.1875"
"1210022","0.125","0.125","0.125"
"1210025","0.28125","0.28125","0.28125"
"1210026","0.21875","0.21875","0.21875"
"1210035","0.28125","0.28125","0.28125"
"1210044","0.25","0.25","0.25"
"1220012","0.1875","0.1875","0.1875"
"1220017","0.375","0.375","0.375"
"1220025","0.21875","0.21875","0.21875"
"1220027","0.125","0.125","0.125"
"1220033","0.25","0.25","0.25"
"1220054","0.1875","0.1875","0.1875"
"1230007","0.3125","0.3125","0.3125"
"1230011","0.375","0.375","0.375"
"1230012","0.375","0.375","0.375"
"1230021","0.25","0.25","0.25"
"1230039","0.1875","0.1875","0.1875"
"1230057","0.1875","0.1875","0.1875"
"1240008","0.125","0.125","0.125"
"1240010","0.375","0.375","0.375"
"1240014","0.15625","0.15625","0.15625"
"1240027","0.28125","0.28125","0.28125"
"1240029","0.28125","0.28125","0.28125"
"1240080","0.15625","0.15625","0.15625"
"1250013","0.375","0.375","0.375"
"1250027","0.28125","0.28125","0.28125"
"1250033","0.25","0.25","0.25"
"1250036","0.1875","0.1875","0.1875"
"1250037","0.3125","0.3125","0.3125"
"1250041","0.1875","0.1875","0.1875"
"1260006","0.3125","0.3125","0.3125"
"1260012","0.21875","0.21875","0.21875"
"1260019","0.21875","0.21875","0.21875"
"1260025","0.375","0.375","0.375"
"1260034","0.1875","0.1875","0.1875"
"1260050","0.1875","0.1875","0.1875"
"1270000","0.1875","0.1875","0.1875"
"1270016","0.15625","0.15625","0.15625"
"1270035","0.40625","0.40625","0.40625"
"1270043","0.21875","0.21875","0.21875"
"1270044","0.1875","0.1875","0.1875"
"1270054","0.25","0.25","0.25"
"1280027","0.21875","0.21875","0.21875"
"1280036","0.5","0.5","0.5"
"1280042","0.15625","0.15625","0.15625"
"1280047","0.34375","0.34375","0.34375"
"1280064","0.28125","0.28125","0.28125"
"1280078","0.4375","0.4375","0.4375"
"1290011","0.28125","0.28125","0.28125"
"1290020","0.3125","0.3125","0.3125"
"1290021","0.28125","0.28125","0.28125"
"1290025","0.40625","0.40625","0.40625"
"1290040","0.1875","0.1875","0.1875"
"1290046","0.21875","0.21875","0.21875"
"1300016","0.03125","0.03125","0.03125"
"1300025","0.21875","0.21875","0.21875"
"1300035","0.3125","0.3125","0.3125"
"1300038","0.25","0.25","0.25"
"1300049","0.1875","0.1875","0.1875"
"1300064","0.28125","0.28125","0.28125"
"1310013","0.28125","0.28125","0.28125"
"1310014","0.1875","0.1875","0.1875"
"1310017","0.3125","0.3125","0.3125"
"1310026","0.125","0.125","0.125"
"1310049","0.25","0.25","0.25"
"1310052","0.34375","0.34375","0.34375"
"1320004","0.21875","0.21875","0.21875"
"1320009","0.25","0.25","0.25"
"1320012","0.15625","0.15625","0.15625"
"1320014","0.25","0.25","0.25"
"1320024","0.125","0.125","0.125"
"1320042","0.1875","0.1875","0.1875"
"1330007","0.28125","0.28125","0.28125"
"1330009","0.3125","0.3125","0.3125"
"1330011","0.46875","0.46875","0.46875"
"1330021","0.21875","0.21875","0.21875"
"1330039","0.25","0.25","0.25"
"1330070","0.3125","0.3125","0.3125"
"1340009","0.15625","0.15625","0.15625"
"1340014","0.5","0.5","0.5"
"1340021","0.28125","0.28125","0.28125"
"1340040","0.328125","0.28125","0.375"
"1340044","0.15625","0.15625","0.15625"
"1350005","0.15625","0.15625","0.15625"
"1350018","0.28125","0.28125","0.28125"
"1350021","0.25","0.25","0.25"
"1350031","0.25","0.25","0.25"
"1350041","0.375","0.375","0.375"
"1350072","0.3125","0.3125","0.3125"
"1360002","0.21875","0.21875","0.21875"
"1360022","0.1875","0.1875","0.1875"
"1360024","0.28125","0.28125","0.28125"
"1360028","0.125","0.125","0.125"
"1360043","0.1875","0.1875","0.1875"
"1360044","0.375","0.375","0.375"
"1370024","0.1875","0.1875","0.1875"
"1370028","0.3125","0.3125","0.3125"
"1370033","0.28125","0.28125","0.28125"
"1370035","0.09375","0.09375","0.09375"
"1370051","0.25","0.25","0.25"
"1380009","0.3125","0.3125","0.3125"
"1380022","0.375","0.375","0.375"
"1380033","0.3125","0.3125","0.3125"
"1380037","0.03125","0.03125","0.03125"
"1380061","0.40625","0.40625","0.40625"
"1380064","0.34375","0.34375","0.34375"
"1390020","0.21875","0.21875","0.21875"
"1390025","0.15625","0.15625","0.15625"
"1390027","0.34375","0.34375","0.34375"
"1390038","0.25","0.25","0.25"
"1390056","0.1875","0.1875","0.1875"
"1390057","0.1875","0.1875","0.1875"
"1400019","0.375","0.375","0.375"
"1400035","0.34375","0.34375","0.34375"
"1400038","0.3125","0.3125","0.3125"
"1400046","0.3125","0.3125","0.3125"
"1400049","0.34375","0.34375","0.34375"
"1400068","0.21875","0.21875","0.21875"
"1410003","0.3125","0.3125","0.3125"
"1410005","0.1875","0.1875","0.1875"
"1410009","0.21875","0.21875","0.21875"
"1410034","0.34375","0.34375","0.34375"
"1410048","0.40625","0.40625","0.40625"
"1410049","0.34375","0.34375","0.34375"
"1420003","0.25","0.25","0.25"
"1420011","0.34375","0.34375","0.34375"
"1420024","0.1875","0.1875","0.1875"
"1420032","0.375","0.375","0.375"
"1420040","0.3125","0.3125","0.3125"
"1420041","0.25","0.25","0.25"
"1430013","0.0625","0.0625","0.0625"
"1430021","0.21875","0.21875","0.21875"
"1430026","0.1875","0.1875","0.1875"
"1430040","0.25","0.25","0.25"
"1430041","0.25","0.25","0.25"
"1430047","0.375","0.375","0.375"
"1440000","0.1875","0.1875","0.1875"
"1440022","0.53125","0.53125","0.53125"
"1440024","0.40625","0.40625","0.40625"
"1440028","0.28125","0.28125","0.28125"
"1440029","0.4375","0.4375","0.4375"
"1440058","0.28125","0.28125","0.28125"
"1450012","0.375","0.375","0.375"
"1450017","0.15625","0.15625","0.15625"
"1450018","0.28125","0.28125","0.28125"
"1450045","0.15625","0.15625","0.15625"
"1450062","0.40625","0.40625","0.40625"
"1450082","0.21875","0.21875","0.21875"
"1460010","0.28125","0.28125","0.28125"
"1460011","0.28125","0.28125","0.28125"
"1460019","0.21875","0.21875","0.21875"
"1460032","0.34375","0.34375","0.34375"
"1460042","0.3125","0.3125","0.3125"
"1460050","0.1875","0.1875","0.1875"
"1470003","0.40625","0.40625","0.40625"
"1470008","0.375","0.375","0.375"
"1470038","0.28125","0.28125","0.28125"
"1470041","0.25","0.25","0.25"
"1470046","0.21875","0.21875","0.21875"
"1470053","0.3125","0.3125","0.3125"
"1480018","0.328125","0.28125","0.375"
"1480026","0.3125","0.3125","0.3125"
"1480030","0.21875","0.21875","0.21875"
"1480043","0.28125","0.28125","0.28125"
"1480052","0.28125","0.28125","0.28125"
"1490032","0.1875","0.1875","0.1875"
"1490039","0.46875","0.46875","0.46875"
"1490046","0.375","0.375","0.375"
"1490052","0.34375","0.34375","0.34375"
"1490060","0.4375","0.4375","0.4375"
"1490063","0.28125","0.28125","0.28125"
"1500011","0.4375","0.4375","0.4375"
"1500020","0.34375","0.34375","0.34375"
"1500023","0.3125","0.3125","0.3125"
"1500025","0.34375","0.34375","0.34375"
"1500037","0.3125","0.3125","0.3125"
"1500061","0.4375","0.4375","0.4375"
"1510001","0.28125","0.28125","0.28125"
"1510019","0.21875","0.21875","0.21875"
"1510027","0.3125","0.3125","0.3125"
"1510036","0.375","0.375","0.375"
"1510039","0.21875","0.21875","0.21875"
"1510054","0.34375","0.34375","0.34375"
"1520013","0.375","0.375","0.375"
"1520014","0.25","0.25","0.25"
"1520029","0.21875","0.21875","0.21875"
"1520043","0.21875","0.21875","0.21875"
"1520052","0.34375","0.34375","0.34375"
"1520056","0.1875","0.1875","0.1875"
"1530003","0.328125","0.21875","0.4375"
"1530015","0.25","0.25","0.25"
"1530050","0.28125","0.28125","0.28125"
"1530068","0.3125","0.3125","0.3125"
"1530071","0.25","0.25","0.25"
"1540024","0.28125","0.28125","0.28125"
"1540027","0.34375","0.34375","0.34375"
"1540034","0.21875","0.21875","0.21875"
"1540038","0.25","0.25","0.25"
"1540060","0.4375","0.4375","0.4375"
"1540062","0.15625","0.15625","0.15625"
"1550006","0.34375","0.34375","0.34375"
"1550013","0.28125","0.28125","0.28125"
"1550018","0.25","0.25","0.25"
"1550025","0.28125","0.28125","0.28125"
"1550026","0.3125","0.3125","0.3125"
"1550043","0.4375","0.4375","0.4375"
"1560025","0.234375","0.15625","0.3125"
"1560037","0.21875","0.21875","0.21875"
"1560043","0.3125","0.3125","0.3125"
"1560051","0.28125","0.28125","0.28125"
"1560076","0.34375","0.34375","0.34375"
"1570012","0.28125","0.28125","0.28125"
"1570025","0.34375","0.34375","0.34375"
"1570048","0.5","0.5","0.5"
"1570053","0.21875","0.21875","0.21875"
"1570055","0.25","0.25","0.25"
"1570062","0.15625","0.15625","0.15625"
"1580021","0.125","0.125","0.125"
"1580027","0.28125","0.28125","0.28125"
"1580040","0.1875","0.1875","0.1875"
"1580045","0.25","0.25","0.25"
"1580046","0.3125","0.3125","0.3125"
"1580065","0.375","0.375","0.375"
"1590008","0.125","0.125","0.125"
"1590009","0.4375","0.4375","0.4375"
"1590017","0.28125","0.28125","0.28125"
"1590029","0.25","0.25","0.25"
"1590033","0.1875","0.1875","0.1875"
"1590046","0.375","0.375","0.375"
"1600005","0.25","0.25","0.25"
"1600016","0.375","0.375","0.375"
"1600019","0.375","0.375","0.375"
"1600022","0.21875","0.21875","0.21875"
"1600053","0.4375","0.4375","0.4375"
"1600057","0.15625","0.15625","0.15625"
"1610002","0.25","0.25","0.25"
"1610012","0.46875","0.46875","0.46875"
"1610013","0.3125","0.3125","0.3125"
"1610017","0.34375","0.34375","0.34375"
"1610039","0.53125","0.53125","0.53125"
"1610098","0.21875","0.21875","0.21875"
"1620005","0.265625","0.25","0.28125"
"1620020","0.34375","0.34375","0.34375"
"1620035","0.28125","0.28125","0.28125"
"1620036","0.125","0.125","0.125"
"1620039","0.375","0.375","0.375"
"1630011","0.40625","0.40625","0.40625"
"1630013","0.3125","0.3125","0.3125"
"1630040","0.3125","0.3125","0.3125"
"1630042","0.3125","0.3125","0.3125"
"1630049","0.28125","0.28125","0.28125"
"1630074","0.28125","0.28125","0.28125"
"1640003","0.265625","0.25","0.28125"
"1640027","0.40625","0.40625","0.40625"
"1640038","0.125","0.125","0.125"
"1640048","0.15625","0.15625","0.15625"
"1640054","0.40625","0.40625","0.40625"
"1650019","0.28125","0.28125","0.28125"
"1650029","0.28125","0.28125","0.28125"
"1650034","0.3125","0.3125","0.3125"
"1650037","0.3125","0.3125","0.3125"
"1650039","0.25","0.25","0.25"
"1650054","0.40625","0.40625","0.40625"
"1660005","0.375","0.375","0.375"
"1660008","0.34375","0.34375","0.34375"
"1660011","0.21875","0.21875","0.21875"
"1660015","0.359375","0.34375","0.375"
"1660045","0.375","0.375","0.375"
"1670019","0.46875","0.46875","0.46875"
"1670031","0.40625","0.40625","0.40625"
"1670033","0.34375","0.34375","0.34375"
"1670043","0.34375","0.34375","0.34375"
"1670055","0.34375","0.34375","0.34375"
"1670059","0.09375","0.09375","0.09375"
"1680018","0.25","0.25","0.25"
"1680034","0.25","0.25","0.25"
"1680046","0.3125","0.1875","0.4375"
"1680048","0.375","0.375","0.375"
"1680063","0.3125","0.3125","0.3125"
"1690000","0.375","0.375","0.375"
"1690014","0.28125","0.28125","0.28125"
"1690030","0.3125","0.3125","0.3125"
"1690040","0.25","0.25","0.25"
"1690041","0.40625","0.40625","0.40625"
"1690048","0.5625","0.5625","0.5625"
"1700004","0.265625","0.1875","0.34375"
"1700007","0.28125","0.28125","0.28125"
"1700009","0.25","0.25","0.25"
"1700021","0.5","0.5","0.5"
"1700060","0.375","0.375","0.375"
"1710031","0.375","0.375","0.375"
"1710040","0.4375","0.4375","0.4375"
"1710055","0.375","0.375","0.375"
"1710062","0.375","0.375","0.375"
"1710068","0.46875","0.46875","0.46875"
"1710105","0.3125","0.3125","0.3125"
"1720007","0.3125","0.3125","0.3125"
"1720019","0.3125","0.3125","0.3125"
"1720020","0.375","0.375","0.375"
"1720040","0.4375","0.4375","0.4375"
"1720054","0.5","0.5","0.5"
"1720071","0.28125","0.28125","0.28125"
"1730017","0.3125","0.3125","0.3125"
"1730032","0.5","0.5","0.5"
"1730034","0.34375","0.34375","0.34375"
"1730039","0.21875","0.21875","0.21875"
"1730050","0.125","0.125","0.125"
"1730068","0.375","0.375","0.375"
"1740003","0.25","0.25","0.25"
"1740016","0.3125","0.3125","0.3125"
"1740020","0.3125","0.3125","0.3125"
"1740028","0.40625","0.375","0.4375"
"1740043","0.4375","0.4375","0.4375"
"1750001","0.25","0.25","0.25"
"1750002","0.4375","0.4375","0.4375"
"1750009","0.15625","0.15625","0.15625"
"1750051","0.28125","0.28125","0.28125"
"1750078","0.4375","0.4375","0.4375"
"1750105","0.375","0.375","0.375"
"1760011","0.25","0.25","0.25"
"1760015","0.375","0.375","0.375"
"1760026","0.375","0.375","0.375"
"1760037","0.3125","0.3125","0.3125"
"1760042","0.3125","0.3125","0.3125"
"1760058","0.5625","0.5625","0.5625"
"1770031","0.3125","0.3125","0.3125"
"1770035","0.25","0.25","0.25"
"1770041","0.25","0.25","0.25"
"1770052","0.28125","0.28125","0.28125"
"1770054","0.125","0.125","0.125"
"1770060","0.28125","0.28125","0.28125"
"1780001","0.3125","0.3125","0.3125"
"1780030","0.25","0.25","0.25"
"1780031","0.28125","0.28125","0.28125"
"1780040","0.1875","0.1875","0.1875"
"1780053","0.375","0.375","0.375"
"1780054","0.3125","0.3125","0.3125"
"1790010","0.34375","0.34375","0.34375"
"1790021","0.3125","0.3125","0.3125"
"1790041","0.28125","0.28125","0.28125"
"1790047","0.4375","0.4375","0.4375"
"1790049","0.4375","0.4375","0.4375"
"1790056","0.375","0.375","0.375"
"1800012","0.53125","0.53125","0.53125"
"1800015","0.40625","0.40625","0.40625"
"1800019","0.40625","0.40625","0.40625"
"1800032","0.375","0.375","0.375"
"1800034","0.25","0.25","0.25"
"1800079","0.375","0.375","0.375"
"1810012","0.3125","0.3125","0.3125"
"1810021","0.46875","0.46875","0.46875"
"1810030","0.3125","0.3125","0.3125"
"1810031","0.375","0.375","0.375"
"1810034","0.34375","0.34375","0.34375"
"1810047","0.5625","0.5625","0.5625"
"1820003","0.25","0.25","0.25"
"1820012","0.3125","0.3125","0.3125"
"1820019","0.28125","0.28125","0.28125"
"1820027","0.34375","0.34375","0.34375"
"1820031","0.28125","0.1875","0.375"
"1830007","0.40625","0.40625","0.40625"
"1830011","0.3125","0.3125","0.3125"
"1830014","0.34375","0.34375","0.34375"
"1830025","0.25","0.25","0.25"
"1830029","0.375","0.375","0.375"
"1830086","0.375","0.375","0.375"
"1840004","0.28125","0.28125","0.28125"
"1840026","0.1875","0.1875","0.1875"
"1840045","0.3125","0.3125","0.3125"
"1840052","0.28125","0.28125","0.28125"
"1840057","0.25","0.25","0.25"
"1840066","0.34375","0.34375","0.34375"
"1850021","0.40625","0.40625","0.40625"
"1850032","0.3125","0.3125","0.3125"
"1850041","0.34375","0.34375","0.34375"
"1850042","0.5","0.5","0.5"
"1850051","0.375","0.375","0.375"
"1850060","0.4375","0.4375","0.4375"
"1860029","0.3125","0.3125","0.3125"
"1860030","0.34375","0.34375","0.34375"
"1860041","0.25","0.25","0.25"
"1860043","0.375","0.375","0.375"
"1860051","0.28125","0.28125","0.28125"
"1860062","0.40625","0.40625","0.40625"
"1870001","0.375","0.375","0.375"
"1870013","0.46875","0.46875","0.46875"
"1870030","0.3125","0.3125","0.3125"
"1870031","0.375","0.375","0.375"
"1870033","0.15625","0.15625","0.15625"
"1870062","0.40625","0.40625","0.40625"
"1880012","0.5","0.5","0.5"
"1880029","0.28125","0.28125","0.28125"
"1880035","0.3125","0.3125","0.3125"
"1880037","0.40625","0.40625","0.40625"
"1880043","0.40625","0.40625","0.40625"
"1880059","0.46875","0.46875","0.46875"
"1890003","0.28125","0.28125","0.28125"
"1890009","0.25","0.25","0.25"
"1890029","0.25","0.25","0.25"
"1890031","0.5","0.5","0.5"
"1890050","0.21875","0.21875","0.21875"
"1890055","0.28125","0.28125","0.28125"
"1900001","0.1875","0.1875","0.1875"
"1900003","0.1875","0.1875","0.1875"
"1900013","0.40625","0.40625","0.40625"
"1900030","0.46875","0.46875","0.46875"
"1900031","0.34375","0.34375","0.34375"
"1900051","0.5","0.5","0.5"
"1910017","0.5","0.5","0.5"
"1910034","0.4375","0.4375","0.4375"
"1910035","0.40625","0.40625","0.40625"
"1910041","0.375","0.375","0.375"
"1910046","0.34375","0.34375","0.34375"
"1910061","0.5625","0.5625","0.5625"
"1920001","0.3125","0.3125","0.3125"
"1920004","0.4375","0.4375","0.4375"
"1920007","0.25","0.25","0.25"
"1920015","0.21875","0.21875","0.21875"
"1920028","0.28125","0.28125","0.28125"
"1920031","0.375","0.375","0.375"
"1930000","0.15625","0.15625","0.15625"
"1930015","0.34375","0.34375","0.34375"
"1930024","0.25","0.25","0.25"
"1930031","0.40625","0.40625","0.40625"
"1930050","0.4375","0.4375","0.4375"
"1930067","0.40625","0.40625","0.40625"
"1940007","0.21875","0.21875","0.21875"
"1940026","0.28125","0.28125","0.28125"
"1940030","0.21875","0.21875","0.21875"
"1940047","0.40625","0.40625","0.40625"
"1940051","0.15625","0.15625","0.15625"
"1940092","0.40625","0.40625","0.40625"
"1950002","0.328125","0.28125","0.375"
"1950019","0.34375","0.34375","0.34375"
"1950038","0.4375","0.4375","0.4375"
"1950039","0.46875","0.46875","0.46875"
"1950053","0.25","0.25","0.25"
"1960015","0.21875","0.21875","0.21875"
"1960016","0.28125","0.21875","0.34375"
"1960027","0.40625","0.40625","0.40625"
"1960031","0.28125","0.28125","0.28125"
"1960036","0.3125","0.3125","0.3125"
"1970002","0.375","0.375","0.375"
"1970005","0.375","0.375","0.375"
"1970013","0.25","0.25","0.25"
"1970017","0.34375","0.34375","0.34375"
"1970077","0.5","0.5","0.5"
"1970080","0.34375","0.34375","0.34375"
"1980001","0.34375","0.34375","0.34375"
"1980007","0.34375","0.34375","0.34375"
"1980036","0.359375","0.28125","0.4375"
"1980048","0.34375","0.34375","0.34375"
"1990005","0.40625","0.40625","0.40625"
"1990006","0.375","0.375","0.375"
"1990007","0.15625","0.15625","0.15625"
"1990030","0.53125","0.53125","0.53125"
"1990057","0.4375","0.4375","0.4375"
"1990073","0.375","0.375","0.375"
"2000000","0.21875","0.21875","0.21875"
"2000013","0.3125","0.3125","0.3125"
"2000022","0.4375","0.4375","0.4375"
"2000026","0.40625","0.40625","0.40625"
"2000040","0.5","0.5","0.5"
"2000078","0.34375","0.34375","0.34375"