"Step","Group: protoss_5_vs_5_ACORM - win_rate","Group: protoss_5_vs_5_ACORM - win_rate__MIN","Group: protoss_5_vs_5_ACORM - win_rate__MAX"
"0","0","0","0"
"10605","0.03125","0.03125","0.03125"
"10620","0.03125","0.03125","0.03125"
"10625","0","0","0"
"10634","0","0","0"
"10637","0","0","0"
"10639","0.03125","0.03125","0.03125"
"20641","0.125","0.125","0.125"
"20642","0.03125","0.03125","0.03125"
"20650","0.03125","0.03125","0.03125"
"20657","0.125","0.125","0.125"
"20662","0.1875","0.1875","0.1875"
"20697","0.0625","0.0625","0.0625"
"30607","0.09375","0.09375","0.09375"
"30612","0.109375","0.09375","0.125"
"30623","0.21875","0.21875","0.21875"
"30625","0.03125","0.03125","0.03125"
"30644","0.03125","0.03125","0.03125"
"40603","0.0625","0.0625","0.0625"
"40608","0.03125","0.03125","0.03125"
"40619","0","0","0"
"40627","0.09375","0.09375","0.09375"
"40633","0.09375","0.09375","0.09375"
"40645","0.125","0.125","0.125"
"50603","0.09375","0.09375","0.09375"
"50606","0.0625","0.0625","0.0625"
"50610","0.15625","0.15625","0.15625"
"50627","0.03125","0.03125","0.03125"
"50640","0.125","0.125","0.125"
"50644","0.0625","0.0625","0.0625"
"60605","0.0625","0.0625","0.0625"
"60610","0.15625","0.15625","0.15625"
"60612","0.03125","0.03125","0.03125"
"60624","0.125","0.125","0.125"
"60633","0.0625","0.0625","0.0625"
"60641","0.1875","0.1875","0.1875"
"70603","0.0625","0.0625","0.0625"
"70628","0.09375","0.09375","0.09375"
"70631","0.0625","0.0625","0.0625"
"70635","0.0625","0.0625","0.0625"
"70659","0.0625","0.0625","0.0625"
"70675","0.15625","0.15625","0.15625"
"80600","0.09375","0.09375","0.09375"
"80609","0.21875","0.21875","0.21875"
"80618","0.09375","0.09375","0.09375"
"80635","0.15625","0.15625","0.15625"
"80645","0.15625","0.15625","0.15625"
"80648","0.0625","0.0625","0.0625"
"90618","0.09375","0.09375","0.09375"
"90629","0.03125","0.03125","0.03125"
"90630","0.15625","0.15625","0.15625"
"90632","0","0","0"
"90633","0.125","0.125","0.125"
"90646","0.03125","0.03125","0.03125"
"100606","0","0","0"
"100623","0.046875","0","0.09375"
"100632","0.09375","0.09375","0.09375"
"100637","0.125","0.125","0.125"
"100645","0.15625","0.15625","0.15625"
"110605","0.28125","0.28125","0.28125"
"110610","0.03125","0.03125","0.03125"
"110613","0.21875","0.21875","0.21875"
"110626","0.0625","0.0625","0.0625"
"110632","0.0625","0.0625","0.0625"
"110641","0.0625","0.0625","0.0625"
"120602","0.0625","0.0625","0.0625"
"120614","0.125","0.125","0.125"
"120621","0.09375","0.09375","0.09375"
"120624","0.03125","0.03125","0.03125"
"120637","0.15625","0.15625","0.15625"
"120652","0.21875","0.21875","0.21875"
"130603","0.125","0.125","0.125"
"130613","0.15625","0.15625","0.15625"
"130625","0.125","0.125","0.125"
"130628","0.125","0.125","0.125"
"130660","0.03125","0.03125","0.03125"
"130670","0.125","0.125","0.125"
"140602","0.15625","0.15625","0.15625"
"140643","0.21875","0.21875","0.21875"
"140645","0.15625","0.15625","0.15625"
"140646","0.15625","0.15625","0.15625"
"140653","0.03125","0.03125","0.03125"
"140659","0.09375","0.09375","0.09375"
"150602","0.09375","0.09375","0.09375"
"150605","0.21875","0.21875","0.21875"
"150629","0.34375","0.34375","0.34375"
"150630","0.1875","0.1875","0.1875"
"150649","0.21875","0.21875","0.21875"
"150666","0.09375","0.09375","0.09375"
"160603","0.15625","0.15625","0.15625"
"160611","0.15625","0.15625","0.15625"
"160617","0.15625","0.15625","0.15625"
"160625","0.1875","0.1875","0.1875"
"160631","0.0625","0.0625","0.0625"
"160655","0.15625","0.15625","0.15625"
"170618","0.15625","0.15625","0.15625"
"170631","0.15625","0.15625","0.15625"
"170638","0.34375","0.34375","0.34375"
"170640","0.25","0.25","0.25"
"170651","0.1875","0.1875","0.1875"
"170658","0.09375","0.09375","0.09375"
"180622","0.28125","0.28125","0.28125"
"180627","0.09375","0","0.1875"
"180650","0.09375","0.09375","0.09375"
"180652","0.1875","0.1875","0.1875"
"180661","0.125","0.125","0.125"
"190621","0.34375","0.34375","0.34375"
"190627","0.28125","0.28125","0.28125"
"190631","0.1875","0.1875","0.1875"
"190650","0.0625","0.0625","0.0625"
"190652","0.25","0.25","0.25"
"190661","0.1875","0.1875","0.1875"
"200605","0.125","0.125","0.125"
"200611","0.15625","0.15625","0.15625"
"200621","0.3125","0.3125","0.3125"
"200634","0.3125","0.3125","0.3125"
"200639","0.3125","0.3125","0.3125"
"200646","0.1875","0.1875","0.1875"
"210607","0.09375","0.09375","0.09375"
"210612","0.34375","0.34375","0.34375"
"210627","0.15625","0.15625","0.15625"
"210641","0.25","0.25","0.25"
"210646","0.125","0.125","0.125"
"210654","0.1875","0.1875","0.1875"
"220606","0.1875","0.1875","0.1875"
"220611","0.25","0.25","0.25"
"220612","0.3125","0.3125","0.3125"
"220625","0.125","0.125","0.125"
"220626","0.21875","0.21875","0.21875"
"220651","0.21875","0.21875","0.21875"
"230615","0.375","0.375","0.375"
"230637","0.1875","0.1875","0.1875"
"230640","0.15625","0.15625","0.15625"
"230645","0.21875","0.21875","0.21875"
"230648","0.3125","0.3125","0.3125"
"230652","0.28125","0.28125","0.28125"
"240610","0.28125","0.28125","0.28125"
"240611","0.25","0.25","0.25"
"240627","0.1875","0.1875","0.1875"
"240633","0.28125","0.28125","0.28125"
"240646","0.3125","0.3125","0.3125"
"240655","0.125","0.125","0.125"
"250629","0.1875","0.1875","0.1875"
"250635","0.125","0.125","0.125"
"250647","0.1875","0.1875","0.1875"
"250653","0.25","0.25","0.25"
"250655","0.34375","0.34375","0.34375"
"250678","0.21875","0.21875","0.21875"
"260617","0.34375","0.34375","0.34375"
"260620","0.3125","0.3125","0.3125"
"260621","0.15625","0.15625","0.15625"
"260626","0.25","0.25","0.25"
"260631","0.1875","0.1875","0.1875"
"260633","0.3125","0.3125","0.3125"
"270605","0.15625","0.15625","0.15625"
"270609","0.21875","0.21875","0.21875"
"270612","0.34375","0.34375","0.34375"
"270614","0.09375","0.09375","0.09375"
"270642","0.15625","0.15625","0.15625"
"270647","0.15625","0.15625","0.15625"
"280607","0.15625","0.15625","0.15625"
"280630","0.0625","0.0625","0.0625"
"280632","0.25","0.25","0.25"
"280634","0.375","0.375","0.375"
"280652","0.28125","0.28125","0.28125"
"280665","0.3125","0.3125","0.3125"
"290604","0.15625","0.15625","0.15625"
"290605","0.21875","0.21875","0.21875"
"290608","0.21875","0.21875","0.21875"
"290627","0.28125","0.28125","0.28125"
"290628","0.21875","0.21875","0.21875"
"290629","0","0","0"
"300615","0.28125","0.28125","0.28125"
"300629","0.25","0.25","0.25"
"300645","0.40625","0.40625","0.40625"
"300648","0.375","0.375","0.375"
"300660","0.25","0.25","0.25"
"300667","0.34375","0.34375","0.34375"
"310624","0.25","0.25","0.25"
"310628","0.15625","0.15625","0.15625"
"310636","0.21875","0.21875","0.21875"
"310639","0.25","0.25","0.25"
"310642","0.3125","0.3125","0.3125"
"310649","0.1875","0.1875","0.1875"
"320606","0.296875","0.21875","0.375"
"320637","0.3125","0.3125","0.3125"
"320638","0.3125","0.3125","0.3125"
"320648","0.375","0.375","0.375"
"320658","0.125","0.125","0.125"
"330601","0.375","0.375","0.375"
"330611","0.375","0.375","0.375"
"330615","0.25","0.25","0.25"
"330618","0.34375","0.34375","0.34375"
"330631","0.25","0.25","0.25"
"330664","0.3125","0.3125","0.3125"
"340606","0.34375","0.34375","0.34375"
"340608","0.4375","0.4375","0.4375"
"340626","0.34375","0.34375","0.34375"
"340644","0.46875","0.46875","0.46875"
"340648","0.28125","0.28125","0.28125"
"340652","0.3125","0.3125","0.3125"
"350621","0.4375","0.4375","0.4375"
"350623","0.4375","0.4375","0.4375"
"350628","0.34375","0.34375","0.34375"
"350630","0.25","0.25","0.25"
"350650","0.25","0.25","0.25"
"350665","0.5625","0.5625","0.5625"
"360604","0.4375","0.4375","0.4375"
"360606","0.28125","0.25","0.3125"
"360626","0.375","0.375","0.375"
"360660","0.3125","0.3125","0.3125"
"360667","0.21875","0.21875","0.21875"
"370600","0.34375","0.34375","0.34375"
"370602","0.46875","0.46875","0.46875"
"370610","0.3125","0.3125","0.3125"
"370637","0.28125","0.28125","0.28125"
"370639","0.34375","0.34375","0.34375"
"370646","0.3125","0.3125","0.3125"
"380619","0.265625","0.25","0.28125"
"380624","0.1875","0.1875","0.1875"
"380626","0.15625","0.15625","0.15625"
"380630","0.40625","0.40625","0.40625"
"380636","0.3125","0.3125","0.3125"
"390605","0.3125","0.3125","0.3125"
"390620","0.46875","0.46875","0.46875"
"390625","0.25","0.25","0.25"
"390637","0.40625","0.40625","0.40625"
"390667","0.15625","0.15625","0.15625"
"390699","0.25","0.25","0.25"
"400619","0.34375","0.34375","0.34375"
"400637","0.375","0.375","0.375"
"400649","0.4375","0.4375","0.4375"
"400655","0.25","0.25","0.25"
"400657","0.4375","0.4375","0.4375"
"410603","0.375","0.375","0.375"
"410635","0.28125","0.28125","0.28125"
"410637","0.375","0.375","0.375"
"410644","0.40625","0.40625","0.40625"
"410657","0.28125","0.28125","0.28125"
"410659","0.375","0.375","0.375"
"420616","0.21875","0.21875","0.21875"
"420621","0.25","0.25","0.25"
"420623","0.3125","0.3125","0.3125"
"420627","0.375","0.375","0.375"
"420654","0.375","0.375","0.375"
"420670","0.21875","0.21875","0.21875"
"430604","0.34375","0.34375","0.34375"
"430605","0.5","0.5","0.5"
"430616","0.375","0.375","0.375"
"430630","0.40625","0.40625","0.40625"
"430649","0.53125","0.53125","0.53125"
"430650","0.375","0.375","0.375"
"440603","0.46875","0.46875","0.46875"
"440606","0.28125","0.28125","0.28125"
"440631","0.15625","0.15625","0.15625"
"440632","0.21875","0.21875","0.21875"
"440634","0.15625","0.15625","0.15625"
"440662","0.09375","0.09375","0.09375"
"450608","0.34375","0.34375","0.34375"
"450613","0.34375","0.34375","0.34375"
"450621","0.40625","0.40625","0.40625"
"450630","0.375","0.375","0.375"
"450654","0.4375","0.4375","0.4375"
"450688","0.3125","0.3125","0.3125"
"460601","0.375","0.375","0.375"
"460611","0.4375","0.4375","0.4375"
"460625","0.375","0.375","0.375"
"460634","0.1875","0.1875","0.1875"
"460653","0.21875","0.21875","0.21875"
"460664","0.53125","0.53125","0.53125"
"470603","0.375","0.375","0.375"
"470631","0.40625","0.40625","0.40625"
"470634","0.3125","0.3125","0.3125"
"470649","0.25","0.25","0.25"
"470663","0.4375","0.4375","0.4375"
"470666","0.375","0.375","0.375"
"480607","0.5","0.5","0.5"
"480616","0.21875","0.21875","0.21875"
"480627","0.375","0.375","0.375"
"480628","0.5","0.5","0.5"
"480632","0.4375","0.4375","0.4375"
"480646","0.46875","0.46875","0.46875"
"490612","0.28125","0.28125","0.28125"
"490618","0.28125","0.28125","0.28125"
"490631","0.28125","0.28125","0.28125"
"490643","0.5","0.5","0.5"
"490652","0.5625","0.5625","0.5625"
"490654","0.5625","0.5625","0.5625"
"500609","0.46875","0.46875","0.46875"
"500613","0.28125","0.28125","0.28125"
"500619","0.375","0.375","0.375"
"500624","0.34375","0.34375","0.34375"
"500634","0.4375","0.4375","0.4375"
"500635","0.375","0.375","0.375"
"510604","0.25","0.25","0.25"
"510627","0.4375","0.4375","0.4375"
"510648","0.59375","0.59375","0.59375"
"510658","0.40625","0.40625","0.40625"
"510675","0.46875","0.46875","0.46875"
"510704","0.28125","0.28125","0.28125"
"520610","0.40625","0.40625","0.40625"
"520611","0.375","0.375","0.375"
"520621","0.53125","0.53125","0.53125"
"520631","0.40625","0.40625","0.40625"
"520647","0.40625","0.40625","0.40625"
"520653","0.5","0.5","0.5"
"530618","0.46875","0.46875","0.46875"
"530625","0.375","0.375","0.375"
"530643","0.28125","0.28125","0.28125"
"530646","0.5","0.5","0.5"
"530657","0.46875","0.46875","0.46875"
"530658","0.375","0.375","0.375"
"540609","0.46875","0.46875","0.46875"
"540613","0.59375","0.59375","0.59375"
"540626","0.40625","0.40625","0.40625"
"540631","0.46875","0.46875","0.46875"
"540637","0.3125","0.3125","0.3125"
"540679","0.375","0.375","0.375"
"550601","0.5","0.5","0.5"
"550607","0.1875","0.1875","0.1875"
"550611","0.34375","0.34375","0.34375"
"550630","0.4375","0.4375","0.4375"
"550649","0.40625","0.40625","0.40625"
"550675","0.375","0.375","0.375"
"560607","0.34375","0.34375","0.34375"
"560610","0.34375","0.34375","0.34375"
"560615","0.40625","0.40625","0.40625"
"560619","0.625","0.625","0.625"
"560660","0.5625","0.5625","0.5625"
"560678","0.46875","0.46875","0.46875"
"570619","0.1875","0.1875","0.1875"
"570628","0.3125","0.3125","0.3125"
"570631","0.453125","0.40625","0.5"
"570636","0.46875","0.46875","0.46875"
"570652","0.34375","0.34375","0.34375"
"580603","0.40625","0.40625","0.40625"
"580610","0.28125","0.28125","0.28125"
"580616","0.375","0.375","0.375"
"580650","0.3125","0.3125","0.3125"
"580651","0.46875","0.46875","0.46875"
"580655","0.71875","0.71875","0.71875"
"590605","0.375","0.375","0.375"
"590625","0.453125","0.4375","0.46875"
"590641","0.34375","0.34375","0.34375"
"590645","0.5625","0.5625","0.5625"
"590677","0.5625","0.5625","0.5625"
"600605","0.59375","0.53125","0.65625"
"600606","0.4375","0.4375","0.4375"
"600610","0.46875","0.46875","0.46875"
"600624","0.25","0.25","0.25"
"600632","0.375","0.375","0.375"
"610617","0.3125","0.3125","0.3125"
"610646","0.53125","0.53125","0.53125"
"610647","0.25","0.25","0.25"
"610651","0.34375","0.34375","0.34375"
"610664","0.28125","0.28125","0.28125"
"610694","0.28125","0.28125","0.28125"
"620605","0.46875","0.46875","0.46875"
"620611","0.359375","0.28125","0.4375"
"620629","0.4375","0.4375","0.4375"
"620639","0.5","0.5","0.5"
"620645","0.40625","0.40625","0.40625"
"630627","0.53125","0.53125","0.53125"
"630632","0.28125","0.28125","0.28125"
"630643","0.53125","0.53125","0.53125"
"630646","0.46875","0.46875","0.46875"
"630652","0.53125","0.53125","0.53125"
"630662","0.5","0.5","0.5"
"640600","0.40625","0.40625","0.40625"
"640622","0.375","0.375","0.375"
"640623","0.625","0.625","0.625"
"640645","0.53125","0.53125","0.53125"
"640651","0.53125","0.5","0.5625"
"650606","0.4375","0.4375","0.4375"
"650607","0.25","0.25","0.25"
"650609","0.46875","0.46875","0.46875"
"650612","0.53125","0.53125","0.53125"
"650619","0.5","0.5","0.5"
"650620","0.65625","0.65625","0.65625"
"660614","0.21875","0.21875","0.21875"
"660624","0.375","0.375","0.375"
"660633","0.34375","0.34375","0.34375"
"660654","0.40625","0.40625","0.40625"
"660660","0.4375","0.4375","0.4375"
"660671","0.4375","0.4375","0.4375"
"670613","0.375","0.375","0.375"
"670625","0.5625","0.5625","0.5625"
"670635","0.46875","0.46875","0.46875"
"670646","0.28125","0.28125","0.28125"
"670647","0.5","0.5","0.5"
"670656","0.625","0.625","0.625"
"680605","0.28125","0.28125","0.28125"
"680609","0.4375","0.4375","0.4375"
"680613","0.4375","0.4375","0.4375"
"680616","0.5","0.5","0.5"
"680629","0.5625","0.5625","0.5625"
"680652","0.40625","0.40625","0.40625"
"690622","0.5625","0.5625","0.5625"
"690632","0.375","0.375","0.375"
"690639","0.375","0.375","0.375"
"690649","0.4375","0.4375","0.4375"
"690650","0.5","0.5","0.5"
"690666","0.40625","0.40625","0.40625"
"700611","0.5","0.5","0.5"
"700621","0.46875","0.46875","0.46875"
"700623","0.3125","0.3125","0.3125"
"700629","0.59375","0.59375","0.59375"
"700649","0.40625","0.40625","0.40625"
"700673","0.59375","0.59375","0.59375"
"710601","0.40625","0.40625","0.40625"
"710609","0.3125","0.3125","0.3125"
"710617","0.53125","0.53125","0.53125"
"710630","0.59375","0.59375","0.59375"
"710638","0.3125","0.3125","0.3125"
"710649","0.5625","0.5625","0.5625"
"720604","0.46875","0.46875","0.46875"
"720607","0.6875","0.6875","0.6875"
"720626","0.65625","0.65625","0.65625"
"720630","0.4375","0.4375","0.4375"
"720642","0.5","0.5","0.5"
"720647","0.3125","0.3125","0.3125"
"730600","0.5625","0.5625","0.5625"
"730606","0.46875","0.46875","0.46875"
"730623","0.5625","0.5625","0.5625"
"730626","0.25","0.25","0.25"
"730645","0.4375","0.4375","0.4375"
"730649","0.34375","0.34375","0.34375"
"740604","0.46875","0.46875","0.46875"
"740611","0.40625","0.40625","0.40625"
"740622","0.625","0.625","0.625"
"740632","0.3125","0.3125","0.3125"
"740649","0.375","0.375","0.375"
"740668","0.4375","0.4375","0.4375"
"750615","0.40625","0.40625","0.40625"
"750635","0.53125","0.53125","0.53125"
"750640","0.53125","0.53125","0.53125"
"750649","0.40625","0.40625","0.40625"
"750654","0.5","0.5","0.5"
"750663","0.375","0.375","0.375"
"760603","0.59375","0.59375","0.59375"
"760610","0.5","0.5","0.5"
"760624","0.5625","0.5625","0.5625"
"760627","0.625","0.625","0.625"
"760632","0.5625","0.5625","0.5625"
"760635","0.59375","0.59375","0.59375"
"770610","0.515625","0.4375","0.59375"
"770614","0.3125","0.3125","0.3125"
"770624","0.375","0.375","0.375"
"770638","0.4375","0.4375","0.4375"
"770657","0.4375","0.4375","0.4375"
"780611","0.484375","0.46875","0.5"
"780616","0.5","0.5","0.5"
"780638","0.65625","0.65625","0.65625"
"780642","0.40625","0.40625","0.40625"
"780663","0.40625","0.40625","0.40625"
"790603","0.53125","0.53125","0.53125"
"790604","0.40625","0.40625","0.40625"
"790626","0.40625","0.40625","0.40625"
"790631","0.5","0.5","0.5"
"790634","0.46875","0.46875","0.46875"
"790669","0.625","0.625","0.625"
"800623","0.53125","0.53125","0.53125"
"800627","0.5","0.5","0.5"
"800635","0.4375","0.4375","0.4375"
"800636","0.375","0.375","0.375"
"800639","0.3125","0.3125","0.3125"
"800673","0.5","0.5","0.5"
"810616","0.53125","0.53125","0.53125"
"810620","0.65625","0.65625","0.65625"
"810621","0.34375","0.34375","0.34375"
"810626","0.46875","0.46875","0.46875"
"810646","0.375","0.375","0.375"
"810662","0.375","0.375","0.375"
"820605","0.625","0.625","0.625"
"820620","0.4375","0.4375","0.4375"
"820631","0.34375","0.34375","0.34375"
"820652","0.40625","0.40625","0.40625"
"820659","0.53125","0.53125","0.53125"
"820668","0.46875","0.46875","0.46875"
"830600","0.375","0.375","0.375"
"830604","0.625","0.625","0.625"
"830608","0.5","0.5","0.5"
"830623","0.53125","0.53125","0.53125"
"830625","0.625","0.625","0.625"
"830656","0.5","0.5","0.5"
"840606","0.40625","0.40625","0.40625"
"840624","0.5","0.5","0.5"
"840648","0.40625","0.40625","0.40625"
"840652","0.46875","0.46875","0.46875"
"840654","0.625","0.625","0.625"
"840663","0.53125","0.53125","0.53125"
"850610","0.3125","0.3125","0.3125"
"850614","0.59375","0.59375","0.59375"
"850625","0.40625","0.40625","0.40625"
"850631","0.4375","0.4375","0.4375"
"850638","0.5","0.5","0.5"
"850652","0.59375","0.59375","0.59375"
"860616","0.78125","0.78125","0.78125"
"860636","0.40625","0.40625","0.40625"
"860642","0.59375","0.59375","0.59375"
"860644","0.625","0.625","0.625"
"860646","0.59375","0.59375","0.59375"
"860647","0.59375","0.59375","0.59375"
"870603","0.375","0.375","0.375"
"870639","0.40625","0.40625","0.40625"
"870640","0.4375","0.4375","0.4375"
"870642","0.46875","0.46875","0.46875"
"870643","0.65625","0.65625","0.65625"
"870659","0.46875","0.46875","0.46875"
"880602","0.4375","0.4375","0.4375"
"880604","0.46875","0.46875","0.46875"
"880607","0.59375","0.59375","0.59375"
"880616","0.4375","0.4375","0.4375"
"880620","0.53125","0.53125","0.53125"
"880642","0.46875","0.46875","0.46875"
"890601","0.46875","0.46875","0.46875"
"890611","0.28125","0.28125","0.28125"
"890616","0.53125","0.53125","0.53125"
"890623","0.625","0.625","0.625"
"890636","0.5","0.5","0.5"
"890676","0.3125","0.3125","0.3125"
"900609","0.4375","0.4375","0.4375"
"900618","0.53125","0.53125","0.53125"
"900631","0.46875","0.46875","0.46875"
"900632","0.59375","0.59375","0.59375"
"900642","0.46875","0.46875","0.46875"
"900653","0.75","0.75","0.75"
"910606","0.5","0.5","0.5"
"910613","0.5","0.5","0.5"
"910640","0.34375","0.34375","0.34375"
"910646","0.53125","0.53125","0.53125"
"910649","0.4375","0.4375","0.4375"
"910657","0.625","0.625","0.625"
"920604","0.6875","0.6875","0.6875"
"920623","0.53125","0.53125","0.53125"
"920624","0.59375","0.59375","0.59375"
"920625","0.53125","0.53125","0.53125"
"920627","0.53125","0.53125","0.53125"
"920628","0.46875","0.46875","0.46875"
"930603","0.40625","0.40625","0.40625"
"930604","0.65625","0.65625","0.65625"
"930610","0.375","0.375","0.375"
"930613","0.375","0.375","0.375"
"930639","0.625","0.625","0.625"
"930666","0.6875","0.6875","0.6875"
"940611","0.5","0.5","0.5"
"940617","0.46875","0.46875","0.46875"
"940621","0.34375","0.34375","0.34375"
"940646","0.53125","0.53125","0.53125"
"940649","0.484375","0.4375","0.53125"
"950621","0.5625","0.5625","0.5625"
"950625","0.375","0.375","0.375"
"950636","0.34375","0.34375","0.34375"
"950637","0.40625","0.40625","0.40625"
"950649","0.4375","0.4375","0.4375"
"950650","0.53125","0.53125","0.53125"
"960625","0.59375","0.59375","0.59375"
"960631","0.5","0.5","0.5"
"960643","0.5","0.5","0.5"
"960645","0.40625","0.40625","0.40625"
"960647","0.53125","0.53125","0.53125"
"960670","0.53125","0.53125","0.53125"
"970612","0.40625","0.40625","0.40625"
"970616","0.5625","0.5625","0.5625"
"970623","0.5","0.5","0.5"
"970647","0.4375","0.4375","0.4375"
"970651","0.5625","0.5625","0.5625"
"970656","0.5625","0.5625","0.5625"
"980608","0.375","0.375","0.375"
"980617","0.53125","0.53125","0.53125"
"980622","0.4375","0.4375","0.4375"
"980636","0.40625","0.40625","0.40625"
"980662","0.53125","0.53125","0.53125"
"980674","0.34375","0.34375","0.34375"
"990605","0.4375","0.4375","0.4375"
"990616","0.375","0.375","0.375"
"990621","0.53125","0.53125","0.53125"
"990624","0.46875","0.46875","0.46875"
"990639","0.46875","0.46875","0.46875"
"990648","0.40625","0.40625","0.40625"
"1000606","0.25","0.25","0.25"
"1000607","0.4375","0.4375","0.4375"
"1000612","0.5625","0.53125","0.59375"
"1000613","0.46875","0.46875","0.46875"
"1000622","0.34375","0.34375","0.34375"
"1010608","0.21875","0.21875","0.21875"
"1010613","0.5","0.5","0.5"
"1010617","0.53125","0.53125","0.53125"
"1010638","0.40625","0.40625","0.40625"
"1010647","0.625","0.625","0.625"
"1010666","0.46875","0.46875","0.46875"
"1020607","0.40625","0.40625","0.40625"
"1020612","0.4375","0.4375","0.4375"
"1020633","0.65625","0.65625","0.65625"
"1020635","0.5","0.5","0.5"
"1020641","0.65625","0.65625","0.65625"
"1020672","0.5","0.5","0.5"
"1030618","0.625","0.625","0.625"
"1030637","0.46875","0.46875","0.46875"
"1030646","0.4375","0.4375","0.4375"
"1030651","0.59375","0.59375","0.59375"
"1030660","0.5","0.5","0.5"
"1030687","0.53125","0.53125","0.53125"
"1040600","0.5","0.5","0.5"
"1040601","0.5625","0.5625","0.5625"
"1040602","0.65625","0.65625","0.65625"
"1040608","0.5625","0.5625","0.5625"
"1040610","0.65625","0.65625","0.65625"
"1040636","0.59375","0.59375","0.59375"
"1050615","0.59375","0.59375","0.59375"
"1050620","0.40625","0.40625","0.40625"
"1050622","0.6875","0.6875","0.6875"
"1050631","0.53125","0.53125","0.53125"
"1050632","0.34375","0.34375","0.34375"
"1050633","0.5","0.5","0.5"
"1060603","0.5625","0.5625","0.5625"
"1060611","0.5625","0.5625","0.5625"
"1060625","0.625","0.625","0.625"
"1060626","0.5625","0.5625","0.5625"
"1060630","0.25","0.25","0.25"
"1060644","0.46875","0.46875","0.46875"
"1070610","0.40625","0.34375","0.46875"
"1070613","0.5","0.5","0.5"
"1070615","0.375","0.375","0.375"
"1070652","0.46875","0.46875","0.46875"
"1070676","0.5625","0.5625","0.5625"
"1080612","0.59375","0.59375","0.59375"
"1080626","0.5625","0.5625","0.5625"
"1080640","0.75","0.75","0.75"
"1080643","0.5","0.5","0.5"
"1080649","0.46875","0.46875","0.46875"
"1080671","0.53125","0.53125","0.53125"
"1090630","0.53125","0.53125","0.53125"
"1090636","0.59375","0.59375","0.59375"
"1090639","0.5","0.5","0.5"
"1090641","0.5","0.5","0.5"
"1090642","0.53125","0.53125","0.53125"
"1090658","0.5625","0.5625","0.5625"
"1100600","0.5625","0.5625","0.5625"
"1100621","0.59375","0.59375","0.59375"
"1100622","0.46875","0.46875","0.46875"
"1100631","0.59375","0.59375","0.59375"
"1100634","0.46875","0.46875","0.46875"
"1100660","0.59375","0.59375","0.59375"
"1110603","0.46875","0.46875","0.46875"
"1110612","0.46875","0.46875","0.46875"
"1110623","0.40625","0.40625","0.40625"
"1110626","0.375","0.375","0.375"
"1110639","0.53125","0.53125","0.53125"
"1110659","0.5","0.5","0.5"
"1120600","0.53125","0.53125","0.53125"
"1120607","0.5","0.46875","0.53125"
"1120658","0.4375","0.4375","0.4375"
"1120662","0.40625","0.40625","0.40625"
"1120670","0.46875","0.46875","0.46875"
"1130600","0.5","0.5","0.5"
"1130622","0.5","0.5","0.5"
"1130635","0.5","0.5","0.5"
"1130646","0.5","0.5","0.5"
"1130647","0.4375","0.4375","0.4375"
"1130650","0.625","0.625","0.625"
"1140601","0.71875","0.71875","0.71875"
"1140629","0.4375","0.4375","0.4375"
"1140633","0.6875","0.6875","0.6875"
"1140637","0.5625","0.5625","0.5625"
"1140662","0.65625","0.65625","0.65625"
"1140682","0.65625","0.65625","0.65625"
"1150600","0.53125","0.53125","0.53125"
"1150602","0.625","0.625","0.625"
"1150622","0.375","0.375","0.375"
"1150643","0.5625","0.5625","0.5625"
"1150648","0.5","0.5","0.5"
"1150652","0.59375","0.59375","0.59375"
"1160606","0.5625","0.5625","0.5625"
"1160617","0.40625","0.40625","0.40625"
"1160632","0.59375","0.59375","0.59375"
"1160638","0.4375","0.4375","0.4375"
"1160642","0.5625","0.5625","0.5625"
"1160657","0.5","0.5","0.5"
"1170610","0.40625","0.40625","0.40625"
"1170634","0.453125","0.40625","0.5"
"1170644","0.5625","0.5625","0.5625"
"1170647","0.71875","0.71875","0.71875"
"1170648","0.59375","0.59375","0.59375"
"1180602","0.625","0.625","0.625"
"1180625","0.46875","0.46875","0.46875"
"1180626","0.59375","0.59375","0.59375"
"1180637","0.53125","0.53125","0.53125"
"1180652","0.46875","0.46875","0.46875"
"1180671","0.65625","0.65625","0.65625"
"1190611","0.40625","0.40625","0.40625"
"1190625","0.65625","0.65625","0.65625"
"1190633","0.53125","0.53125","0.53125"
"1190634","0.78125","0.78125","0.78125"
"1190645","0.5625","0.5625","0.5625"
"1190662","0.375","0.375","0.375"
"1200614","0.53125","0.53125","0.53125"
"1200624","0.5","0.5","0.5"
"1200633","0.625","0.625","0.625"
"1200637","0.6875","0.6875","0.6875"
"1200640","0.5625","0.5625","0.5625"
"1200650","0.53125","0.53125","0.53125"
"1210614","0.625","0.625","0.625"
"1210644","0.53125","0.53125","0.53125"
"1210647","0.59375","0.59375","0.59375"
"1210654","0.375","0.375","0.375"
"1210661","0.40625","0.40625","0.40625"
"1210693","0.71875","0.71875","0.71875"
"1220601","0.5625","0.5625","0.5625"
"1220612","0.625","0.625","0.625"
"1220619","0.4375","0.4375","0.4375"
"1220623","0.59375","0.59375","0.59375"
"1220646","0.46875","0.46875","0.46875"
"1220665","0.625","0.625","0.625"
"1230603","0.625","0.625","0.625"
"1230613","0.59375","0.59375","0.59375"
"1230628","0.40625","0.40625","0.40625"
"1230637","0.375","0.375","0.375"
"1230640","0.46875","0.46875","0.46875"
"1230642","0.625","0.625","0.625"
"1240628","0.46875","0.46875","0.46875"
"1240632","0.5","0.5","0.5"
"1240640","0.625","0.5625","0.6875"
"1240645","0.53125","0.53125","0.53125"
"1240648","0.65625","0.65625","0.65625"
"1250603","0.75","0.75","0.75"
"1250617","0.59375","0.59375","0.59375"
"1250618","0.4375","0.4375","0.4375"
"1250621","0.53125","0.5","0.5625"
"1250686","0.5","0.5","0.5"
"1260619","0.5625","0.5625","0.5625"
"1260622","0.5","0.5","0.5"
"1260646","0.53125","0.53125","0.53125"
"1260648","0.46875","0.46875","0.46875"
"1260655","0.5","0.5","0.5"
"1260665","0.5625","0.5625","0.5625"
"1270601","0.625","0.5625","0.6875"
"1270631","0.53125","0.53125","0.53125"
"1270637","0.6875","0.6875","0.6875"
"1270642","0.6875","0.6875","0.6875"
"1270672","0.5625","0.5625","0.5625"
"1280604","0.5","0.5","0.5"
"1280610","0.65625","0.65625","0.65625"
"1280613","0.59375","0.59375","0.59375"
"1280646","0.6875","0.6875","0.6875"
"1280659","0.59375","0.59375","0.59375"
"1280672","0.5","0.5","0.5"
"1290600","0.46875","0.46875","0.46875"
"1290606","0.6875","0.6875","0.6875"
"1290617","0.625","0.625","0.625"
"1290624","0.5","0.5","0.5"
"1290645","0.65625","0.65625","0.65625"
"1290659","0.40625","0.40625","0.40625"
"1300606","0.46875","0.46875","0.46875"
"1300607","0.71875","0.71875","0.71875"
"1300624","0.59375","0.59375","0.59375"
"1300635","0.59375","0.59375","0.59375"
"1300643","0.71875","0.71875","0.71875"
"1300645","0.5625","0.5625","0.5625"
"1310602","0.5","0.5","0.5"
"1310608","0.53125","0.53125","0.53125"
"1310609","0.5","0.5","0.5"
"1310631","0.4375","0.4375","0.4375"
"1310646","0.53125","0.53125","0.53125"
"1310648","0.625","0.625","0.625"
"1320613","0.65625","0.65625","0.65625"
"1320628","0.6875","0.6875","0.6875"
"1320629","0.65625","0.65625","0.65625"
"1320634","0.5","0.5","0.5"
"1320638","0.625","0.625","0.625"
"1320665","0.46875","0.46875","0.46875"
"1330601","0.65625","0.65625","0.65625"
"1330610","0.71875","0.71875","0.71875"
"1330613","0.5","0.5","0.5"
"1330626","0.34375","0.34375","0.34375"
"1330637","0.5625","0.5625","0.5625"
"1330663","0.53125","0.53125","0.53125"
"1340602","0.4375","0.4375","0.4375"
"1340626","0.625","0.625","0.625"
"1340634","0.53125","0.53125","0.53125"
"1340637","0.5","0.5","0.5"
"1340641","0.46875","0.46875","0.46875"
"1340650","0.53125","0.53125","0.53125"
"1350601","0.625","0.625","0.625"
"1350606","0.6875","0.6875","0.6875"
"1350611","0.4375","0.4375","0.4375"
"1350612","0.5625","0.5625","0.5625"
"1350650","0.625","0.625","0.625"
"1350672","0.53125","0.53125","0.53125"
"1360621","0.625","0.625","0.625"
"1360627","0.625","0.625","0.625"
"1360631","0.59375","0.59375","0.59375"
"1360639","0.5","0.5","0.5"
"1360640","0.46875","0.46875","0.46875"
"1360661","0.5","0.5","0.5"
"1370604","0.4375","0.4375","0.4375"
"1370623","0.65625","0.65625","0.65625"
"1370625","0.625","0.625","0.625"
"1370629","0.65625","0.65625","0.65625"
"1370653","0.53125","0.53125","0.53125"
"1370664","0.5625","0.5625","0.5625"
"1380612","0.59375","0.59375","0.59375"
"1380621","0.375","0.375","0.375"
"1380623","0.625","0.625","0.625"
"1380640","0.5625","0.5625","0.5625"
"1380651","0.46875","0.46875","0.46875"
"1380653","0.40625","0.40625","0.40625"
"1390605","0.65625","0.65625","0.65625"
"1390610","0.5625","0.5625","0.5625"
"1390614","0.53125","0.53125","0.53125"
"1390618","0.625","0.625","0.625"
"1390634","0.5","0.5","0.5"
"1390639","0.59375","0.59375","0.59375"
"1400616","0.46875","0.4375","0.5"
"1400627","0.375","0.375","0.375"
"1400628","0.71875","0.71875","0.71875"
"1400643","0.59375","0.59375","0.59375"
"1400647","0.59375","0.59375","0.59375"
"1410606","0.5","0.5","0.5"
"1410622","0.5","0.5","0.5"
"1410636","0.5","0.5","0.5"
"1410648","0.75","0.75","0.75"
"1410653","0.59375","0.59375","0.59375"
"1410670","0.71875","0.71875","0.71875"
"1420602","0.5625","0.5625","0.5625"
"1420630","0.75","0.75","0.75"
"1420643","0.5625","0.5625","0.5625"
"1420644","0.4375","0.4375","0.4375"
"1420651","0.59375","0.59375","0.59375"
"1420655","0.59375","0.59375","0.59375"
"1430601","0.65625","0.65625","0.65625"
"1430628","0.71875","0.71875","0.71875"
"1430632","0.78125","0.78125","0.78125"
"1430634","0.65625","0.65625","0.65625"
"1430652","0.65625","0.65625","0.65625"
"1430657","0.8125","0.8125","0.8125"
"1440603","0.65625","0.65625","0.65625"
"1440625","0.28125","0.28125","0.28125"
"1440632","0.65625","0.65625","0.65625"
"1440638","0.625","0.625","0.625"
"1440646","0.6875","0.6875","0.6875"
"1440681","0.6875","0.6875","0.6875"
"1450603","0.625","0.625","0.625"
"1450609","0.71875","0.71875","0.71875"
"1450611","0.625","0.625","0.625"
"1450620","0.53125","0.53125","0.53125"
"1450630","0.5","0.5","0.5"
"1450656","0.625","0.625","0.625"
"1460607","0.59375","0.59375","0.59375"
"1460608","0.5625","0.5625","0.5625"
"1460610","0.5","0.5","0.5"
"1460618","0.46875","0.46875","0.46875"
"1460629","0.5","0.5","0.5"
"1460633","0.65625","0.65625","0.65625"
"1470612","0.40625","0.40625","0.40625"
"1470614","0.59375","0.59375","0.59375"
"1470624","0.59375","0.59375","0.59375"
"1470625","0.5625","0.5625","0.5625"
"1470640","0.59375","0.59375","0.59375"
"1470654","0.46875","0.46875","0.46875"
"1480607","0.4375","0.4375","0.4375"
"1480619","0.46875","0.46875","0.46875"
"1480627","0.46875","0.46875","0.46875"
"1480646","0.5","0.5","0.5"
"1480656","0.59375","0.59375","0.59375"
"1480662","0.59375","0.59375","0.59375"
"1490617","0.625","0.625","0.625"
"1490620","0.609375","0.46875","0.75"
"1490624","0.5","0.5","0.5"
"1490629","0.375","0.375","0.375"
"1490633","0.625","0.625","0.625"
"1500616","0.40625","0.40625","0.40625"
"1500618","0.34375","0.34375","0.34375"
"1500629","0.5","0.5","0.5"
"1500638","0.71875","0.71875","0.71875"
"1500654","0.4375","0.4375","0.4375"
"1510601","0.40625","0.40625","0.40625"
"1510609","0.5","0.5","0.5"
"1510638","0.5625","0.5625","0.5625"
"1510651","0.53125","0.53125","0.53125"
"1510655","0.59375","0.59375","0.59375"
"1510661","0.625","0.625","0.625"
"1520611","0.59375","0.59375","0.59375"
"1520612","0.65625","0.65625","0.65625"
"1520634","0.59375","0.59375","0.59375"
"1520646","0.40625","0.40625","0.40625"
"1520669","0.46875","0.46875","0.46875"
"1520678","0.71875","0.71875","0.71875"
"1530601","0.59375","0.59375","0.59375"
"1530602","0.625","0.625","0.625"
"1530612","0.65625","0.65625","0.65625"
"1530623","0.625","0.625","0.625"
"1530639","0.40625","0.40625","0.40625"
"1530654","0.5","0.5","0.5"
"1540603","0.375","0.375","0.375"
"1540608","0.5625","0.5625","0.5625"
"1540614","0.5625","0.5625","0.5625"
"1540621","0.65625","0.65625","0.65625"
"1540631","0.71875","0.71875","0.71875"
"1540661","0.65625","0.65625","0.65625"
"1550606","0.640625","0.625","0.65625"
"1550611","0.6875","0.6875","0.6875"
"1550633","0.59375","0.59375","0.59375"
"1550646","0.625","0.625","0.625"
"1550655","0.46875","0.46875","0.46875"
"1560609","0.75","0.75","0.75"
"1560643","0.625","0.625","0.625"
"1560652","0.53125","0.53125","0.53125"
"1560653","0.625","0.625","0.625"
"1560654","0.34375","0.34375","0.34375"
"1560657","0.59375","0.59375","0.59375"
"1570608","0.4375","0.4375","0.4375"
"1570614","0.59375","0.59375","0.59375"
"1570616","0.5","0.5","0.5"
"1570617","0.53125","0.53125","0.53125"
"1570628","0.84375","0.84375","0.84375"
"1570654","0.65625","0.65625","0.65625"
"1580609","0.625","0.625","0.625"
"1580611","0.4375","0.4375","0.4375"
"1580642","0.6875","0.6875","0.6875"
"1580646","0.53125","0.53125","0.53125"
"1580652","0.53125","0.53125","0.53125"
"1580653","0.625","0.625","0.625"
"1590636","0.625","0.625","0.625"
"1590637","0.5","0.5","0.5"
"1590639","0.6875","0.6875","0.6875"
"1590645","0.65625","0.65625","0.65625"
"1590650","0.5625","0.5625","0.5625"
"1600616","0.53125","0.53125","0.53125"
"1600617","0.59375","0.59375","0.59375"
"1600637","0.65625","0.65625","0.65625"
"1600665","0.65625","0.65625","0.65625"
"1600666","0.625","0.625","0.625"
"1600670","0.6875","0.6875","0.6875"
"1610608","0.5625","0.5625","0.5625"
"1610627","0.53125","0.53125","0.53125"
"1610637","0.46875","0.46875","0.46875"
"1610650","0.5","0.5","0.5"
"1610652","0.46875","0.46875","0.46875"
"1610659","0.5","0.5","0.5"
"1620602","0.5625","0.5625","0.5625"
"1620609","0.625","0.625","0.625"
"1620611","0.5625","0.5625","0.5625"
"1620636","0.65625","0.65625","0.65625"
"1620646","0.78125","0.78125","0.78125"
"1620672","0.65625","0.65625","0.65625"
"1630602","0.59375","0.59375","0.59375"
"1630616","0.53125","0.53125","0.53125"
"1630622","0.59375","0.59375","0.59375"
"1630623","0.5625","0.5625","0.5625"
"1630635","0.5625","0.5625","0.5625"
"1630647","0.46875","0.46875","0.46875"
"1640600","0.53125","0.53125","0.53125"
"1640609","0.71875","0.71875","0.71875"
"1640611","0.65625","0.65625","0.65625"
"1640645","0.71875","0.71875","0.71875"
"1640659","0.59375","0.59375","0.59375"
"1640664","0.46875","0.46875","0.46875"
"1650631","0.6875","0.6875","0.6875"
"1650635","0.65625","0.65625","0.65625"
"1650637","0.59375","0.59375","0.59375"
"1650639","0.59375","0.4375","0.75"
"1650648","0.5625","0.5625","0.5625"
"1660604","0.5","0.5","0.5"
"1660623","0.78125","0.78125","0.78125"
"1660632","0.75","0.75","0.75"
"1660640","0.6875","0.6875","0.6875"
"1660642","0.53125","0.53125","0.53125"
"1660668","0.625","0.625","0.625"
"1670603","0.59375","0.59375","0.59375"
"1670617","0.5","0.5","0.5"
"1670618","0.6875","0.6875","0.6875"
"1670631","0.53125","0.53125","0.53125"
"1670661","0.5","0.5","0.5"
"1670696","0.625","0.625","0.625"
"1680600","0.6875","0.6875","0.6875"
"1680611","0.5625","0.5625","0.5625"
"1680630","0.6875","0.6875","0.6875"
"1680637","0.625","0.625","0.625"
"1680642","0.5","0.5","0.5"
"1680647","0.40625","0.40625","0.40625"
"1690633","0.71875","0.71875","0.71875"
"1690641","0.71875","0.71875","0.71875"
"1690656","0.625","0.625","0.625"
"1690660","0.46875","0.46875","0.46875"
"1690664","0.59375","0.59375","0.59375"
"1690666","0.53125","0.53125","0.53125"
"1700608","0.59375","0.59375","0.59375"
"1700616","0.5625","0.5625","0.5625"
"1700623","0.53125","0.53125","0.53125"
"1700632","0.53125","0.53125","0.53125"
"1700647","0.65625","0.65625","0.65625"
"1700664","0.59375","0.59375","0.59375"
"1710624","0.5625","0.5625","0.5625"
"1710626","0.6875","0.6875","0.6875"
"1710644","0.75","0.75","0.75"
"1710651","0.5","0.5","0.5"
"1710653","0.4375","0.4375","0.4375"
"1710666","0.59375","0.59375","0.59375"
"1720605","0.5625","0.5625","0.5625"
"1720627","0.4375","0.4375","0.4375"
"1720632","0.625","0.625","0.625"
"1720636","0.53125","0.53125","0.53125"
"1720641","0.65625","0.65625","0.65625"
"1720669","0.59375","0.59375","0.59375"
"1730612","0.6875","0.625","0.75"
"1730616","0.40625","0.40625","0.40625"
"1730648","0.53125","0.53125","0.53125"
"1730651","0.625","0.625","0.625"
"1730672","0.5625","0.5625","0.5625"
"1740612","0.625","0.625","0.625"
"1740619","0.625","0.625","0.625"
"1740645","0.59375","0.59375","0.59375"
"1740655","0.59375","0.59375","0.59375"
"1740658","0.5625","0.5625","0.5625"
"1740663","0.625","0.625","0.625"
"1750605","0.59375","0.59375","0.59375"
"1750609","0.59375","0.59375","0.59375"
"1750621","0.6875","0.6875","0.6875"
"1750627","0.59375","0.59375","0.59375"
"1750636","0.59375","0.59375","0.59375"
"1750649","0.59375","0.59375","0.59375"
"1760606","0.71875","0.71875","0.71875"
"1760611","0.625","0.625","0.625"
"1760622","0.40625","0.40625","0.40625"
"1760649","0.59375","0.59375","0.59375"
"1760652","0.59375","0.5625","0.625"
"1770611","0.78125","0.78125","0.78125"
"1770614","0.59375","0.59375","0.59375"
"1770621","0.625","0.625","0.625"
"1770643","0.59375","0.59375","0.59375"
"1770659","0.625","0.625","0.625"
"1770664","0.625","0.625","0.625"
"1780600","0.75","0.75","0.75"
"1780615","0.53125","0.53125","0.53125"
"1780626","0.46875","0.46875","0.46875"
"1780640","0.625","0.53125","0.71875"
"1780644","0.5","0.5","0.5"
"1790603","0.28125","0.28125","0.28125"
"1790614","0.625","0.625","0.625"
"1790621","0.5625","0.5625","0.5625"
"1790645","0.59375","0.59375","0.59375"
"1790647","0.75","0.75","0.75"
"1790666","0.65625","0.65625","0.65625"
"1800606","0.5625","0.5625","0.5625"
"1800609","0.46875","0.46875","0.46875"
"1800637","0.59375","0.59375","0.59375"
"1800647","0.53125","0.53125","0.53125"
"1800649","0.59375","0.59375","0.59375"
"1800653","0.75","0.75","0.75"
"1810618","0.59375","0.59375","0.59375"
"1810622","0.5625","0.5625","0.5625"
"1810636","0.6875","0.6875","0.6875"
"1810650","0.40625","0.40625","0.40625"
"1810656","0.5","0.5","0.5"
"1810672","0.59375","0.59375","0.59375"
"1820600","0.59375","0.59375","0.59375"
"1820617","0.84375","0.84375","0.84375"
"1820618","0.46875","0.46875","0.46875"
"1820620","0.5625","0.5625","0.5625"
"1820631","0.625","0.625","0.625"
"1820653","0.6875","0.6875","0.6875"
"1830608","0.65625","0.65625","0.65625"
"1830619","0.625","0.625","0.625"
"1830648","0.6875","0.6875","0.6875"
"1830652","0.5","0.5","0.5"
"1830660","0.4375","0.4375","0.4375"
"1830699","0.625","0.625","0.625"
"1840600","0.53125","0.53125","0.53125"
"1840609","0.5625","0.5625","0.5625"
"1840613","0.53125","0.53125","0.53125"
"1840636","0.59375","0.59375","0.59375"
"1840638","0.53125","0.53125","0.53125"
"1840649","0.46875","0.46875","0.46875"
"1850608","0.59375","0.59375","0.59375"
"1850621","0.5625","0.5625","0.5625"
"1850624","0.53125","0.53125","0.53125"
"1850635","0.625","0.625","0.625"
"1850644","0.53125","0.53125","0.53125"
"1850655","0.59375","0.59375","0.59375"
"1860610","0.625","0.625","0.625"
"1860611","0.5","0.5","0.5"
"1860632","0.5","0.5","0.5"
"1860636","0.75","0.75","0.75"
"1860647","0.59375","0.59375","0.59375"
"1860689","0.625","0.625","0.625"
"1870607","0.40625","0.40625","0.40625"
"1870626","0.5","0.5","0.5"
"1870632","0.53125","0.53125","0.53125"
"1870651","0.625","0.625","0.625"
"1870658","0.59375","0.59375","0.59375"
"1870661","0.53125","0.53125","0.53125"
"1880610","0.59375","0.59375","0.59375"
"1880612","0.59375","0.59375","0.59375"
"1880632","0.65625","0.65625","0.65625"
"1880637","0.53125","0.53125","0.53125"
"1880649","0.46875","0.46875","0.46875"
"1880700","0.71875","0.71875","0.71875"
"1890615","0.6875","0.6875","0.6875"
"1890630","0.71875","0.71875","0.71875"
"1890648","0.71875","0.71875","0.71875"
"1890653","0.59375","0.59375","0.59375"
"1890655","0.5625","0.5625","0.5625"
"1900609","0.75","0.75","0.75"
"1900610","0.59375","0.59375","0.59375"
"1900615","0.53125","0.53125","0.53125"
"1900618","0.59375","0.59375","0.59375"
"1900638","0.375","0.375","0.375"
"1900657","0.59375","0.59375","0.59375"
"1910617","0.625","0.625","0.625"
"1910625","0.625","0.625","0.625"
"1910633","0.5625","0.5625","0.5625"
"1910637","0.65625","0.65625","0.65625"
"1910654","0.40625","0.40625","0.40625"
"1910657","0.625","0.625","0.625"
"1920615","0.5","0.5","0.5"
"1920617","0.5","0.5","0.5"
"1920619","0.5","0.5","0.5"
"1920633","0.6875","0.6875","0.6875"
"1920635","0.6875","0.6875","0.6875"
"1920675","0.46875","0.46875","0.46875"
"1930606","0.53125","0.53125","0.53125"
"1930638","0.5","0.5","0.5"
"1930641","0.75","0.75","0.75"
"1930643","0.4375","0.4375","0.4375"
"1930647","0.5625","0.5625","0.5625"
"1930648","0.6875","0.6875","0.6875"
"1940616","0.625","0.625","0.625"
"1940622","0.6875","0.6875","0.6875"
"1940634","0.5625","0.5625","0.5625"
"1940640","0.65625","0.65625","0.65625"
"1940641","0.625","0.625","0.625"
"1940650","0.625","0.625","0.625"
"1950623","0.53125","0.53125","0.53125"
"1950629","0.53125","0.53125","0.53125"
"1950638","0.6875","0.6875","0.6875"
"1950654","0.6875","0.6875","0.6875"
"1950677","0.5625","0.5625","0.5625"
"1950681","0.59375","0.59375","0.59375"
"1960604","0.71875","0.71875","0.71875"
"1960612","0.6875","0.6875","0.6875"
"1960622","0.5625","0.5625","0.5625"
"1960626","0.5","0.5","0.5"
"1960635","0.53125","0.53125","0.53125"
"1960675","0.6875","0.6875","0.6875"
"1970612","0.6875","0.6875","0.6875"
"1970624","0.59375","0.59375","0.59375"
"1970630","0.53125","0.53125","0.53125"
"1970640","0.625","0.625","0.625"
"1970652","0.6875","0.6875","0.6875"
"1970660","0.65625","0.65625","0.65625"
"1980610","0.65625","0.65625","0.65625"
"1980631","0.625","0.625","0.625"
"1980638","0.5625","0.5625","0.5625"
"1980649","0.5625","0.5625","0.5625"
"1980654","0.53125","0.53125","0.53125"
"1980659","0.625","0.625","0.625"
"1990607","0.53125","0.53125","0.53125"
"1990609","0.625","0.625","0.625"
"1990616","0.5","0.5","0.5"
"1990632","0.625","0.625","0.625"
"1990652","0.40625","0.40625","0.40625"
"1990656","0.65625","0.65625","0.65625"
"2000606","0.53125","0.53125","0.53125"
"2000608","0.5625","0.5625","0.5625"
"2000612","0.53125","0.53125","0.53125"
"2000628","0.65625","0.65625","0.65625"
"2000645","0.65625","0.65625","0.65625"
"2000671","0.59375","0.59375","0.59375"
"2010601","0.90625","0.90625","0.90625"
"2010606","0.625","0.625","0.625"
"2010622","0.75","0.75","0.75"
"2010644","0.65625","0.65625","0.65625"
"2010646","0.6875","0.6875","0.6875"
"2010650","0.5625","0.5625","0.5625"
"2020612","0.6875","0.6875","0.6875"
"2020624","0.578125","0.4375","0.71875"
"2020629","0.53125","0.53125","0.53125"
"2020641","0.5625","0.5625","0.5625"
"2020645","0.5625","0.5625","0.5625"
"2030602","0.46875","0.46875","0.46875"
"2030609","0.6875","0.6875","0.6875"
"2030618","0.59375","0.59375","0.59375"
"2030619","0.625","0.625","0.625"
"2030622","0.6875","0.6875","0.6875"
"2030634","0.78125","0.78125","0.78125"
"2040615","0.65625","0.65625","0.65625"
"2040622","0.71875","0.71875","0.71875"
"2040639","0.625","0.59375","0.65625"
"2040647","0.5625","0.5625","0.5625"
"2040652","0.625","0.625","0.625"
"2050614","0.5625","0.5625","0.5625"
"2050617","0.59375","0.59375","0.59375"
"2050634","0.625","0.625","0.625"
"2050640","0.625","0.625","0.625"
"2050643","0.46875","0.46875","0.46875"
"2050650","0.5","0.5","0.5"
"2060601","0.6875","0.6875","0.6875"
"2060625","0.40625","0.40625","0.40625"
"2060626","0.53125","0.53125","0.53125"
"2060637","0.53125","0.53125","0.53125"
"2060653","0.6875","0.6875","0.6875"
"2060660","0.4375","0.4375","0.4375"
"2070603","0.71875","0.71875","0.71875"
"2070614","0.65625","0.65625","0.65625"
"2070622","0.53125","0.53125","0.53125"
"2070624","0.65625","0.65625","0.65625"
"2070631","0.59375","0.59375","0.59375"
"2070654","0.53125","0.53125","0.53125"
"2080611","0.59375","0.59375","0.59375"
"2080628","0.71875","0.71875","0.71875"
"2080634","0.71875","0.71875","0.71875"
"2080640","0.65625","0.65625","0.65625"
"2080663","0.75","0.75","0.75"
"2080664","0.53125","0.53125","0.53125"
"2090622","0.6875","0.6875","0.6875"
"2090623","0.5625","0.53125","0.59375"
"2090632","0.5625","0.5625","0.5625"
"2090646","0.59375","0.59375","0.59375"
"2090648","0.59375","0.59375","0.59375"
"2100600","0.71875","0.71875","0.71875"
"2100613","0.53125","0.53125","0.53125"
"2100625","0.625","0.625","0.625"
"2100631","0.71875","0.71875","0.71875"
"2100655","0.6875","0.6875","0.6875"
"2100658","0.4375","0.4375","0.4375"
"2110604","0.46875","0.46875","0.46875"
"2110614","0.53125","0.53125","0.53125"
"2110621","0.8125","0.8125","0.8125"
"2110633","0.53125","0.53125","0.53125"
"2110644","0.53125","0.53125","0.53125"
"2110664","0.71875","0.71875","0.71875"
"2120612","0.78125","0.78125","0.78125"
"2120647","0.375","0.375","0.375"
"2120656","0.71875","0.71875","0.71875"
"2120657","0.65625","0.65625","0.65625"
"2120660","0.5625","0.5625","0.5625"
"2120674","0.71875","0.71875","0.71875"
"2130630","0.625","0.625","0.625"
"2130641","0.625","0.625","0.625"
"2130651","0.625","0.625","0.625"
"2130679","0.53125","0.53125","0.53125"
"2130680","0.6875","0.6875","0.6875"
"2130718","0.6875","0.6875","0.6875"
"2140606","0.5625","0.5625","0.5625"
"2140608","0.40625","0.40625","0.40625"
"2140623","0.59375","0.59375","0.59375"
"2140645","0.71875","0.71875","0.71875"
"2140654","0.5","0.5","0.5"
"2140664","0.71875","0.71875","0.71875"
"2150612","0.75","0.75","0.75"
"2150616","0.65625","0.65625","0.65625"
"2150620","0.8125","0.8125","0.8125"
"2150627","0.65625","0.65625","0.65625"
"2150641","0.5","0.5","0.5"
"2150657","0.71875","0.71875","0.71875"
"2160618","0.71875","0.71875","0.71875"
"2160632","0.59375","0.59375","0.59375"
"2160633","0.75","0.75","0.75"
"2160645","0.6875","0.6875","0.6875"
"2160660","0.65625","0.65625","0.65625"
"2160665","0.625","0.625","0.625"
"2170603","0.4375","0.4375","0.4375"
"2170607","0.625","0.625","0.625"
"2170643","0.5","0.5","0.5"
"2170650","0.53125","0.53125","0.53125"
"2170653","0.46875","0.46875","0.46875"
"2170664","0.8125","0.8125","0.8125"
"2180600","0.65625","0.65625","0.65625"
"2180620","0.65625","0.65625","0.65625"
"2180622","0.5625","0.5625","0.5625"
"2180635","0.6875","0.6875","0.6875"
"2180644","0.59375","0.59375","0.59375"
"2180657","0.4375","0.4375","0.4375"
"2190600","0.46875","0.46875","0.46875"
"2190615","0.78125","0.78125","0.78125"
"2190633","0.5625","0.5625","0.5625"
"2190635","0.78125","0.78125","0.78125"
"2190641","0.75","0.75","0.75"
"2190658","0.6875","0.6875","0.6875"
"2200604","0.40625","0.40625","0.40625"
"2200625","0.546875","0.53125","0.5625"
"2200662","0.625","0.625","0.625"
"2200664","0.71875","0.71875","0.71875"
"2200681","0.5625","0.5625","0.5625"
"2210609","0.625","0.625","0.625"
"2210613","0.625","0.625","0.625"
"2210638","0.59375","0.59375","0.59375"
"2210642","0.6875","0.6875","0.6875"
"2210644","0.65625","0.65625","0.65625"
"2210651","0.59375","0.59375","0.59375"
"2220602","0.65625","0.65625","0.65625"
"2220615","0.5","0.5","0.5"
"2220622","0.6875","0.6875","0.6875"
"2220635","0.6875","0.6875","0.6875"
"2220643","0.65625","0.65625","0.65625"
"2220649","0.53125","0.53125","0.53125"
"2230606","0.71875","0.71875","0.71875"
"2230616","0.65625","0.65625","0.65625"
"2230622","0.375","0.375","0.375"
"2230632","0.59375","0.59375","0.59375"
"2230640","0.75","0.75","0.75"
"2230642","0.5625","0.5625","0.5625"
"2240617","0.75","0.75","0.75"
"2240621","0.59375","0.59375","0.59375"
"2240627","0.40625","0.40625","0.40625"
"2240644","0.625","0.625","0.625"
"2240679","0.53125","0.53125","0.53125"
"2240684","0.53125","0.53125","0.53125"
"2250600","0.625","0.625","0.625"
"2250625","0.5","0.5","0.5"
"2250628","0.625","0.625","0.625"
"2250629","0.6875","0.6875","0.6875"
"2250669","0.40625","0.40625","0.40625"
"2250678","0.65625","0.65625","0.65625"
"2260602","0.5625","0.5625","0.5625"
"2260610","0.71875","0.71875","0.71875"
"2260620","0.625","0.625","0.625"
"2260634","0.65625","0.65625","0.65625"
"2260641","0.65625","0.65625","0.65625"
"2260653","0.65625","0.65625","0.65625"
"2270608","0.59375","0.59375","0.59375"
"2270621","0.5","0.5","0.5"
"2270625","0.53125","0.53125","0.53125"
"2270635","0.59375","0.59375","0.59375"
"2270643","0.8125","0.8125","0.8125"
"2270649","0.5625","0.5625","0.5625"
"2280600","0.71875","0.71875","0.71875"
"2280611","0.65625","0.65625","0.65625"
"2280642","0.578125","0.46875","0.6875"
"2280651","0.625","0.625","0.625"
"2280654","0.75","0.75","0.75"
"2290610","0.59375","0.59375","0.59375"
"2290615","0.59375","0.59375","0.59375"
"2290627","0.5","0.5","0.5"
"2290629","0.53125","0.53125","0.53125"
"2290635","0.59375","0.59375","0.59375"
"2290674","0.53125","0.53125","0.53125"
"2300602","0.59375","0.59375","0.59375"
"2300618","0.6875","0.6875","0.6875"
"2300619","0.625","0.625","0.625"
"2300625","0.59375","0.59375","0.59375"
"2300641","0.5625","0.5625","0.5625"
"2300656","0.5","0.5","0.5"
"2310605","0.5625","0.5625","0.5625"
"2310612","0.5","0.5","0.5"
"2310628","0.75","0.75","0.75"
"2310634","0.65625","0.65625","0.65625"
"2310644","0.6875","0.6875","0.6875"
"2310648","0.75","0.75","0.75"
"2320615","0.5625","0.5625","0.5625"
"2320624","0.65625","0.65625","0.65625"
"2320625","0.75","0.75","0.75"
"2320634","0.5625","0.5625","0.5625"
"2320644","0.71875","0.71875","0.71875"
"2320655","0.65625","0.65625","0.65625"
"2330602","0.75","0.75","0.75"
"2330624","0.578125","0.5625","0.59375"
"2330627","0.625","0.625","0.625"
"2330629","0.59375","0.59375","0.59375"
"2330645","0.59375","0.59375","0.59375"
"2340600","0.65625","0.65625","0.65625"
"2340610","0.59375","0.59375","0.59375"
"2340614","0.65625","0.65625","0.65625"
"2340618","0.53125","0.53125","0.53125"
"2340628","0.59375","0.59375","0.59375"
"2340632","0.84375","0.84375","0.84375"
"2350600","0.5625","0.5625","0.5625"
"2350629","0.5625","0.5625","0.5625"
"2350645","0.625","0.625","0.625"
"2350655","0.625","0.625","0.625"
"2350657","0.46875","0.46875","0.46875"
"2350662","0.59375","0.59375","0.59375"
"2360610","0.65625","0.5","0.8125"
"2360614","0.59375","0.59375","0.59375"
"2360621","0.5625","0.5625","0.5625"
"2360636","0.5625","0.5625","0.5625"
"2360672","0.46875","0.46875","0.46875"
"2370604","0.5625","0.5625","0.5625"
"2370605","0.625","0.625","0.625"
"2370615","0.5625","0.5625","0.5625"
"2370635","0.625","0.625","0.625"
"2370638","0.5625","0.5625","0.5625"
"2370642","0.71875","0.71875","0.71875"
"2380616","0.46875","0.46875","0.46875"
"2380639","0.625","0.625","0.625"
"2380649","0.6875","0.6875","0.6875"
"2380654","0.5625","0.5625","0.5625"
"2380657","0.78125","0.78125","0.78125"
"2380677","0.625","0.625","0.625"
"2390609","0.71875","0.71875","0.71875"
"2390619","0.5","0.5","0.5"
"2390648","0.75","0.71875","0.78125"
"2390653","0.625","0.625","0.625"
"2390662","0.6875","0.6875","0.6875"
"2400602","0.46875","0.46875","0.46875"
"2400614","0.75","0.75","0.75"
"2400619","0.59375","0.59375","0.59375"
"2400634","0.65625","0.65625","0.65625"
"2400654","0.53125","0.53125","0.53125"
"2400655","0.65625","0.65625","0.65625"
"2410609","0.5","0.5","0.5"
"2410612","0.71875","0.71875","0.71875"
"2410621","0.4375","0.4375","0.4375"
"2410646","0.75","0.75","0.75"
"2410652","0.40625","0.40625","0.40625"
"2410660","0.59375","0.59375","0.59375"
"2420617","0.65625","0.5625","0.75"
"2420619","0.5","0.5","0.5"
"2420627","0.53125","0.53125","0.53125"
"2420637","0.65625","0.65625","0.65625"
"2420639","0.46875","0.46875","0.46875"
"2430618","0.53125","0.53125","0.53125"
"2430626","0.515625","0.4375","0.59375"
"2430632","0.625","0.625","0.625"
"2430645","0.5625","0.5625","0.5625"
"2430646","0.625","0.625","0.625"
"2440603","0.640625","0.625","0.65625"
"2440637","0.8125","0.8125","0.8125"
"2440652","0.5625","0.46875","0.65625"
"2440658","0.59375","0.59375","0.59375"
"2450614","0.46875","0.46875","0.46875"
"2450618","0.65625","0.65625","0.65625"
"2450619","0.625","0.625","0.625"
"2450623","0.71875","0.65625","0.78125"
"2450638","0.59375","0.59375","0.59375"
"2460606","0.65625","0.65625","0.65625"
"2460630","0.5","0.5","0.5"
"2460639","0.5","0.5","0.5"
"2460642","0.65625","0.65625","0.65625"
"2460655","0.53125","0.53125","0.53125"
"2460656","0.59375","0.59375","0.59375"
"2470607","0.625","0.625","0.625"
"2470609","0.6875","0.6875","0.6875"
"2470642","0.625","0.625","0.625"
"2470644","0.65625","0.65625","0.65625"
"2470650","0.625","0.625","0.625"
"2470658","0.78125","0.78125","0.78125"
"2480607","0.59375","0.4375","0.75"
"2480616","0.65625","0.59375","0.71875"
"2480624","0.40625","0.40625","0.40625"
"2480652","0.5625","0.5625","0.5625"
"2490628","0.65625","0.65625","0.65625"
"2490648","0.53125","0.53125","0.53125"
"2490653","0.59375","0.59375","0.59375"
"2490654","0.6875","0.6875","0.6875"
"2490656","0.625","0.625","0.625"
"2490665","0.5625","0.5625","0.5625"
"2500600","0.75","0.75","0.75"
"2500619","0.65625","0.65625","0.65625"
"2500623","0.53125","0.53125","0.53125"
"2500646","0.71875","0.71875","0.71875"
"2500653","0.65625","0.65625","0.65625"
"2500656","0.71875","0.71875","0.71875"
"2510602","0.625","0.625","0.625"
"2510604","0.75","0.75","0.75"
"2510622","0.59375","0.59375","0.59375"
"2510626","0.59375","0.59375","0.59375"
"2510634","0.53125","0.53125","0.53125"
"2510670","0.53125","0.53125","0.53125"
"2520601","0.625","0.625","0.625"
"2520605","0.5625","0.5625","0.5625"
"2520608","0.78125","0.78125","0.78125"
"2520612","0.65625","0.65625","0.65625"
"2520639","0.65625","0.65625","0.65625"
"2520652","0.65625","0.65625","0.65625"
"2530618","0.59375","0.59375","0.59375"
"2530629","0.59375","0.59375","0.59375"
"2530645","0.46875","0.46875","0.46875"
"2530648","0.5","0.5","0.5"
"2530653","0.5625","0.5625","0.5625"
"2530685","0.53125","0.53125","0.53125"
"2540625","0.71875","0.71875","0.71875"
"2540628","0.75","0.75","0.75"
"2540643","0.46875","0.46875","0.46875"
"2540649","0.625","0.625","0.625"
"2540652","0.625","0.625","0.625"
"2540665","0.71875","0.71875","0.71875"
"2550616","0.53125","0.5","0.5625"
"2550617","0.625","0.625","0.625"
"2550637","0.4375","0.4375","0.4375"
"2550643","0.6875","0.6875","0.6875"
"2550647","0.65625","0.65625","0.65625"
"2560603","0.5625","0.5625","0.5625"
"2560615","0.6875","0.6875","0.6875"
"2560617","0.53125","0.53125","0.53125"
"2560643","0.65625","0.65625","0.65625"
"2560657","0.71875","0.71875","0.71875"
"2560667","0.59375","0.59375","0.59375"
"2570602","0.75","0.75","0.75"
"2570603","0.53125","0.53125","0.53125"
"2570609","0.53125","0.53125","0.53125"
"2570620","0.5625","0.5625","0.5625"
"2570624","0.625","0.625","0.625"
"2570628","0.59375","0.59375","0.59375"
"2580616","0.78125","0.78125","0.78125"
"2580624","0.53125","0.53125","0.53125"
"2580625","0.71875","0.71875","0.71875"
"2580641","0.5625","0.5625","0.5625"
"2580648","0.5625","0.5625","0.5625"
"2580671","0.6875","0.6875","0.6875"
"2590607","0.78125","0.78125","0.78125"
"2590623","0.5625","0.5625","0.5625"
"2590627","0.59375","0.59375","0.59375"
"2590655","0.5625","0.5625","0.5625"
"2590669","0.59375","0.59375","0.59375"
"2590681","0.71875","0.71875","0.71875"
"2600610","0.65625","0.65625","0.65625"
"2600613","0.625","0.625","0.625"
"2600621","0.5625","0.5625","0.5625"
"2600656","0.5625","0.46875","0.65625"
"2600680","0.59375","0.59375","0.59375"
"2610600","0.375","0.375","0.375"
"2610620","0.625","0.625","0.625"
"2610624","0.59375","0.59375","0.59375"
"2610628","0.6875","0.6875","0.6875"
"2610631","0.65625","0.65625","0.65625"
"2610648","0.59375","0.59375","0.59375"
"2620615","0.625","0.625","0.625"
"2620619","0.625","0.625","0.625"
"2620638","0.65625","0.65625","0.65625"
"2620644","0.53125","0.53125","0.53125"
"2620650","0.59375","0.59375","0.59375"
"2620674","0.65625","0.65625","0.65625"
"2630610","0.5625","0.5625","0.5625"
"2630615","0.5625","0.5625","0.5625"
"2630620","0.59375","0.59375","0.59375"
"2630633","0.65625","0.65625","0.65625"
"2630648","0.6875","0.6875","0.6875"
"2630657","0.59375","0.59375","0.59375"
"2640610","0.65625","0.65625","0.65625"
"2640612","0.6875","0.6875","0.6875"
"2640628","0.65625","0.625","0.6875"
"2640645","0.5625","0.5625","0.5625"
"2640669","0.71875","0.71875","0.71875"
"2650612","0.5","0.5","0.5"
"2650624","0.6875","0.6875","0.6875"
"2650625","0.78125","0.78125","0.78125"
"2650658","0.65625","0.65625","0.65625"
"2650665","0.65625","0.65625","0.65625"
"2660608","0.59375","0.59375","0.59375"
"2660623","0.6875","0.6875","0.6875"
"2660627","0.59375","0.59375","0.59375"
"2660633","0.8125","0.8125","0.8125"
"2660667","0.65625","0.65625","0.65625"
"2660684","0.53125","0.53125","0.53125"
"2670606","0.59375","0.59375","0.59375"
"2670630","0.53125","0.53125","0.53125"
"2670632","0.5625","0.5625","0.5625"
"2670643","0.46875","0.46875","0.46875"
"2670651","0.78125","0.78125","0.78125"
"2670667","0.625","0.625","0.625"
"2680607","0.65625","0.65625","0.65625"
"2680608","0.625","0.625","0.625"
"2680621","0.59375","0.59375","0.59375"
"2680632","0.75","0.75","0.75"
"2680642","0.5","0.5","0.5"
"2680646","0.5","0.5","0.5"
"2690615","0.8125","0.8125","0.8125"
"2690628","0.5625","0.5625","0.5625"
"2690638","0.6875","0.6875","0.6875"
"2690646","0.65625","0.65625","0.65625"
"2690657","0.53125","0.53125","0.53125"
"2690681","0.78125","0.78125","0.78125"
"2700618","0.59375","0.5625","0.625"
"2700636","0.6875","0.6875","0.6875"
"2700648","0.59375","0.59375","0.59375"
"2700664","0.59375","0.59375","0.59375"
"2710606","0.46875","0.46875","0.46875"
"2710617","0.53125","0.53125","0.53125"
"2710626","0.71875","0.71875","0.71875"
"2710631","0.53125","0.53125","0.53125"
"2710641","0.65625","0.65625","0.65625"
"2720600","0.65625","0.65625","0.65625"
"2720607","0.5625","0.5625","0.5625"
"2720621","0.59375","0.59375","0.59375"
"2720630","0.46875","0.46875","0.46875"
"2720644","0.75","0.75","0.75"
"2730600","0.5","0.5","0.5"
"2730603","0.625","0.625","0.625"
"2730642","0.6875","0.6875","0.6875"
"2730649","0.65625","0.65625","0.65625"
"2740622","0.5625","0.5625","0.5625"
"2740629","0.6875","0.6875","0.6875"
"2740646","0.5625","0.5625","0.5625"
"2740652","0.53125","0.53125","0.53125"
"2750624","0.5625","0.5625","0.5625"
"2750628","0.59375","0.59375","0.59375"
"2750642","0.59375","0.59375","0.59375"
"2750655","0.75","0.75","0.75"
"2760625","0.53125","0.53125","0.53125"
"2760629","0.59375","0.59375","0.59375"
"2760647","0.59375","0.59375","0.59375"
"2770613","0.59375","0.59375","0.59375"
"2770636","0.75","0.75","0.75"
"2770649","0.6875","0.6875","0.6875"
"2780628","0.75","0.75","0.75"
"2780655","0.625","0.625","0.625"
"2790603","0.78125","0.78125","0.78125"
"2790670","0.5625","0.5625","0.5625"
"2800653","0.5625","0.5625","0.5625"
"2810615","0.59375","0.59375","0.59375"
"2820620","0.5625","0.5625","0.5625"