"Step","Group: 5m_vs_6m_ACORM_WM - win_rate","Group: 5m_vs_6m_ACORM_WM - win_rate__MIN","Group: 5m_vs_6m_ACORM_WM - win_rate__MAX"
"0","0","0","0"
"10600","0","0","0"
"10605","0","0","0"
"10612","0","0","0"
"10613","0","0","0"
"10616","0","0","0"
"10618","0","0","0"
"20602","0","0","0"
"20609","0","0","0"
"20610","0","0","0"
"20615","0","0","0"
"20617","0","0","0"
"30606","0.015625","0","0.03125"
"30607","0","0","0"
"30616","0.03125","0.03125","0.03125"
"30619","0","0","0"
"30635","0","0","0"
"40601","0","0","0"
"40603","0","0","0"
"40612","0","0","0"
"40615","0","0","0"
"40617","0","0","0"
"50602","0","0","0"
"50603","0","0","0"
"50614","0","0","0"
"50616","0.015625","0","0.03125"
"60604","0","0","0"
"60607","0","0","0"
"60610","0","0","0"
"60611","0","0","0"
"60621","0","0","0"
"70607","0","0","0"
"70610","0","0","0"
"70614","0","0","0"
"70617","0","0","0"
"70622","0","0","0"
"80603","0","0","0"
"80604","0","0","0"
"80608","0","0","0"
"80613","0","0","0"
"80614","0","0","0"
"80620","0.03125","0.03125","0.03125"
"90605","0","0","0"
"90606","0","0","0"
"90611","0","0","0"
"90612","0.03125","0.03125","0.03125"
"90613","0","0","0"
"90619","0","0","0"
"100609","0","0","0"
"100611","0","0","0"
"100612","0.09375","0.09375","0.09375"
"100617","0.015625","0","0.03125"
"110604","0","0","0"
"110605","0","0","0"
"110606","0.03125","0.03125","0.03125"
"110616","0.0625","0.0625","0.0625"
"110618","0.015625","0","0.03125"
"120600","0.1875","0.1875","0.1875"
"120606","0.015625","0","0.03125"
"120610","0","0","0"
"120611","0","0","0"
"120619","0.25","0.25","0.25"
"130604","0","0","0"
"130605","0.0625","0.0625","0.0625"
"130611","0.0625","0.0625","0.0625"
"130613","0","0","0"
"130620","0","0","0"
"130623","0.0625","0.0625","0.0625"
"140601","0","0","0"
"140603","0","0","0"
"140606","0.34375","0.34375","0.34375"
"140608","0","0","0"
"140610","0.125","0.125","0.125"
"140612","0","0","0"
"150603","0.125","0.0625","0.1875"
"150604","0","0","0"
"150605","0.09375","0.09375","0.09375"
"150623","0.1875","0.1875","0.1875"
"150627","0.15625","0.15625","0.15625"
"160600","0.3125","0.3125","0.3125"
"160601","0","0","0"
"160602","0.1875","0.1875","0.1875"
"160609","0.09375","0.09375","0.09375"
"160618","0.1875","0.1875","0.1875"
"160621","0.25","0.25","0.25"
"170603","0.40625","0.40625","0.40625"
"170609","0.28125","0.21875","0.34375"
"170615","0.28125","0.28125","0.28125"
"170616","0.09375","0.09375","0.09375"
"170617","0.0625","0.0625","0.0625"
"180600","0.46875","0.46875","0.46875"
"180610","0.4375","0.4375","0.4375"
"180613","0.21875","0.21875","0.21875"
"180622","0.21875","0.21875","0.21875"
"180626","0.09375","0.09375","0.09375"
"190603","0.53125","0.53125","0.53125"
"190604","0.0625","0.0625","0.0625"
"190609","0.125","0.125","0.125"
"190615","0.1875","0.1875","0.1875"
"190618","0.0625","0.0625","0.0625"
"190621","0.4375","0.4375","0.4375"
"200601","0.3125","0.3125","0.3125"
"200602","0.59375","0.59375","0.59375"
"200603","0.28125","0.28125","0.28125"
"200606","0.21875","0.21875","0.21875"
"200618","0.40625","0.40625","0.40625"
"200621","0.40625","0.40625","0.40625"
"210603","0.21875","0.21875","0.21875"
"210607","0.25","0.03125","0.46875"
"210614","0.15625","0.15625","0.15625"
"210618","0.21875","0.21875","0.21875"
"210666","0.375","0.375","0.375"
"220602","0.375","0.375","0.375"
"220603","0.5","0.5","0.5"
"220607","0.375","0.375","0.375"
"220609","0.125","0.125","0.125"
"220616","0.59375","0.59375","0.59375"
"220629","0","0","0"
"230600","0.4375","0.4375","0.4375"
"230608","0.46875","0.46875","0.46875"
"230610","0.1875","0.0625","0.3125"
"230611","0.25","0.25","0.25"
"230612","0","0","0"
"240604","0.3125","0.3125","0.3125"
"240606","0.625","0.625","0.625"
"240608","0.3125","0.3125","0.3125"
"240610","0.0625","0.0625","0.0625"
"240612","0.3125","0.3125","0.3125"
"240621","0.46875","0.46875","0.46875"
"250602","0.390625","0.3125","0.46875"
"250603","0.5","0.5","0.5"
"250604","0.40625","0.40625","0.40625"
"250611","0.5","0.5","0.5"
"250620","0.5","0.5","0.5"
"260607","0.4375","0.4375","0.4375"
"260608","0.5","0.5","0.5"
"260609","0.59375","0.59375","0.59375"
"260613","0.375","0.375","0.375"
"260620","0.4375","0.4375","0.4375"
"260626","0.40625","0.40625","0.40625"
"270609","0.5","0.5","0.5"
"270617","0.375","0.375","0.375"
"270618","0.53125","0.53125","0.53125"
"270620","0.4375","0.4375","0.4375"
"270621","0.59375","0.59375","0.59375"
"270623","0.5","0.5","0.5"
"280604","0.625","0.625","0.625"
"280607","0.53125","0.53125","0.53125"
"280611","0.375","0.375","0.375"
"280620","0.515625","0.375","0.65625"
"280624","0.4375","0.4375","0.4375"
"290600","0.34375","0.34375","0.34375"
"290602","0.375","0.375","0.375"
"290605","0.65625","0.65625","0.65625"
"290610","0.4375","0.4375","0.4375"
"290618","0.59375","0.59375","0.59375"
"290624","0.3125","0.3125","0.3125"
"300604","0.59375","0.59375","0.59375"
"300605","0.46875","0.46875","0.46875"
"300610","0.8125","0.8125","0.8125"
"300615","0.53125","0.53125","0.53125"
"300616","0.5625","0.5625","0.5625"
"300619","0.40625","0.40625","0.40625"
"310601","0.625","0.625","0.625"
"310602","0.46875","0.46875","0.46875"
"310605","0.65625","0.65625","0.65625"
"310611","0.5","0.5","0.5"
"310615","0.625","0.625","0.625"
"310616","0.40625","0.40625","0.40625"
"320604","0.59375","0.59375","0.59375"
"320609","0.1875","0.1875","0.1875"
"320612","0.5625","0.5625","0.5625"
"320616","0.5625","0.5625","0.5625"
"320617","0.6875","0.6875","0.6875"
"330608","0.78125","0.78125","0.78125"
"330609","0.53125","0.53125","0.53125"
"330612","0.625","0.625","0.625"
"330617","0.6875","0.6875","0.6875"
"330618","0.53125","0.53125","0.53125"
"340601","0.78125","0.78125","0.78125"
"340604","0.4375","0.4375","0.4375"
"340607","0.34375","0.34375","0.34375"
"340609","0.5","0.5","0.5"
"340620","0.5","0.5","0.5"
"350601","0.71875","0.71875","0.71875"
"350609","0.40625","0.40625","0.40625"
"350615","0.5625","0.5625","0.5625"
"350616","0.625","0.625","0.625"
"350625","0.59375","0.59375","0.59375"
"360602","0.46875","0.46875","0.46875"
"360607","0.78125","0.78125","0.78125"
"360614","0.5625","0.5625","0.5625"
"360617","0.625","0.625","0.625"
"360627","0.5","0.5","0.5"
"370605","0.53125","0.53125","0.53125"
"370612","0.625","0.625","0.625"
"370621","0.578125","0.46875","0.6875"
"370626","0.6875","0.6875","0.6875"
"380601","0.5625","0.5625","0.5625"
"380611","0.65625","0.65625","0.65625"
"380612","0.65625","0.65625","0.65625"
"380616","0.53125","0.53125","0.53125"
"380621","0.5625","0.5625","0.5625"
"390604","0.53125","0.53125","0.53125"
"390608","0.5","0.5","0.5"
"390613","0.53125","0.53125","0.53125"
"390615","0.4375","0.4375","0.4375"
"390621","0.75","0.75","0.75"
"400604","0.78125","0.78125","0.78125"
"400613","0.578125","0.5625","0.59375"
"400618","0.53125","0.53125","0.53125"
"400622","0.5625","0.5625","0.5625"
"410600","0.5625","0.5625","0.5625"
"410604","0.46875","0.46875","0.46875"
"410609","0.65625","0.65625","0.65625"
"410610","0.53125","0.53125","0.53125"
"410621","0.65625","0.65625","0.65625"
"420600","0.4375","0.4375","0.4375"
"420606","0.65625","0.65625","0.65625"
"420610","0.625","0.625","0.625"
"420621","0.5","0.5","0.5"
"420622","0.59375","0.59375","0.59375"
"430605","0.46875","0.46875","0.46875"
"430608","0.59375","0.59375","0.59375"
"430612","0.625","0.625","0.625"
"430616","0.46875","0.46875","0.46875"
"430620","0.40625","0.40625","0.40625"
"440606","0.71875","0.71875","0.71875"
"440610","0.53125","0.53125","0.53125"
"440616","0.5625","0.5625","0.5625"
"440617","0.40625","0.40625","0.40625"
"440624","0.6875","0.6875","0.6875"
"450600","0.53125","0.53125","0.53125"
"450602","0.625","0.625","0.625"
"450606","0.71875","0.71875","0.71875"
"450608","0.84375","0.84375","0.84375"
"450617","0.625","0.625","0.625"
"460612","0.6458333333333334","0.59375","0.6875"
"460616","0.6875","0.6875","0.6875"
"460626","0.53125","0.53125","0.53125"
"470608","0.625","0.625","0.625"
"470616","0.65625","0.65625","0.65625"
"470617","0.4375","0.4375","0.4375"
"470619","0.6875","0.6875","0.6875"
"470622","0.53125","0.53125","0.53125"
"480607","0.53125","0.4375","0.625"
"480610","0.75","0.75","0.75"
"480617","0.6875","0.6875","0.6875"
"480619","0.6875","0.6875","0.6875"
"490603","0.59375","0.59375","0.59375"
"490605","0.75","0.75","0.75"
"490612","0.59375","0.59375","0.59375"
"490618","0.6875","0.6875","0.6875"
"490633","0.59375","0.59375","0.59375"
"500600","0.46875","0.46875","0.46875"
"500613","0.671875","0.65625","0.6875"
"500614","0.5625","0.5625","0.5625"
"500625","0.625","0.625","0.625"
"510601","0.4375","0.4375","0.4375"
"510603","0.5625","0.5625","0.5625"
"510608","0.625","0.625","0.625"
"510611","0.6875","0.6875","0.6875"
"510626","0.625","0.625","0.625"
"520606","0.78125","0.78125","0.78125"
"520608","0.625","0.625","0.625"
"520614","0.53125","0.53125","0.53125"
"520622","0.53125","0.46875","0.59375"
"530604","0.34375","0.34375","0.34375"
"530608","0.46875","0.46875","0.46875"
"530621","0.625","0.625","0.625"
"530622","0.78125","0.78125","0.78125"
"530627","0.5625","0.5625","0.5625"
"540609","0.625","0.5625","0.6875"
"540610","0.53125","0.53125","0.53125"
"540612","0.5625","0.5625","0.5625"
"540620","0.46875","0.46875","0.46875"
"550603","0.5","0.5","0.5"
"550605","0.59375","0.59375","0.59375"
"550606","0.5625","0.5625","0.5625"
"550611","0.71875","0.71875","0.71875"
"550613","0.75","0.75","0.75"
"560605","0.34375","0.34375","0.34375"
"560608","0.6875","0.6875","0.6875"
"560620","0.5625","0.5625","0.5625"
"560622","0.375","0.375","0.375"
"560624","0.65625","0.65625","0.65625"
"570602","0.6875","0.6875","0.6875"
"570612","0.5","0.5","0.5"
"570614","0.5625","0.5625","0.5625"
"570617","0.5625","0.5625","0.5625"
"570624","0.5625","0.5625","0.5625"
"580602","0.65625","0.65625","0.65625"
"580610","0.6875","0.6875","0.6875"
"580611","0.8125","0.8125","0.8125"
"580613","0.65625","0.65625","0.65625"
"580618","0.59375","0.59375","0.59375"
"590606","0.40625","0.40625","0.40625"
"590618","0.6458333333333334","0.53125","0.71875"
"590624","0.59375","0.59375","0.59375"
"600610","0.625","0.625","0.625"
"600612","0.65625","0.65625","0.65625"
"600618","0.5","0.5","0.5"
"600619","0.6875","0.6875","0.6875"
"600623","0.5625","0.5625","0.5625"
"610608","0.625","0.625","0.625"
"610611","0.6875","0.6875","0.6875"
"610623","0.6770833333333334","0.59375","0.8125"
"620602","0.71875","0.71875","0.71875"
"620606","0.5625","0.53125","0.59375"
"620614","0.59375","0.59375","0.59375"
"620623","0.59375","0.59375","0.59375"
"630601","0.59375","0.59375","0.59375"
"630612","0.75","0.75","0.75"
"630614","0.5625","0.5625","0.5625"
"630621","0.78125","0.78125","0.78125"
"630623","0.625","0.625","0.625"
"640607","0.53125","0.53125","0.53125"
"640612","0.5","0.5","0.5"
"640615","0.671875","0.59375","0.75"
"640617","0.6875","0.6875","0.6875"
"650616","0.625","0.625","0.625"
"650619","0.75","0.75","0.75"
"650627","0.578125","0.3125","0.84375"
"650629","0.5625","0.5625","0.5625"
"660612","0.71875","0.71875","0.71875"
"660613","0.59375","0.59375","0.59375"
"660615","0.6875","0.65625","0.71875"
"660616","0.75","0.75","0.75"
"670605","0.625","0.625","0.625"
"670606","0.75","0.75","0.75"
"670609","0.71875","0.71875","0.71875"
"670617","0.65625","0.65625","0.65625"
"670620","0.625","0.625","0.625"
"680601","0.59375","0.59375","0.59375"
"680605","0.8125","0.8125","0.8125"
"680607","0.75","0.75","0.75"
"680609","0.625","0.625","0.625"
"680621","0.46875","0.46875","0.46875"
"690605","0.5","0.5","0.5"
"690608","0.78125","0.78125","0.78125"
"690610","0.65625","0.65625","0.65625"
"690617","0.59375","0.59375","0.59375"
"690618","0.625","0.625","0.625"
"700608","0.6875","0.6875","0.6875"
"700611","0.6666666666666666","0.59375","0.8125"
"700624","0.8125","0.8125","0.8125"
"710607","0.78125","0.78125","0.78125"
"710612","0.5625","0.5625","0.5625"
"710615","0.53125","0.53125","0.53125"
"710621","0.5625","0.5625","0.5625"
"710624","0.65625","0.65625","0.65625"
"720604","0.6875","0.65625","0.71875"
"720607","0.8125","0.8125","0.8125"
"720612","0.53125","0.53125","0.53125"
"720621","0.71875","0.71875","0.71875"
"730604","0.4375","0.4375","0.4375"
"730605","0.6875","0.6875","0.6875"
"730612","0.65625","0.65625","0.65625"
"730616","0.6875","0.6875","0.6875"
"730620","0.53125","0.53125","0.53125"
"740607","0.625","0.46875","0.78125"
"740609","0.71875","0.71875","0.71875"
"740611","0.59375","0.59375","0.59375"
"740615","0.65625","0.65625","0.65625"
"750606","0.75","0.75","0.75"
"750607","0.65625","0.65625","0.65625"
"750612","0.734375","0.6875","0.78125"
"750617","0.65625","0.65625","0.65625"
"760604","0.71875","0.71875","0.71875"
"760607","0.78125","0.78125","0.78125"
"760610","0.8125","0.8125","0.8125"
"760619","0.78125","0.78125","0.78125"
"760627","0.65625","0.65625","0.65625"
"770600","0.75","0.75","0.75"
"770602","0.71875","0.71875","0.71875"
"770604","0.625","0.625","0.625"
"770613","0.5625","0.5625","0.5625"
"770615","0.71875","0.71875","0.71875"
"780602","0.625","0.625","0.625"
"780610","0.59375","0.59375","0.59375"
"780611","0.78125","0.78125","0.78125"
"780617","0.78125","0.78125","0.78125"
"780622","0.53125","0.53125","0.53125"
"790605","0.5625","0.5625","0.5625"
"790615","0.59375","0.59375","0.59375"
"790616","0.59375","0.5","0.6875"
"790621","0.75","0.75","0.75"
"800605","0.6875","0.6875","0.6875"
"800606","0.8125","0.8125","0.8125"
"800611","0.4375","0.4375","0.4375"
"800621","0.65625","0.65625","0.65625"
"800626","0.59375","0.59375","0.59375"
"810601","0.75","0.75","0.75"
"810605","0.6875","0.6875","0.6875"
"810606","0.75","0.75","0.75"
"810612","0.53125","0.53125","0.53125"
"810619","0.78125","0.78125","0.78125"
"820601","0.71875","0.71875","0.71875"
"820604","0.5625","0.5625","0.5625"
"820608","0.6875","0.6875","0.6875"
"820623","0.765625","0.75","0.78125"
"830600","0.796875","0.78125","0.8125"
"830616","0.625","0.625","0.625"
"830617","0.875","0.875","0.875"
"830623","0.6875","0.6875","0.6875"
"840607","0.53125","0.53125","0.53125"
"840619","0.84375","0.84375","0.84375"
"840620","0.734375","0.71875","0.75"
"840621","0.6875","0.6875","0.6875"
"850600","0.59375","0.59375","0.59375"
"850601","0.5625","0.5625","0.5625"
"850618","0.75","0.75","0.75"
"850624","0.625","0.625","0.625"
"850626","0.625","0.625","0.625"
"860601","0.59375","0.59375","0.59375"
"860606","0.8125","0.8125","0.8125"
"860610","0.65625","0.65625","0.65625"
"860616","0.65625","0.65625","0.65625"
"860620","0.6875","0.6875","0.6875"
"870600","0.65625","0.65625","0.65625"
"870604","0.59375","0.59375","0.59375"
"870618","0.59375","0.59375","0.59375"
"870621","0.75","0.75","0.75"
"870622","0.75","0.75","0.75"
"880604","0.46875","0.46875","0.46875"
"880607","0.65625","0.65625","0.65625"
"880616","0.6875","0.6875","0.6875"
"880617","0.71875","0.71875","0.71875"
"880624","0.65625","0.65625","0.65625"
"890601","0.625","0.625","0.625"
"890606","0.671875","0.625","0.71875"
"890607","0.75","0.75","0.75"
"890622","0.625","0.625","0.625"
"900606","0.65625","0.65625","0.65625"
"900608","0.578125","0.5625","0.59375"
"900613","0.75","0.75","0.75"
"900616","0.65625","0.65625","0.65625"
"910603","0.59375","0.59375","0.59375"
"910605","0.59375","0.59375","0.59375"
"910613","0.65625","0.625","0.6875"
"910616","0.75","0.75","0.75"
"920604","0.71875","0.71875","0.71875"
"920610","0.71875","0.71875","0.71875"
"920613","0.609375","0.59375","0.625"
"920617","0.625","0.625","0.625"
"930605","0.6875","0.65625","0.71875"
"930607","0.8125","0.8125","0.8125"
"930614","0.875","0.875","0.875"
"930619","0.75","0.75","0.75"
"940600","0.6875","0.6875","0.6875"
"940601","0.71875","0.71875","0.71875"
"940602","0.75","0.75","0.75"
"940604","0.625","0.625","0.625"
"940626","0.53125","0.53125","0.53125"
"950604","0.5","0.5","0.5"
"950612","0.78125","0.78125","0.78125"
"950613","0.75","0.75","0.75"
"950617","0.671875","0.59375","0.75"
"960600","0.65625","0.65625","0.65625"
"960604","0.78125","0.78125","0.78125"
"960616","0.75","0.75","0.75"
"960619","0.71875","0.71875","0.71875"
"960621","0.59375","0.59375","0.59375"
"970608","0.625","0.625","0.625"
"970609","0.71875","0.71875","0.71875"
"970621","0.6875","0.6875","0.6875"
"970622","0.625","0.625","0.625"
"970633","0.625","0.625","0.625"
"980603","0.65625","0.65625","0.65625"
"980610","0.78125","0.78125","0.78125"
"980615","0.75","0.75","0.75"
"980625","0.59375","0.59375","0.59375"
"980627","0.59375","0.59375","0.59375"
"990601","0.71875","0.71875","0.71875"
"990607","0.625","0.625","0.625"
"990610","0.625","0.625","0.625"
"990614","0.75","0.75","0.75"
"990616","0.65625","0.65625","0.65625"
"1000603","0.71875","0.6875","0.75"
"1000609","0.59375","0.59375","0.59375"
"1000613","0.8125","0.8125","0.8125"
"1000614","0.625","0.625","0.625"
"1010602","0.78125","0.78125","0.78125"
"1010606","0.71875","0.71875","0.71875"
"1010614","0.6875","0.6875","0.6875"
"1010620","0.78125","0.78125","0.78125"
"1010625","0.75","0.75","0.75"
"1020602","0.78125","0.78125","0.78125"
"1020604","0.5625","0.5625","0.5625"
"1020607","0.59375","0.59375","0.59375"
"1020612","0.625","0.625","0.625"
"1020616","0.84375","0.84375","0.84375"
"1030602","0.8125","0.8125","0.8125"
"1030615","0.8125","0.8125","0.8125"
"1030619","0.65625","0.65625","0.65625"
"1030620","0.6875","0.6875","0.6875"
"1030625","0.59375","0.59375","0.59375"
"1040604","0.6875","0.6875","0.6875"
"1040608","0.71875","0.71875","0.71875"
"1040615","0.78125","0.78125","0.78125"
"1040620","0.6875","0.6875","0.6875"
"1040628","0.78125","0.78125","0.78125"
"1050601","0.6875","0.6875","0.6875"
"1050610","0.8125","0.8125","0.8125"
"1050618","0.6875","0.6875","0.6875"
"1050622","0.78125","0.78125","0.78125"
"1050624","0.75","0.75","0.75"
"1060600","0.71875","0.71875","0.71875"
"1060609","0.71875","0.71875","0.71875"
"1060614","0.640625","0.59375","0.6875"
"1060619","0.75","0.75","0.75"
"1070601","0.90625","0.90625","0.90625"
"1070610","0.78125","0.78125","0.78125"
"1070612","0.59375","0.59375","0.59375"
"1070615","0.75","0.75","0.75"
"1070626","0.8125","0.8125","0.8125"
"1080606","0.75","0.75","0.75"
"1080616","0.71875","0.71875","0.71875"
"1080618","0.5","0.5","0.5"
"1080624","0.671875","0.625","0.71875"
"1090606","0.6875","0.6875","0.6875"
"1090607","0.65625","0.65625","0.65625"
"1090616","0.75","0.75","0.75"
"1090622","0.71875","0.71875","0.71875"
"1090623","0.59375","0.59375","0.59375"
"1100603","0.84375","0.84375","0.84375"
"1100616","0.6875","0.65625","0.71875"
"1100619","0.53125","0.53125","0.53125"
"1100620","0.875","0.875","0.875"
"1110614","0.65625","0.65625","0.65625"
"1110617","0.78125","0.78125","0.78125"
"1110619","0.59375","0.59375","0.59375"
"1110621","0.75","0.75","0.75"
"1120605","0.625","0.625","0.625"
"1120606","0.71875","0.71875","0.71875"
"1120616","0.625","0.625","0.625"
"1120620","0.625","0.625","0.625"
"1120622","0.6875","0.6875","0.6875"
"1130609","0.6875","0.6875","0.6875"
"1130613","0.71875","0.71875","0.71875"
"1130618","0.71875","0.5","0.9375"
"1130625","0.59375","0.59375","0.59375"
"1140603","0.5625","0.5625","0.5625"
"1140610","0.65625","0.65625","0.65625"
"1140614","0.59375","0.59375","0.59375"
"1140620","0.8125","0.8125","0.8125"
"1140621","0.71875","0.71875","0.71875"
"1150612","0.6875","0.6875","0.6875"
"1150613","0.6875","0.6875","0.6875"
"1150615","0.75","0.75","0.75"
"1150617","0.75","0.75","0.75"
"1150622","0.71875","0.71875","0.71875"
"1160604","0.71875","0.71875","0.71875"
"1160605","0.6875","0.6875","0.6875"
"1160614","0.875","0.875","0.875"
"1160616","0.65625","0.65625","0.65625"
"1160621","0.8125","0.8125","0.8125"
"1170603","0.78125","0.78125","0.78125"
"1170608","0.5","0.5","0.5"
"1170618","0.78125","0.78125","0.78125"
"1170620","0.90625","0.90625","0.90625"
"1170621","0.625","0.625","0.625"
"1180606","0.5625","0.5625","0.5625"
"1180608","0.71875","0.71875","0.71875"
"1180610","0.8125","0.8125","0.8125"
"1180612","0.65625","0.65625","0.65625"
"1180621","0.6875","0.6875","0.6875"
"1190603","0.59375","0.59375","0.59375"
"1190605","0.65625","0.65625","0.65625"
"1190608","0.75","0.75","0.75"
"1190619","0.8125","0.8125","0.8125"
"1190621","0.65625","0.65625","0.65625"
"1200605","0.6875","0.6875","0.6875"
"1200606","0.75","0.75","0.75"
"1200618","0.71875","0.71875","0.71875"
"1200623","0.703125","0.59375","0.8125"
"1210600","0.65625","0.65625","0.65625"
"1210604","0.75","0.75","0.75"
"1210610","0.75","0.75","0.75"
"1210613","0.6875","0.6875","0.6875"
"1210616","0.875","0.875","0.875"
"1220606","0.6875","0.6875","0.6875"
"1220610","0.65625","0.65625","0.65625"
"1220612","0.84375","0.84375","0.84375"
"1220616","0.71875","0.71875","0.71875"
"1220620","0.875","0.875","0.875"
"1230603","0.625","0.625","0.625"
"1230605","0.78125","0.78125","0.78125"
"1230615","0.640625","0.5625","0.71875"
"1230623","0.6875","0.6875","0.6875"
"1240603","0.71875","0.71875","0.71875"
"1240605","0.65625","0.65625","0.65625"
"1240609","0.59375","0.59375","0.59375"
"1240614","0.6875","0.6875","0.6875"
"1240618","0.78125","0.78125","0.78125"
"1250600","0.8125","0.8125","0.8125"
"1250613","0.75","0.75","0.75"
"1250614","0.5625","0.5625","0.5625"
"1250615","0.71875","0.71875","0.71875"
"1250619","0.59375","0.59375","0.59375"
"1260607","0.6875","0.6875","0.6875"
"1260613","0.625","0.625","0.625"
"1260617","0.84375","0.84375","0.84375"
"1260622","0.65625","0.65625","0.65625"
"1270600","0.59375","0.59375","0.59375"
"1270610","0.875","0.875","0.875"
"1270614","0.75","0.75","0.75"
"1270615","0.65625","0.65625","0.65625"
"1270621","0.71875","0.71875","0.71875"
"1280602","0.8125","0.8125","0.8125"
"1280606","0.75","0.75","0.75"
"1280614","0.59375","0.59375","0.59375"
"1280624","0.75","0.75","0.75"
"1280626","0.65625","0.65625","0.65625"
"1290602","0.75","0.75","0.75"
"1290605","0.6875","0.6875","0.6875"
"1290608","0.75","0.75","0.75"
"1290609","0.6875","0.6875","0.6875"
"1290615","0.75","0.75","0.75"
"1300601","0.65625","0.65625","0.65625"
"1300604","0.75","0.75","0.75"
"1300606","0.65625","0.65625","0.65625"
"1300621","0.75","0.75","0.75"
"1300622","0.84375","0.84375","0.84375"
"1310601","0.78125","0.78125","0.78125"
"1310602","0.84375","0.84375","0.84375"
"1310603","0.6875","0.6875","0.6875"
"1310608","0.71875","0.71875","0.71875"
"1310619","0.71875","0.71875","0.71875"
"1320600","0.8125","0.8125","0.8125"
"1320608","0.5625","0.5625","0.5625"
"1320609","0.59375","0.59375","0.59375"
"1320615","0.875","0.875","0.875"
"1320622","0.71875","0.71875","0.71875"
"1330600","0.65625","0.65625","0.65625"
"1330607","0.75","0.75","0.75"
"1330609","0.65625","0.65625","0.65625"
"1330622","0.59375","0.5625","0.625"
"1340600","0.65625","0.65625","0.65625"
"1340615","0.6875","0.6875","0.6875"
"1340616","0.6875","0.6875","0.6875"
"1340619","0.640625","0.625","0.65625"
"1350608","0.84375","0.84375","0.84375"
"1350611","0.71875","0.71875","0.71875"
"1350613","0.75","0.75","0.75"
"1350619","0.78125","0.78125","0.78125"
"1350620","0.90625","0.90625","0.90625"
"1360601","0.6875","0.6875","0.6875"
"1360610","0.6875","0.6875","0.6875"
"1360612","0.59375","0.59375","0.59375"
"1360613","0.6875","0.6875","0.6875"
"1360621","0.65625","0.65625","0.65625"
"1370606","0.78125","0.78125","0.78125"
"1370607","0.78125","0.78125","0.78125"
"1370609","0.84375","0.84375","0.84375"
"1370613","0.6875","0.6875","0.6875"
"1370616","0.5","0.5","0.5"
"1380603","0.65625","0.625","0.6875"
"1380605","0.625","0.625","0.625"
"1380614","0.8125","0.8125","0.8125"
"1380622","0.65625","0.65625","0.65625"
"1390605","0.71875","0.71875","0.71875"
"1390609","0.65625","0.65625","0.65625"
"1390615","0.65625","0.65625","0.65625"
"1390620","0.75","0.75","0.75"
"1390625","0.78125","0.78125","0.78125"
"1400605","0.65625","0.65625","0.65625"
"1400610","0.71875","0.71875","0.71875"
"1400612","0.71875","0.71875","0.71875"
"1400617","0.84375","0.84375","0.84375"
"1400618","0.71875","0.71875","0.71875"
"1410610","0.78125","0.78125","0.78125"
"1410620","0.625","0.46875","0.71875"
"1410626","0.71875","0.71875","0.71875"
"1420608","0.78125","0.75","0.8125"
"1420615","0.65625","0.65625","0.65625"
"1420617","0.640625","0.5","0.78125"
"1430611","0.671875","0.5625","0.78125"
"1430617","0.75","0.75","0.75"
"1430618","0.75","0.75","0.75"
"1430619","0.65625","0.65625","0.65625"
"1440604","0.71875","0.71875","0.71875"
"1440608","0.71875","0.6875","0.75"
"1440609","0.6875","0.6875","0.6875"
"1440618","0.65625","0.65625","0.65625"
"1450600","0.71875","0.71875","0.71875"
"1450606","0.59375","0.59375","0.59375"
"1450612","0.65625","0.65625","0.65625"
"1450615","0.6875","0.6875","0.6875"
"1450619","0.8125","0.8125","0.8125"
"1460602","0.6875","0.6875","0.6875"
"1460608","0.71875","0.71875","0.71875"
"1460612","0.5625","0.5625","0.5625"
"1460615","0.65625","0.65625","0.65625"
"1460621","0.84375","0.84375","0.84375"
"1470603","0.71875","0.71875","0.71875"
"1470612","0.6875","0.6875","0.6875"
"1470614","0.75","0.75","0.75"
"1470618","0.71875","0.71875","0.71875"
"1470619","0.6875","0.6875","0.6875"
"1480607","0.78125","0.78125","0.78125"
"1480611","0.8125","0.8125","0.8125"
"1480617","0.78125","0.78125","0.78125"
"1480618","0.6875","0.65625","0.71875"
"1490601","0.734375","0.71875","0.75"
"1490605","0.71875","0.71875","0.71875"
"1490615","0.59375","0.59375","0.59375"
"1490618","0.625","0.625","0.625"
"1500602","0.71875","0.71875","0.71875"
"1500611","0.5625","0.5625","0.5625"
"1500612","0.625","0.625","0.625"
"1500618","0.65625","0.65625","0.65625"
"1500622","0.53125","0.53125","0.53125"
"1510605","0.71875","0.71875","0.71875"
"1510607","0.875","0.875","0.875"
"1510614","0.6875","0.6875","0.6875"
"1510620","0.40625","0.40625","0.40625"
"1510621","0.71875","0.71875","0.71875"
"1520613","0.59375","0.59375","0.59375"
"1520617","0.5625","0.5625","0.5625"
"1520618","0.59375","0.59375","0.59375"
"1520622","0.6875","0.6875","0.6875"
"1520624","0.65625","0.65625","0.65625"
"1530602","0.65625","0.65625","0.65625"
"1530612","0.78125","0.78125","0.78125"
"1530615","0.8125","0.8125","0.8125"
"1530618","0.71875","0.65625","0.78125"
"1540602","0.75","0.75","0.75"
"1540610","0.71875","0.71875","0.71875"
"1540612","0.46875","0.46875","0.46875"
"1540621","0.5625","0.5625","0.5625"
"1550605","0.8125","0.8125","0.8125"
"1550607","0.65625","0.65625","0.65625"
"1550616","0.75","0.75","0.75"
"1550618","0.71875","0.71875","0.71875"
"1560603","0.59375","0.59375","0.59375"
"1560613","0.75","0.75","0.75"
"1560616","0.59375","0.59375","0.59375"
"1560625","0.65625","0.65625","0.65625"
"1570601","0.625","0.625","0.625"
"1570605","0.875","0.875","0.875"
"1570610","0.4375","0.4375","0.4375"
"1570616","0.8125","0.8125","0.8125"
"1580600","0.59375","0.59375","0.59375"
"1580610","0.8125","0.8125","0.8125"
"1580617","0.6875","0.6875","0.6875"
"1580619","0.6875","0.6875","0.6875"
"1590601","0.71875","0.71875","0.71875"
"1590602","0.53125","0.53125","0.53125"
"1590614","0.6875","0.6875","0.6875"
"1590620","0.78125","0.78125","0.78125"
"1600600","0.5625","0.5625","0.5625"
"1600605","0.6875","0.6875","0.6875"
"1600607","0.75","0.75","0.75"
"1600618","0.71875","0.71875","0.71875"
"1610609","0.6875","0.6875","0.6875"
"1610620","0.53125","0.53125","0.53125"
"1610622","0.78125","0.78125","0.78125"
"1610625","0.65625","0.65625","0.65625"
"1620600","0.625","0.625","0.625"
"1620606","0.65625","0.65625","0.65625"
"1620612","0.78125","0.78125","0.78125"
"1620624","0.875","0.875","0.875"
"1630602","0.65625","0.65625","0.65625"
"1630605","0.6875","0.6875","0.6875"
"1630607","0.625","0.625","0.625"
"1630614","0.71875","0.71875","0.71875"
"1640606","0.6875","0.625","0.75"
"1640612","0.6875","0.6875","0.6875"
"1640624","0.75","0.75","0.75"
"1650602","0.625","0.625","0.625"
"1650606","0.6875","0.6875","0.6875"
"1650616","0.71875","0.71875","0.71875"
"1650626","0.6875","0.6875","0.6875"
"1660602","0.65625","0.65625","0.65625"
"1660612","0.75","0.75","0.75"
"1660622","0.6875","0.6875","0.6875"
"1660625","0.625","0.625","0.625"
"1670608","0.65625","0.65625","0.65625"
"1670613","0.8125","0.8125","0.8125"
"1670620","0.65625","0.65625","0.65625"
"1670621","0.59375","0.59375","0.59375"
"1680609","0.625","0.625","0.625"
"1680613","0.5625","0.5625","0.5625"
"1680614","0.625","0.625","0.625"
"1680619","0.625","0.625","0.625"
"1690600","0.78125","0.78125","0.78125"
"1690602","0.78125","0.78125","0.78125"
"1690606","0.78125","0.78125","0.78125"
"1690619","0.75","0.75","0.75"
"1700600","0.59375","0.59375","0.59375"
"1700607","0.78125","0.78125","0.78125"
"1700615","0.5625","0.5625","0.5625"
"1700621","0.8125","0.8125","0.8125"
"1710600","0.84375","0.84375","0.84375"
"1710605","0.625","0.625","0.625"
"1710614","0.78125","0.78125","0.78125"
"1710621","0.59375","0.59375","0.59375"
"1720602","0.71875","0.71875","0.71875"
"1720610","0.71875","0.71875","0.71875"
"1720611","0.84375","0.84375","0.84375"
"1720613","0.78125","0.78125","0.78125"
"1730604","0.75","0.75","0.75"
"1730616","0.78125","0.78125","0.78125"
"1730619","0.65625","0.65625","0.65625"
"1740605","0.78125","0.78125","0.78125"
"1740621","0.9375","0.9375","0.9375"
"1740623","0.71875","0.71875","0.71875"
"1750607","0.71875","0.71875","0.71875"
"1750610","0.625","0.625","0.625"
"1750618","0.8125","0.8125","0.8125"
"1760603","0.65625","0.65625","0.65625"
"1760613","0.84375","0.84375","0.84375"
"1760622","0.875","0.875","0.875"
"1770606","0.71875","0.65625","0.78125"
"1770621","0.6875","0.6875","0.6875"
"1780609","0.75","0.75","0.75"
"1780614","0.71875","0.71875","0.71875"
"1780621","0.75","0.75","0.75"
"1790604","0.78125","0.78125","0.78125"
"1790608","0.6875","0.6875","0.6875"
"1790610","0.6875","0.6875","0.6875"
"1800607","0.71875","0.71875","0.71875"
"1800613","0.59375","0.59375","0.59375"
"1800614","0.5","0.5","0.5"
"1810621","0.5625","0.5625","0.5625"
"1810622","0.84375","0.84375","0.84375"
"1810624","0.5625","0.5625","0.5625"
"1820600","0.78125","0.78125","0.78125"
"1820615","0.78125","0.78125","0.78125"
"1820619","0.625","0.625","0.625"
"1830603","0.71875","0.71875","0.71875"
"1830605","0.625","0.625","0.625"
"1830618","0.8125","0.8125","0.8125"
"1840601","0.625","0.625","0.625"
"1840612","0.59375","0.59375","0.59375"
"1840614","0.625","0.625","0.625"
"1850600","0.71875","0.71875","0.71875"
"1850606","0.75","0.75","0.75"
"1850622","0.65625","0.65625","0.65625"
"1860610","0.75","0.75","0.75"
"1860611","0.625","0.625","0.625"
"1860626","0.65625","0.65625","0.65625"
"1870602","0.78125","0.78125","0.78125"
"1870604","0.8125","0.8125","0.8125"
"1870613","0.78125","0.78125","0.78125"
"1880611","0.8125","0.8125","0.8125"
"1880617","0.8125","0.8125","0.8125"
"1880626","0.6875","0.6875","0.6875"
"1890612","0.65625","0.65625","0.65625"
"1890618","0.53125","0.53125","0.53125"
"1890624","0.71875","0.71875","0.71875"
"1900612","0.65625","0.65625","0.65625"
"1900618","0.71875","0.71875","0.71875"
"1900619","0.625","0.625","0.625"
"1910603","0.71875","0.71875","0.71875"
"1910607","0.65625","0.65625","0.65625"
"1910610","0.8125","0.8125","0.8125"
"1920616","0.59375","0.59375","0.59375"
"1920618","0.5625","0.5625","0.5625"
"1920620","0.65625","0.65625","0.65625"
"1930602","0.59375","0.59375","0.59375"
"1930613","0.8125","0.8125","0.8125"
"1930624","0.6875","0.6875","0.6875"
"1940602","0.875","0.875","0.875"
"1940604","0.5625","0.5625","0.5625"
"1940615","0.75","0.75","0.75"
"1950607","0.78125","0.78125","0.78125"
"1950616","0.6875","0.6875","0.6875"
"1950627","0.65625","0.65625","0.65625"
"1960602","0.625","0.625","0.625"
"1960612","0.59375","0.59375","0.59375"
"1960615","0.625","0.625","0.625"
"1970610","0.6875","0.6875","0.6875"
"1970616","0.6875","0.6875","0.6875"
"1970623","0.6875","0.6875","0.6875"
"1980604","0.6875","0.6875","0.6875"
"1980606","0.6875","0.6875","0.6875"
"1980618","0.75","0.75","0.75"
"1990602","0.78125","0.78125","0.78125"
"1990612","0.65625","0.65625","0.65625"
"1990617","0.78125","0.78125","0.78125"
"2000609","0.6875","0.6875","0.6875"
"2000614","0.71875","0.71875","0.71875"
"2000617","0.5625","0.5625","0.5625"
"2010605","0.6875","0.6875","0.6875"
"2010619","0.53125","0.53125","0.53125"
"2020600","0.53125","0.53125","0.53125"
"2020608","0.5","0.5","0.5"
"2030614","0.71875","0.71875","0.71875"
"2030616","0.5","0.5","0.5"
"2040601","0.6875","0.6875","0.6875"
"2040609","0.6875","0.6875","0.6875"
"2050606","0.75","0.75","0.75"
"2050608","0.6875","0.6875","0.6875"
"2060606","0.71875","0.71875","0.71875"
"2060616","0.90625","0.90625","0.90625"
"2070617","0.75","0.75","0.75"
"2070623","0.625","0.625","0.625"
"2080602","0.71875","0.71875","0.71875"
"2080625","0.71875","0.71875","0.71875"
"2090610","0.65625","0.65625","0.65625"
"2090616","0.59375","0.59375","0.59375"
"2100601","0.75","0.75","0.75"
"2100604","0.75","0.75","0.75"