"Step","Group: 5m_vs_6m_ACORM - win_rate","Group: 5m_vs_6m_ACORM - win_rate__MIN","Group: 5m_vs_6m_ACORM - win_rate__MAX"
"0","0","0","0"
"10601","0","0","0"
"10607","0","0","0"
"10609","0","0","0"
"10614","0","0","0"
"20603","0","0","0"
"20604","0","0","0"
"20606","0","0","0"
"20608","0","0","0"
"20612","0.03125","0.03125","0.03125"
"30600","0","0","0"
"30602","0","0","0"
"30605","0","0","0"
"30612","0","0","0"
"30613","0","0","0"
"30619","0","0","0"
"40604","0","0","0"
"40608","0","0","0"
"40610","0","0","0"
"40615","0","0","0"
"50600","0.015625","0","0.03125"
"50608","0","0","0"
"50609","0","0","0"
"50623","0","0","0"
"60605","0","0","0"
"60606","0","0","0"
"60607","0","0","0"
"60610","0","0","0"
"60611","0","0","0"
"60616","0","0","0"
"70603","0","0","0"
"70614","0","0","0"
"70615","0","0","0"
"70616","0","0","0"
"70619","0","0","0"
"80605","0","0","0"
"80613","0","0","0"
"80614","0","0","0"
"80621","0","0","0"
"80625","0.03125","0.03125","0.03125"
"80650","0","0","0"
"90604","0","0","0"
"90610","0.015625","0","0.03125"
"90612","0","0","0"
"90613","0.03125","0.03125","0.03125"
"90621","0","0","0"
"100603","0","0","0"
"100604","0.03125","0.03125","0.03125"
"100609","0","0","0"
"100616","0","0","0"
"100619","0","0","0"
"100658","0","0","0"
"110608","0","0","0"
"110614","0.03125","0.03125","0.03125"
"110616","0.0625","0.0625","0.0625"
"110618","0","0","0"
"110622","0","0","0"
"120603","0","0","0"
"120604","0.03125","0.03125","0.03125"
"120605","0","0","0"
"120610","0","0","0"
"120617","0.03125","0.03125","0.03125"
"120619","0.03125","0.03125","0.03125"
"130604","0","0","0"
"130606","0.03125","0.03125","0.03125"
"130609","0","0","0"
"130614","0.03125","0.03125","0.03125"
"130619","0","0","0"
"130649","0.0625","0.0625","0.0625"
"140603","0.0625","0.0625","0.0625"
"140614","0.03125","0.03125","0.03125"
"140617","0.0625","0.0625","0.0625"
"140620","0.109375","0.09375","0.125"
"140668","0","0","0"
"150606","0","0","0"
"150608","0.09375","0.09375","0.09375"
"150609","0.09375","0.09375","0.09375"
"150620","0.03125","0.03125","0.03125"
"150625","0","0","0"
"150642","0.03125","0.03125","0.03125"
"160601","0.0625","0.0625","0.0625"
"160602","0.25","0.25","0.25"
"160616","0","0","0"
"160618","0.0625","0.0625","0.0625"
"160619","0.09375","0.09375","0.09375"
"160631","0.1875","0.1875","0.1875"
"170601","0","0","0"
"170602","0.03125","0.03125","0.03125"
"170610","0.03125","0.03125","0.03125"
"170613","0.21875","0.21875","0.21875"
"170620","0.140625","0","0.28125"
"180601","0","0","0"
"180609","0.25","0.25","0.25"
"180610","0.28125","0.28125","0.28125"
"180613","0","0","0"
"180619","0.078125","0.03125","0.125"
"190607","0.25","0.25","0.25"
"190609","0.078125","0","0.15625"
"190610","0","0","0"
"190618","0.0625","0.0625","0.0625"
"200607","0.109375","0","0.21875"
"200613","0.25","0.25","0.25"
"200619","0.0625","0.0625","0.0625"
"200621","0.34375","0.34375","0.34375"
"200627","0.03125","0.03125","0.03125"
"210608","0.28125","0.28125","0.28125"
"210614","0.16666666666666666","0","0.375"
"210625","0.09375","0.09375","0.09375"
"210654","0.03125","0.03125","0.03125"
"220605","0.09375","0.09375","0.09375"
"220606","0.25","0.25","0.25"
"220613","0.03125","0.03125","0.03125"
"220615","0.1875","0.1875","0.1875"
"220620","0.34375","0.1875","0.5"
"230601","0.28125","0.28125","0.28125"
"230605","0.25","0.25","0.25"
"230612","0.3125","0.3125","0.3125"
"230613","0","0","0"
"230614","0.28125","0.28125","0.28125"
"230624","0.28125","0.28125","0.28125"
"240603","0","0","0"
"240606","0.125","0.125","0.125"
"240610","0.03125","0.03125","0.03125"
"240617","0.09375","0.09375","0.09375"
"240618","0.4375","0.4375","0.4375"
"240623","0.40625","0.40625","0.40625"
"250608","0","0","0"
"250610","0.0625","0.0625","0.0625"
"250611","0.3125","0.3125","0.3125"
"250612","0.28125","0.28125","0.28125"
"250619","0.03125","0.03125","0.03125"
"250623","0.3125","0.3125","0.3125"
"260601","0.296875","0.25","0.34375"
"260607","0.09375","0.09375","0.09375"
"260608","0.34375","0.34375","0.34375"
"260619","0.4375","0.4375","0.4375"
"260621","0.03125","0.03125","0.03125"
"270606","0.1875","0.1875","0.1875"
"270609","0.625","0.625","0.625"
"270611","0.375","0.375","0.375"
"270614","0","0","0"
"270617","0.21875","0.21875","0.21875"
"270619","0.375","0.375","0.375"
"280600","0.0625","0.0625","0.0625"
"280602","0.09375","0.09375","0.09375"
"280606","0.40625","0.40625","0.40625"
"280607","0.40625","0.40625","0.40625"
"280609","0.3125","0.3125","0.3125"
"280621","0.46875","0.46875","0.46875"
"290604","0.25","0.25","0.25"
"290613","0.65625","0.65625","0.65625"
"290615","0.0625","0.0625","0.0625"
"290620","0.375","0.375","0.375"
"290622","0.40625","0.40625","0.40625"
"290629","0.5625","0.5625","0.5625"
"300603","0.40625","0.40625","0.40625"
"300605","0.4375","0.375","0.5"
"300612","0.609375","0.53125","0.6875"
"300618","0.4375","0.4375","0.4375"
"310600","0.59375","0.59375","0.59375"
"310602","0.34375","0.34375","0.34375"
"310603","0.25","0.25","0.25"
"310608","0.40625","0.40625","0.40625"
"310614","0.59375","0.59375","0.59375"
"310618","0.4375","0.4375","0.4375"
"320602","0.4375","0.4375","0.4375"
"320604","0.5625","0.5625","0.5625"
"320607","0.4375","0.4375","0.4375"
"320612","0.4375","0.4375","0.4375"
"320616","0.375","0.375","0.375"
"320618","0.0625","0.0625","0.0625"
"330605","0.59375","0.59375","0.59375"
"330606","0.15625","0.15625","0.15625"
"330607","0.265625","0.03125","0.5"
"330609","0.4375","0.4375","0.4375"
"330614","0.53125","0.53125","0.53125"
"340605","0.625","0.625","0.625"
"340607","0.125","0.125","0.125"
"340609","0.53125","0.53125","0.53125"
"340611","0.5","0.5","0.5"
"340612","0.359375","0.34375","0.375"
"350600","0.25","0.25","0.25"
"350601","0.03125","0.03125","0.03125"
"350602","0.59375","0.59375","0.59375"
"350604","0.5625","0.5625","0.5625"
"350612","0.46875","0.46875","0.46875"
"350613","0.4375","0.4375","0.4375"
"360602","0.625","0.625","0.625"
"360609","0.03125","0.03125","0.03125"
"360611","0.53125","0.53125","0.53125"
"360615","0.71875","0.71875","0.71875"
"360619","0.46875","0.46875","0.46875"
"360632","0.4375","0.4375","0.4375"
"370604","0.421875","0.21875","0.625"
"370605","0.46875","0.46875","0.46875"
"370618","0.6875","0.6875","0.6875"
"370619","0.5","0.5","0.5"
"370623","0.71875","0.71875","0.71875"
"380600","0.71875","0.71875","0.71875"
"380601","0.75","0.75","0.75"
"380604","0.46875","0.46875","0.46875"
"380611","0.15625","0.15625","0.15625"
"380612","0.40625","0.40625","0.40625"
"380626","0.59375","0.59375","0.59375"
"390600","0.4375","0.4375","0.4375"
"390601","0.5625","0.5625","0.5625"
"390603","0","0","0"
"390608","0.1875","0.1875","0.1875"
"390613","0.75","0.75","0.75"
"390621","0.65625","0.65625","0.65625"
"400603","0.40625","0.40625","0.40625"
"400605","0.4270833333333333","0.375","0.5"
"400611","0.375","0.375","0.375"
"400623","0.625","0.625","0.625"
"410604","0.53125","0.53125","0.53125"
"410606","0.5","0.5","0.5"
"410609","0.5625","0.5625","0.5625"
"410613","0.75","0.75","0.75"
"410620","0.5625","0.5625","0.5625"
"410627","0.09375","0.09375","0.09375"
"420602","0.5","0.5","0.5"
"420607","0.46875","0.46875","0.46875"
"420609","0.625","0.625","0.625"
"420613","0.6875","0.6875","0.6875"
"420614","0.625","0.625","0.625"
"420644","0.1875","0.1875","0.1875"
"430603","0.5625","0.5625","0.5625"
"430610","0.71875","0.71875","0.71875"
"430613","0.5","0.5","0.5"
"430620","0.65625","0.65625","0.65625"
"430621","0.625","0.625","0.625"
"430646","0.5","0.5","0.5"
"440604","0.53125","0.53125","0.53125"
"440609","0.625","0.625","0.625"
"440613","0.578125","0.5","0.65625"
"440620","0.71875","0.71875","0.71875"
"440664","0.46875","0.46875","0.46875"
"450602","0.5625","0.5625","0.5625"
"450603","0.59375","0.59375","0.59375"
"450612","0.65625","0.65625","0.65625"
"450620","0.390625","0.375","0.40625"
"450624","0.75","0.75","0.75"
"460602","0.6875","0.6875","0.6875"
"460604","0.5625","0.5625","0.5625"
"460607","0.53125","0.53125","0.53125"
"460620","0.625","0.625","0.625"
"460621","0.625","0.625","0.625"
"460636","0.375","0.375","0.375"
"470601","0.46875","0.46875","0.46875"
"470602","0.71875","0.71875","0.71875"
"470607","0.53125","0.53125","0.53125"
"470611","0.71875","0.71875","0.71875"
"470621","0.59375","0.59375","0.59375"
"470645","0.4375","0.4375","0.4375"
"480600","0.71875","0.71875","0.71875"
"480603","0.71875","0.71875","0.71875"
"480605","0.6875","0.6875","0.6875"
"480617","0.53125","0.53125","0.53125"
"480622","0.46875","0.46875","0.46875"
"480631","0.6875","0.6875","0.6875"
"490601","0.6875","0.6875","0.6875"
"490612","0.40625","0.40625","0.40625"
"490613","0.28125","0.28125","0.28125"
"490616","0.65625","0.65625","0.65625"
"490620","0.5","0.5","0.5"
"490623","0.71875","0.71875","0.71875"
"500604","0.25","0.25","0.25"
"500613","0.5","0.5","0.5"
"500617","0.75","0.75","0.75"
"500621","0.6875","0.6875","0.6875"
"500623","0.53125","0.53125","0.53125"
"500625","0.5625","0.5625","0.5625"
"510606","0.6875","0.6875","0.6875"
"510608","0.65625","0.65625","0.65625"
"510613","0.65625","0.65625","0.65625"
"510618","0.71875","0.71875","0.71875"
"510625","0.6875","0.6875","0.6875"
"510644","0.34375","0.34375","0.34375"
"520603","0.75","0.75","0.75"
"520607","0.5625","0.5625","0.5625"
"520619","0.6875","0.6875","0.6875"
"520622","0.71875","0.71875","0.71875"
"520624","0.6875","0.6875","0.6875"
"520641","0.34375","0.34375","0.34375"
"530600","0.625","0.625","0.625"
"530602","0.6875","0.6875","0.6875"
"530609","0.5625","0.5625","0.5625"
"530613","0.625","0.625","0.625"
"530622","0.6875","0.6875","0.6875"
"530625","0.40625","0.40625","0.40625"
"540605","0.71875","0.71875","0.71875"
"540610","0.5625","0.5625","0.5625"
"540611","0.78125","0.78125","0.78125"
"540623","0.5","0.5","0.5"
"540624","0.65625","0.65625","0.65625"
"540627","0.5625","0.5625","0.5625"
"550603","0.3125","0.3125","0.3125"
"550604","0.5625","0.5625","0.5625"
"550605","0.46875","0.46875","0.46875"
"550608","0.59375","0.59375","0.59375"
"550623","0.6875","0.6875","0.6875"
"550656","0.65625","0.65625","0.65625"
"560602","0.6875","0.6875","0.6875"
"560603","0.71875","0.71875","0.71875"
"560613","0.65625","0.65625","0.65625"
"560618","0.625","0.625","0.625"
"560624","0.5625","0.5625","0.5625"
"560660","0.3125","0.3125","0.3125"
"570606","0.6875","0.6875","0.6875"
"570611","0.75","0.75","0.75"
"570612","0.625","0.625","0.625"
"570616","0.625","0.625","0.625"
"570624","0.4375","0.4375","0.4375"
"570629","0.5","0.5","0.5"
"580601","0.4375","0.4375","0.4375"
"580602","0.609375","0.5625","0.65625"
"580609","0.59375","0.59375","0.59375"
"580610","0.1875","0.1875","0.1875"
"580622","0.78125","0.78125","0.78125"
"590600","0.625","0.625","0.625"
"590613","0.53125","0.4375","0.625"
"590614","0.875","0.875","0.875"
"590619","0.1875","0.1875","0.1875"
"590622","0.78125","0.78125","0.78125"
"600601","0.40625","0.40625","0.40625"
"600604","0.71875","0.71875","0.71875"
"600608","0.46875","0.46875","0.46875"
"600610","0.6875","0.6875","0.6875"
"600613","0.75","0.75","0.75"
"600634","0.3125","0.3125","0.3125"
"610605","0.4375","0.4375","0.4375"
"610607","0.46875","0.46875","0.46875"
"610610","0.78125","0.78125","0.78125"
"610616","0.4375","0.4375","0.4375"
"610624","0.75","0.75","0.75"
"610627","0.71875","0.71875","0.71875"
"620603","0.625","0.625","0.625"
"620607","0.6875","0.6875","0.6875"
"620614","0.25","0.25","0.25"
"620620","0.6875","0.6875","0.6875"
"620621","0.53125","0.53125","0.53125"
"620624","0.34375","0.34375","0.34375"
"630603","0.609375","0.4375","0.78125"
"630606","0.6875","0.6875","0.6875"
"630611","0.625","0.625","0.625"
"630616","0.59375","0.59375","0.59375"
"630631","0.15625","0.15625","0.15625"
"640616","0.84375","0.8125","0.875"
"640617","0.4375","0.4375","0.4375"
"640618","0.5","0.5","0.5"
"640623","0.5625","0.5625","0.5625"
"640626","0.34375","0.34375","0.34375"
"650600","0.4375","0.4375","0.4375"
"650616","0.625","0.625","0.625"
"650618","0.71875","0.71875","0.71875"
"650624","0.546875","0.53125","0.5625"
"650630","0.40625","0.40625","0.40625"
"660602","0.59375","0.59375","0.59375"
"660610","0.515625","0.4375","0.59375"
"660612","0.59375","0.59375","0.59375"
"660614","0.53125","0.53125","0.53125"
"660657","0.53125","0.53125","0.53125"
"670604","0.6875","0.6875","0.6875"
"670606","0.75","0.75","0.75"
"670611","0.75","0.75","0.75"
"670617","0.1875","0.1875","0.1875"
"670619","0.71875","0.71875","0.71875"
"670621","0.875","0.875","0.875"
"680600","0.4375","0.28125","0.59375"
"680612","0.578125","0.5625","0.59375"
"680617","0.78125","0.78125","0.78125"
"680621","0.65625","0.65625","0.65625"
"690606","0.625","0.625","0.625"
"690612","0.5625","0.5625","0.5625"
"690613","0.6875","0.6875","0.6875"
"690616","0.65625","0.65625","0.65625"
"690618","0.6875","0.6875","0.6875"
"690631","0.53125","0.53125","0.53125"
"700600","0.75","0.75","0.75"
"700614","0.53125","0.53125","0.53125"
"700619","0.625","0.625","0.625"
"700620","0.5625","0.5625","0.5625"
"700622","0.40625","0.40625","0.40625"
"700623","0.5","0.5","0.5"
"710602","0.5","0.5","0.5"
"710608","0.5","0.5","0.5"
"710612","0.53125","0.53125","0.53125"
"710613","0.4375","0.4375","0.4375"
"710619","0.75","0.75","0.75"
"710624","0.65625","0.65625","0.65625"
"720600","0.5625","0.5625","0.5625"
"720603","0.71875","0.71875","0.71875"
"720607","0.65625","0.65625","0.65625"
"720615","0.71875","0.71875","0.71875"
"720619","0.40625","0.40625","0.40625"
"720622","0.53125","0.53125","0.53125"
"730601","0.78125","0.78125","0.78125"
"730602","0.40625","0.40625","0.40625"
"730603","0.53125","0.53125","0.53125"
"730609","0.84375","0.84375","0.84375"
"730621","0.53125","0.53125","0.53125"
"730665","0.4375","0.4375","0.4375"
"740600","0.6875","0.6875","0.6875"
"740601","0.5","0.5","0.5"
"740603","0.6875","0.6875","0.6875"
"740604","0.5","0.5","0.5"
"740626","0.75","0.75","0.75"
"740662","0.34375","0.34375","0.34375"
"750600","0.78125","0.78125","0.78125"
"750603","0.75","0.75","0.75"
"750604","0.59375","0.59375","0.59375"
"750614","0.5625","0.5625","0.5625"
"750623","0.28125","0.28125","0.28125"
"750625","0.3125","0.3125","0.3125"
"760608","0.59375","0.59375","0.59375"
"760614","0.671875","0.65625","0.6875"
"760619","0.4375","0.4375","0.4375"
"760621","0.515625","0.40625","0.625"
"770603","0.5625","0.5625","0.5625"
"770606","0.59375","0.59375","0.59375"
"770609","0.5625","0.5625","0.5625"
"770612","0.75","0.75","0.75"
"770614","0.625","0.625","0.625"
"770617","0.34375","0.34375","0.34375"
"780602","0.625","0.625","0.625"
"780604","0.625","0.625","0.625"
"780608","0.75","0.75","0.75"
"780622","0.609375","0.5625","0.65625"
"780637","0.5","0.5","0.5"
"790600","0.4375","0.4375","0.4375"
"790603","0.6875","0.6875","0.6875"
"790604","0.59375","0.59375","0.59375"
"790614","0.53125","0.5","0.5625"
"790618","0.75","0.75","0.75"
"800609","0.5","0.5","0.5"
"800620","0.671875","0.625","0.71875"
"800622","0.5","0.5","0.5"
"800624","0.71875","0.71875","0.71875"
"800626","0.71875","0.71875","0.71875"
"810602","0.34375","0.34375","0.34375"
"810603","0.71875","0.71875","0.71875"
"810609","0.5625","0.5625","0.5625"
"810611","0.71875","0.71875","0.71875"
"810620","0.65625","0.65625","0.65625"
"810649","0.40625","0.40625","0.40625"
"820605","0.625","0.625","0.625"
"820611","0.65625","0.65625","0.65625"
"820613","0.625","0.625","0.625"
"820616","0.71875","0.71875","0.71875"
"820623","0.4375","0.4375","0.4375"
"820643","0.46875","0.46875","0.46875"
"830600","0.34375","0.34375","0.34375"
"830606","0.78125","0.78125","0.78125"
"830613","0.625","0.625","0.625"
"830616","0.75","0.75","0.75"
"830618","0.5625","0.5625","0.5625"
"830655","0.53125","0.53125","0.53125"
"840607","0.65625","0.65625","0.65625"
"840609","0.59375","0.59375","0.59375"
"840610","0.5625","0.40625","0.71875"
"840613","0.6875","0.6875","0.6875"
"840625","0.5625","0.5625","0.5625"
"850601","0.5","0.5","0.5"
"850602","0.703125","0.65625","0.75"
"850607","0.71875","0.71875","0.71875"
"850609","0.78125","0.78125","0.78125"
"850617","0.46875","0.46875","0.46875"
"860605","0.6875","0.6875","0.6875"
"860609","0.625","0.625","0.625"
"860611","0.6875","0.6875","0.6875"
"860613","0.78125","0.78125","0.78125"
"860614","0.625","0.625","0.625"
"860619","0.28125","0.28125","0.28125"
"870600","0.75","0.75","0.75"
"870604","0.625","0.625","0.625"
"870606","0.5","0.5","0.5"
"870610","0.84375","0.84375","0.84375"
"870612","0.6875","0.6875","0.6875"
"870613","0.59375","0.59375","0.59375"
"880606","0.53125","0.53125","0.53125"
"880607","0.71875","0.71875","0.71875"
"880613","0.65625","0.65625","0.65625"
"880616","0.65625","0.65625","0.65625"
"880618","0.75","0.75","0.75"
"880622","0.5625","0.5625","0.5625"
"890610","0.5625","0.5625","0.5625"
"890611","0.59375","0.59375","0.59375"
"890615","0.34375","0.34375","0.34375"
"890616","0.65625","0.65625","0.65625"
"890619","0.609375","0.53125","0.6875"
"900604","0.78125","0.78125","0.78125"
"900606","0.53125","0.53125","0.53125"
"900608","0.6875","0.6875","0.6875"
"900611","0.75","0.75","0.75"
"900620","0.625","0.625","0.625"
"900625","0.65625","0.65625","0.65625"
"910606","0.625","0.625","0.625"
"910607","0.4375","0.4375","0.4375"
"910609","0.71875","0.71875","0.71875"
"910611","0.625","0.625","0.625"
"910616","0.796875","0.78125","0.8125"
"920604","0.59375","0.59375","0.59375"
"920611","0.65625","0.65625","0.65625"
"920616","0.75","0.75","0.75"
"920617","0.375","0.375","0.375"
"920618","0.375","0.375","0.375"
"920622","0.3125","0.3125","0.3125"
"930603","0.75","0.75","0.75"
"930609","0.125","0.125","0.125"
"930611","0.78125","0.78125","0.78125"
"930616","0.65625","0.65625","0.65625"
"930627","0.5","0.5","0.5"
"930660","0.46875","0.46875","0.46875"
"940605","0.71875","0.71875","0.71875"
"940608","0.828125","0.78125","0.875"
"940609","0.78125","0.78125","0.78125"
"940613","0.28125","0.28125","0.28125"
"940622","0.59375","0.59375","0.59375"
"950600","0.640625","0.53125","0.75"
"950607","0.46875","0.46875","0.46875"
"950616","0.46875","0.46875","0.46875"
"950618","0.8125","0.8125","0.8125"
"950621","0.84375","0.84375","0.84375"
"960607","0.875","0.875","0.875"
"960608","0.625","0.625","0.625"
"960609","0.75","0.75","0.75"
"960619","0.625","0.53125","0.71875"
"960664","0.40625","0.40625","0.40625"
"970601","0.625","0.625","0.625"
"970610","0.75","0.75","0.75"
"970618","0.3125","0.3125","0.3125"
"970622","0.75","0.75","0.75"
"970625","0.328125","0.15625","0.5"
"980603","0.59375","0.59375","0.59375"
"980606","0.40625","0.40625","0.40625"
"980612","0.65625","0.65625","0.65625"
"980615","0.4375","0.4375","0.4375"
"980622","0.65625","0.65625","0.65625"
"980657","0.5","0.5","0.5"
"990602","0.625","0.625","0.625"
"990607","0.5625","0.5625","0.5625"
"990610","0.53125","0.53125","0.53125"
"990611","0.6875","0.625","0.75"
"990621","0.6875","0.6875","0.6875"
"1000612","0.65625","0.65625","0.65625"
"1000615","0.71875","0.71875","0.71875"
"1000617","0.71875","0.71875","0.71875"
"1000624","0.5","0.5","0.5"
"1000627","0.53125","0.53125","0.53125"
"1000643","0.4375","0.4375","0.4375"
"1010606","0.40625","0.40625","0.40625"
"1010612","0.78125","0.78125","0.78125"
"1010615","0.59375","0.59375","0.59375"
"1010617","0.625","0.625","0.625"
"1010619","0.8125","0.8125","0.8125"
"1010622","0.5625","0.5625","0.5625"
"1020606","0.78125","0.78125","0.78125"
"1020614","0.75","0.75","0.75"
"1020617","0.6875","0.6875","0.6875"
"1020620","0.625","0.625","0.625"
"1020626","0.75","0.75","0.75"
"1020658","0.28125","0.28125","0.28125"
"1030600","0.59375","0.59375","0.59375"
"1030603","0.65625","0.65625","0.65625"
"1030608","0.75","0.75","0.75"
"1030614","0.71875","0.71875","0.71875"
"1030623","0.46875","0.46875","0.46875"
"1030625","0.75","0.75","0.75"
"1040601","0.75","0.75","0.75"
"1040605","0.46875","0.46875","0.46875"
"1040606","0.40625","0.40625","0.40625"
"1040614","0.78125","0.78125","0.78125"
"1040616","0.75","0.75","0.75"
"1040642","0.34375","0.34375","0.34375"
"1050601","0.59375","0.46875","0.71875"
"1050603","0.71875","0.71875","0.71875"
"1050604","0.6875","0.6875","0.6875"
"1050605","0.640625","0.625","0.65625"
"1060603","0.53125","0.53125","0.53125"
"1060616","0.375","0.375","0.375"
"1060617","0.75","0.75","0.75"
"1060622","0.65625","0.65625","0.65625"
"1060624","0.59375","0.59375","0.59375"
"1060627","0.46875","0.46875","0.46875"
"1070606","0.34375","0.34375","0.34375"
"1070607","0.65625","0.65625","0.65625"
"1070610","0.75","0.75","0.75"
"1070617","0.84375","0.84375","0.84375"
"1070621","0.6875","0.6875","0.6875"
"1070623","0.75","0.75","0.75"
"1080603","0.59375","0.59375","0.59375"
"1080608","0.84375","0.84375","0.84375"
"1080609","0.75","0.75","0.75"
"1080610","0.6875","0.6875","0.6875"
"1080612","0.75","0.75","0.75"
"1080620","0.71875","0.71875","0.71875"
"1090611","0.59375","0.59375","0.59375"
"1090615","0.71875","0.71875","0.71875"
"1090619","0.734375","0.71875","0.75"
"1090622","0.59375","0.59375","0.59375"
"1100601","0.46875","0.46875","0.46875"
"1100617","0.65625","0.65625","0.65625"
"1100618","0.75","0.75","0.75"
"1100619","0.375","0.375","0.375"
"1100623","0.65625","0.65625","0.65625"
"1100624","0.625","0.625","0.625"
"1110603","0.6875","0.6875","0.6875"
"1110605","0.5625","0.5625","0.5625"
"1110617","0.46875","0.46875","0.46875"
"1110619","0.59375","0.59375","0.59375"
"1110620","0.65625","0.65625","0.65625"
"1110624","0.6875","0.6875","0.6875"
"1120600","0.6875","0.6875","0.6875"
"1120603","0.75","0.75","0.75"
"1120612","0.625","0.625","0.625"
"1120616","0.53125","0.53125","0.53125"
"1120618","0.53125","0.53125","0.53125"
"1120628","0.5625","0.5625","0.5625"
"1130602","0.828125","0.75","0.90625"
"1130608","0.53125","0.53125","0.53125"
"1130611","0.53125","0.53125","0.53125"
"1130620","0.625","0.625","0.625"
"1130624","0.75","0.75","0.75"
"1140600","0.90625","0.90625","0.90625"
"1140601","0.46875","0.46875","0.46875"
"1140605","0.625","0.625","0.625"
"1140609","0.75","0.75","0.75"
"1140626","0.75","0.75","0.75"
"1140628","0.90625","0.90625","0.90625"
"1150606","0.71875","0.71875","0.71875"
"1150615","0.6875","0.6875","0.6875"
"1150616","0.65625","0.625","0.6875"
"1150624","0.65625","0.65625","0.65625"
"1150659","0.5625","0.5625","0.5625"
"1160607","0.75","0.75","0.75"
"1160608","0.71875","0.71875","0.71875"
"1160610","0.71875","0.71875","0.71875"
"1160612","0.8125","0.8125","0.8125"
"1160617","0.75","0.75","0.75"
"1160623","0.65625","0.65625","0.65625"
"1170600","0.65625","0.65625","0.65625"
"1170603","0.53125","0.53125","0.53125"
"1170616","0.5","0.5","0.5"
"1170618","0.6875","0.6875","0.6875"
"1170620","0.71875","0.71875","0.71875"
"1170622","0.71875","0.71875","0.71875"
"1180600","0.4375","0.4375","0.4375"
"1180606","0.53125","0.53125","0.53125"
"1180609","0.671875","0.59375","0.75"
"1180620","0.671875","0.59375","0.75"
"1190608","0.59375","0.59375","0.59375"
"1190612","0.6875","0.59375","0.78125"
"1190613","0.546875","0.4375","0.65625"
"1190647","0.53125","0.53125","0.53125"
"1200604","0.71875","0.71875","0.71875"
"1200605","0.71875","0.71875","0.71875"
"1200611","0.6875","0.6875","0.6875"
"1200617","0.65625","0.65625","0.65625"
"1200622","0.84375","0.84375","0.84375"
"1200625","0.65625","0.65625","0.65625"
"1210603","0.6875","0.6875","0.6875"
"1210610","0.6875","0.6875","0.6875"
"1210614","0.84375","0.84375","0.84375"
"1210619","0.6875","0.6875","0.6875"
"1210621","0.4375","0.4375","0.4375"
"1210648","0.625","0.625","0.625"
"1220602","0.78125","0.78125","0.78125"
"1220604","0.6875","0.6875","0.6875"
"1220607","0.53125","0.53125","0.53125"
"1220608","0.4375","0.4375","0.4375"
"1220619","0.71875","0.71875","0.71875"
"1220621","0.71875","0.71875","0.71875"
"1230609","0.71875","0.71875","0.71875"
"1230610","0.8125","0.8125","0.8125"
"1230616","0.6458333333333334","0.5625","0.71875"
"1230621","0.65625","0.65625","0.65625"
"1240605","0.8125","0.8125","0.8125"
"1240606","0.5","0.5","0.5"
"1240611","0.65625","0.65625","0.65625"
"1240612","0.78125","0.78125","0.78125"
"1240616","0.53125","0.53125","0.53125"
"1240620","0.75","0.75","0.75"
"1250601","0.71875","0.71875","0.71875"
"1250605","0.53125","0.46875","0.59375"
"1250609","0.53125","0.53125","0.53125"
"1250617","0.875","0.875","0.875"
"1250655","0.5625","0.5625","0.5625"
"1260602","0.5625","0.5625","0.5625"
"1260603","0.8125","0.8125","0.8125"
"1260605","0.5625","0.5625","0.5625"
"1260614","0.75","0.75","0.75"
"1260616","0.625","0.625","0.625"
"1260620","0.53125","0.53125","0.53125"
"1270602","0.78125","0.78125","0.78125"
"1270609","0.8125","0.8125","0.8125"
"1270614","0.71875","0.71875","0.71875"
"1270616","0.8125","0.8125","0.8125"
"1270620","0.5","0.5","0.5"
"1270625","0.625","0.625","0.625"
"1280603","0.53125","0.53125","0.53125"
"1280605","0.65625","0.65625","0.65625"
"1280615","0.71875","0.71875","0.71875"
"1280620","0.71875","0.71875","0.71875"
"1280624","0.84375","0.84375","0.84375"
"1280633","0.46875","0.46875","0.46875"
"1290602","0.71875","0.71875","0.71875"
"1290611","0.65625","0.65625","0.65625"
"1290612","0.40625","0.40625","0.40625"
"1290614","0.75","0.75","0.75"
"1290617","0.8125","0.8125","0.8125"
"1290618","0.8125","0.8125","0.8125"
"1300606","0.71875","0.71875","0.71875"
"1300609","0.65625","0.65625","0.65625"
"1300616","0.75","0.75","0.75"
"1300617","0.5","0.5","0.5"
"1300620","0.59375","0.59375","0.59375"
"1300622","0.8125","0.8125","0.8125"
"1310601","0.75","0.75","0.75"
"1310602","0.703125","0.6875","0.71875"
"1310617","0.78125","0.78125","0.78125"
"1310619","0.59375","0.59375","0.59375"
"1310623","0.625","0.625","0.625"
"1320605","0.6875","0.6875","0.6875"
"1320607","0.71875","0.71875","0.71875"
"1320611","0.59375","0.59375","0.59375"
"1320616","0.75","0.75","0.75"
"1320621","0.75","0.71875","0.78125"
"1330601","0.84375","0.84375","0.84375"
"1330610","0.71875","0.71875","0.71875"
"1330612","0.5","0.5","0.5"
"1330621","0.625","0.59375","0.65625"
"1330623","0.71875","0.71875","0.71875"
"1340609","0.84375","0.84375","0.84375"
"1340610","0.6875","0.6875","0.6875"
"1340611","0.59375","0.59375","0.59375"
"1340616","0.71875","0.6875","0.75"
"1340621","0.625","0.625","0.625"
"1350603","0.6875","0.6875","0.6875"
"1350614","0.578125","0.5625","0.59375"
"1350618","0.8125","0.8125","0.8125"
"1350619","0.5","0.5","0.5"
"1350625","0.8125","0.8125","0.8125"
"1360604","0.9375","0.9375","0.9375"
"1360608","0.5","0.5","0.5"
"1360611","0.59375","0.59375","0.59375"
"1360617","0.75","0.75","0.75"
"1360619","0.71875","0.71875","0.71875"
"1360623","0.78125","0.78125","0.78125"
"1370607","0.6875","0.6875","0.6875"
"1370613","0.65625","0.65625","0.65625"
"1370616","0.71875","0.71875","0.71875"
"1370618","0.375","0.375","0.375"
"1370619","0.75","0.75","0.75"
"1370621","0.65625","0.65625","0.65625"
"1380603","0.84375","0.84375","0.84375"
"1380608","0.71875","0.71875","0.71875"
"1380614","0.71875","0.71875","0.71875"
"1380620","0.53125","0.53125","0.53125"
"1380621","0.875","0.875","0.875"
"1380622","0.6875","0.6875","0.6875"
"1390600","0.53125","0.53125","0.53125"
"1390613","0.625","0.625","0.625"
"1390616","0.6875","0.6875","0.6875"
"1390619","0.65625","0.65625","0.65625"
"1390622","0.78125","0.78125","0.78125"
"1390630","0.75","0.75","0.75"
"1400600","0.78125","0.78125","0.78125"
"1400601","0.46875","0.46875","0.46875"
"1400605","0.8125","0.8125","0.8125"
"1400610","0.71875","0.71875","0.71875"
"1400617","0.71875","0.71875","0.71875"
"1400623","0.5625","0.5625","0.5625"
"1410605","0.65625","0.65625","0.65625"
"1410609","0.65625","0.65625","0.65625"
"1410615","0.6875","0.6875","0.6875"
"1410619","0.65625","0.65625","0.65625"
"1410621","0.71875","0.71875","0.71875"
"1410631","0.5625","0.5625","0.5625"
"1420604","0.75","0.6875","0.8125"
"1420611","0.5625","0.5625","0.5625"
"1420616","0.5625","0.5625","0.5625"
"1420617","0.59375","0.59375","0.59375"
"1420622","0.59375","0.59375","0.59375"
"1430600","0.59375","0.59375","0.59375"
"1430606","0.625","0.625","0.625"
"1430609","0.6875","0.6875","0.6875"
"1430615","0.78125","0.78125","0.78125"
"1430620","0.4375","0.4375","0.4375"
"1430627","0.5625","0.5625","0.5625"
"1440606","0.78125","0.78125","0.78125"
"1440609","0.65625","0.65625","0.65625"
"1440613","0.6875","0.6875","0.6875"
"1440616","0.78125","0.78125","0.78125"
"1440619","0.703125","0.625","0.78125"
"1450602","0.46875","0.46875","0.46875"
"1450603","0.65625","0.65625","0.65625"
"1450606","0.84375","0.84375","0.84375"
"1450613","0.78125","0.78125","0.78125"
"1450622","0.375","0.375","0.375"
"1450623","0.59375","0.59375","0.59375"
"1460600","0.875","0.875","0.875"
"1460603","0.375","0.375","0.375"
"1460604","0.625","0.625","0.625"
"1460609","0.84375","0.84375","0.84375"
"1460611","0.78125","0.78125","0.78125"
"1460614","0.5625","0.5625","0.5625"
"1470601","0.78125","0.78125","0.78125"
"1470604","0.75","0.75","0.75"
"1470607","0.78125","0.78125","0.78125"
"1470613","0.4375","0.4375","0.4375"
"1470615","0.4375","0.4375","0.4375"
"1470625","0.75","0.75","0.75"
"1480606","0.75","0.75","0.75"
"1480607","0.78125","0.78125","0.78125"
"1480608","0.65625","0.65625","0.65625"
"1480609","0.59375","0.59375","0.59375"
"1480618","0.59375","0.59375","0.59375"
"1480620","0.59375","0.59375","0.59375"
"1490608","0.625","0.625","0.625"
"1490614","0.84375","0.84375","0.84375"
"1490615","0.5625","0.5625","0.5625"
"1490617","0.75","0.6875","0.8125"
"1490619","0.4375","0.4375","0.4375"
"1500614","0.734375","0.65625","0.8125"
"1500615","0.4375","0.4375","0.4375"
"1500620","0.5625","0.5625","0.5625"
"1500621","0.53125","0.53125","0.53125"
"1500622","0.875","0.875","0.875"
"1510600","0.75","0.75","0.75"
"1510602","0.65625","0.65625","0.65625"
"1510608","0.53125","0.53125","0.53125"
"1510613","0.65625","0.65625","0.65625"
"1510620","0.5","0.5","0.5"
"1510622","0.625","0.625","0.625"
"1520609","0.53125","0.53125","0.53125"
"1520612","0.78125","0.78125","0.78125"
"1520614","0.5625","0.5625","0.5625"
"1520620","0.71875","0.71875","0.71875"
"1520622","0.578125","0.28125","0.875"
"1530600","0.71875","0.71875","0.71875"
"1530603","0.40625","0.40625","0.40625"
"1530608","0.78125","0.78125","0.78125"
"1530618","0.4375","0.4375","0.4375"
"1530621","0.9375","0.9375","0.9375"
"1530623","0.5","0.5","0.5"
"1540600","0.5","0.5","0.5"
"1540602","0.6875","0.6875","0.6875"
"1540606","0.78125","0.78125","0.78125"
"1540607","0.65625","0.65625","0.65625"
"1540610","0.90625","0.90625","0.90625"
"1540611","0.75","0.75","0.75"
"1550602","0.78125","0.78125","0.78125"
"1550609","0.65625","0.65625","0.65625"
"1550611","0.78125","0.65625","0.90625"
"1550616","0.625","0.625","0.625"
"1550618","0.59375","0.59375","0.59375"
"1560600","0.5625","0.5625","0.5625"
"1560601","0.8125","0.8125","0.8125"
"1560613","0.375","0.375","0.375"
"1560621","0.6875","0.6875","0.6875"
"1560625","0.6875","0.6875","0.6875"
"1560627","0.6875","0.6875","0.6875"
"1570601","0.5625","0.5625","0.5625"
"1570604","0.59375","0.59375","0.59375"
"1570610","0.46875","0.46875","0.46875"
"1570612","0.71875","0.71875","0.71875"
"1570621","0.84375","0.84375","0.84375"
"1570623","0.5625","0.5625","0.5625"
"1580600","0.75","0.75","0.75"
"1580601","0.6875","0.6875","0.6875"
"1580603","0.78125","0.78125","0.78125"
"1580609","0.34375","0.34375","0.34375"
"1580611","0.71875","0.71875","0.71875"
"1590604","0.65625","0.65625","0.65625"
"1590605","0.71875","0.71875","0.71875"
"1590607","0.71875","0.71875","0.71875"
"1590608","0.78125","0.78125","0.78125"
"1590615","0.71875","0.71875","0.71875"
"1590629","0.84375","0.84375","0.84375"
"1600601","0.65625","0.65625","0.65625"
"1600605","0.53125","0.53125","0.53125"
"1600606","0.65625","0.65625","0.65625"
"1600608","0.59375","0.59375","0.59375"
"1600616","0.796875","0.71875","0.875"
"1610601","0.6875","0.6875","0.6875"
"1610615","0.78125","0.78125","0.78125"
"1610616","0.5625","0.53125","0.59375"
"1610617","0.8125","0.8125","0.8125"
"1610623","0.59375","0.59375","0.59375"
"1620601","0.65625","0.65625","0.65625"
"1620610","0.671875","0.59375","0.75"
"1620614","0.8125","0.8125","0.8125"
"1620616","0.71875","0.71875","0.71875"
"1620619","0.78125","0.78125","0.78125"
"1630601","0.71875","0.71875","0.71875"
"1630602","0.65625","0.59375","0.71875"
"1630605","0.90625","0.90625","0.90625"
"1630611","0.65625","0.65625","0.65625"
"1630621","0.59375","0.59375","0.59375"
"1640603","0.6875","0.53125","0.84375"
"1640606","0.625","0.625","0.625"
"1640610","0.78125","0.78125","0.78125"
"1640611","0.90625","0.90625","0.90625"
"1640615","0.78125","0.78125","0.78125"
"1650602","0.78125","0.78125","0.78125"
"1650608","0.65625","0.65625","0.65625"
"1650611","0.75","0.75","0.75"
"1650616","0.75","0.75","0.75"
"1650621","0.71875","0.71875","0.71875"
"1660601","0.5625","0.5625","0.5625"
"1660606","0.375","0.375","0.375"
"1660608","0.5625","0.5625","0.5625"
"1660612","0.78125","0.78125","0.78125"
"1660614","0.6875","0.6875","0.6875"
"1660617","0.6875","0.6875","0.6875"
"1670603","0.75","0.75","0.75"
"1670607","0.75","0.75","0.75"
"1670608","0.6875","0.6875","0.6875"
"1670609","0.5625","0.5625","0.5625"
"1670610","0.75","0.75","0.75"
"1670617","0.71875","0.71875","0.71875"
"1680603","0.65625","0.65625","0.65625"
"1680610","0.84375","0.75","0.9375"
"1680618","0.71875","0.71875","0.71875"
"1680623","0.625","0.625","0.625"
"1680624","0.875","0.875","0.875"
"1690600","0.71875","0.71875","0.71875"
"1690601","0.625","0.625","0.625"
"1690607","0.78125","0.78125","0.78125"
"1690613","0.65625","0.65625","0.65625"
"1690616","0.71875","0.71875","0.71875"
"1690620","0.75","0.75","0.75"
"1700600","0.6875","0.6875","0.6875"
"1700601","0.6875","0.6875","0.6875"
"1700603","0.65625","0.65625","0.65625"
"1700609","0.90625","0.90625","0.90625"
"1700611","0.71875","0.71875","0.71875"
"1700616","0.46875","0.46875","0.46875"
"1710604","0.78125","0.78125","0.78125"
"1710606","0.71875","0.71875","0.71875"
"1710608","0.75","0.75","0.75"
"1710620","0.71875","0.53125","0.90625"
"1710622","0.8125","0.8125","0.8125"
"1720608","0.6875","0.6875","0.6875"
"1720614","0.65625","0.65625","0.65625"
"1720616","0.75","0.75","0.75"
"1720618","0.59375","0.59375","0.59375"
"1720620","0.6875","0.6875","0.6875"
"1720627","0.59375","0.59375","0.59375"
"1730606","0.78125","0.78125","0.78125"
"1730609","0.6875","0.6875","0.6875"
"1730615","0.6875","0.6875","0.6875"
"1730623","0.53125","0.53125","0.53125"
"1730624","0.765625","0.75","0.78125"
"1740603","0.75","0.75","0.75"
"1740614","0.65625","0.65625","0.65625"
"1740616","0.8125","0.8125","0.8125"
"1740618","0.65625","0.65625","0.65625"
"1740621","0.75","0.75","0.75"
"1740625","0.78125","0.78125","0.78125"
"1750601","0.75","0.75","0.75"
"1750605","0.46875","0.46875","0.46875"
"1750608","0.84375","0.84375","0.84375"
"1750613","0.5625","0.5625","0.5625"
"1750616","0.65625","0.65625","0.65625"
"1750624","0.84375","0.84375","0.84375"
"1760600","0.8125","0.8125","0.8125"
"1760604","0.65625","0.65625","0.65625"
"1760615","0.734375","0.6875","0.78125"
"1760621","0.5625","0.5625","0.5625"
"1760623","0.75","0.75","0.75"
"1770604","0.703125","0.6875","0.71875"
"1770607","0.71875","0.71875","0.71875"
"1770610","0.828125","0.8125","0.84375"
"1780601","0.71875","0.71875","0.71875"
"1780603","0.53125","0.53125","0.53125"
"1780605","0.75","0.75","0.75"
"1780606","0.75","0.75","0.75"
"1780614","0.78125","0.78125","0.78125"
"1780622","0.71875","0.71875","0.71875"
"1790601","0.625","0.625","0.625"
"1790605","0.71875","0.71875","0.71875"
"1790609","0.625","0.625","0.625"
"1790610","0.78125","0.78125","0.78125"
"1790615","0.65625","0.65625","0.65625"
"1790620","0.8125","0.8125","0.8125"
"1800600","0.78125","0.78125","0.78125"
"1800604","0.8125","0.8125","0.8125"
"1800613","0.59375","0.59375","0.59375"
"1800616","0.71875","0.71875","0.71875"
"1800620","0.8125","0.8125","0.8125"
"1800621","0.59375","0.59375","0.59375"
"1810602","0.8125","0.8125","0.8125"
"1810610","0.65625","0.65625","0.65625"
"1810613","0.53125","0.53125","0.53125"
"1810617","0.625","0.625","0.625"
"1810618","0.71875","0.71875","0.71875"
"1810621","0.6875","0.6875","0.6875"
"1820604","0.6875","0.6875","0.6875"
"1820609","0.71875","0.71875","0.71875"
"1820613","0.78125","0.78125","0.78125"
"1820615","0.46875","0.46875","0.46875"
"1820617","0.75","0.75","0.75"
"1820619","0.75","0.75","0.75"
"1830600","0.625","0.625","0.625"
"1830602","0.5","0.5","0.5"
"1830603","0.5625","0.5625","0.5625"
"1830614","0.6875","0.6875","0.6875"
"1830618","0.53125","0.53125","0.53125"
"1830620","0.59375","0.59375","0.59375"
"1840600","0.6875","0.6875","0.6875"
"1840605","0.5625","0.5625","0.5625"
"1840607","0.625","0.625","0.625"
"1840618","0.78125","0.78125","0.78125"
"1840624","0.90625","0.90625","0.90625"
"1840666","0.71875","0.71875","0.71875"
"1850602","0.75","0.75","0.75"
"1850603","0.6875","0.6875","0.6875"
"1850607","0.8125","0.8125","0.8125"
"1850608","0.6875","0.6875","0.6875"
"1850612","0.71875","0.71875","0.71875"
"1850613","0.28125","0.28125","0.28125"
"1860600","0.734375","0.65625","0.8125"
"1860615","0.6875","0.6875","0.6875"
"1860617","0.6875","0.6875","0.6875"
"1860620","0.78125","0.78125","0.78125"
"1860624","0.625","0.625","0.625"
"1870600","0.71875","0.71875","0.71875"
"1870609","0.6875","0.6875","0.6875"
"1870613","0.625","0.625","0.625"
"1870618","0.71875","0.71875","0.71875"
"1870623","0.53125","0.53125","0.53125"
"1870625","0.6875","0.6875","0.6875"
"1880605","0.71875","0.71875","0.71875"
"1880609","0.875","0.875","0.875"
"1880617","0.71875","0.53125","0.90625"
"1880619","0.5625","0.5625","0.5625"
"1880621","0.71875","0.71875","0.71875"
"1890600","0.75","0.6875","0.8125"
"1890616","0.71875","0.71875","0.71875"
"1890618","0.65625","0.65625","0.65625"
"1890619","0.6875","0.6875","0.6875"
"1890620","0.8125","0.8125","0.8125"
"1900604","0.625","0.5625","0.6875"
"1900606","0.703125","0.6875","0.71875"
"1900607","0.78125","0.78125","0.78125"
"1900610","0.625","0.625","0.625"
"1910601","0.71875","0.71875","0.71875"
"1910609","0.78125","0.78125","0.78125"
"1910611","0.625","0.625","0.625"
"1910613","0.5","0.5","0.5"
"1910615","0.78125","0.78125","0.78125"
"1910626","0.78125","0.78125","0.78125"
"1920603","0.71875","0.71875","0.71875"
"1920613","0.84375","0.84375","0.84375"
"1920614","0.59375","0.59375","0.59375"
"1920618","0.71875","0.71875","0.71875"
"1920620","0.75","0.75","0.75"
"1920623","0.71875","0.71875","0.71875"
"1930601","0.78125","0.78125","0.78125"
"1930605","0.78125","0.78125","0.78125"
"1930611","0.65625","0.65625","0.65625"
"1930612","0.75","0.625","0.875"
"1930616","0.6875","0.6875","0.6875"
"1940605","0.90625","0.90625","0.90625"
"1940606","0.8125","0.75","0.875"
"1940607","0.65625","0.65625","0.65625"
"1940612","0.71875","0.71875","0.71875"
"1940618","0.6875","0.6875","0.6875"
"1950601","0.59375","0.59375","0.59375"
"1950605","0.75","0.75","0.75"
"1950607","0.6875","0.6875","0.6875"
"1950609","0.65625","0.65625","0.65625"
"1950615","0.6875","0.6875","0.6875"
"1960602","0.5625","0.5625","0.5625"
"1960610","0.625","0.625","0.625"
"1960613","0.75","0.75","0.75"
"1960618","0.90625","0.90625","0.90625"
"1960623","0.6875","0.6875","0.6875"
"1960626","0.875","0.875","0.875"
"1970606","0.59375","0.59375","0.59375"
"1970613","0.6875","0.6875","0.6875"
"1970616","0.6875","0.6875","0.6875"
"1970617","0.6875","0.6875","0.6875"
"1970619","0.78125","0.78125","0.78125"
"1970622","0.625","0.625","0.625"
"1980607","0.8125","0.8125","0.8125"
"1980608","0.75","0.75","0.75"
"1980609","0.78125","0.78125","0.78125"
"1980614","0.65625","0.65625","0.65625"
"1980618","0.5625","0.5625","0.5625"
"1980621","0.65625","0.65625","0.65625"
"1990605","0.59375","0.59375","0.59375"
"1990607","0.78125","0.78125","0.78125"
"1990608","0.65625","0.65625","0.65625"
"1990614","0.84375","0.84375","0.84375"
"1990622","0.59375","0.59375","0.59375"
"1990629","0.84375","0.84375","0.84375"
"2000601","0.875","0.875","0.875"
"2000602","0.71875","0.71875","0.71875"
"2000604","0.5625","0.5625","0.5625"
"2000611","0.5625","0.5625","0.5625"
"2000612","0.6875","0.6875","0.6875"
"2000619","0.71875","0.71875","0.71875"
"2010600","0.6875","0.6875","0.6875"
"2010608","0.75","0.75","0.75"
"2010610","0.78125","0.78125","0.78125"
"2010615","0.78125","0.78125","0.78125"
"2010619","0.59375","0.59375","0.59375"
"2010620","0.78125","0.78125","0.78125"
"2020601","0.75","0.75","0.75"
"2020602","0.78125","0.78125","0.78125"
"2020604","0.84375","0.84375","0.84375"
"2020608","0.71875","0.71875","0.71875"
"2020621","0.828125","0.75","0.90625"
"2030603","0.734375","0.65625","0.8125"
"2030606","0.8125","0.8125","0.8125"
"2030607","0.78125","0.78125","0.78125"
"2030612","0.84375","0.84375","0.84375"
"2040606","0.84375","0.84375","0.84375"
"2040613","0.6875","0.6875","0.6875"
"2040621","0.65625","0.65625","0.65625"
"2040622","0.71875","0.71875","0.71875"
"2040628","0.84375","0.84375","0.84375"
"2050611","0.875","0.875","0.875"
"2050619","0.75","0.75","0.75"
"2050623","0.625","0.625","0.625"
"2050624","0.71875","0.71875","0.71875"
"2060605","0.625","0.625","0.625"
"2060618","0.5625","0.5625","0.5625"
"2060623","0.78125","0.78125","0.78125"
"2070613","0.625","0.625","0.625"
"2070614","0.625","0.625","0.625"
"2070621","0.75","0.75","0.75"
"2080604","0.78125","0.78125","0.78125"
"2080617","0.59375","0.59375","0.59375"
"2090620","0.59375","0.59375","0.59375"
"2090621","0.6875","0.6875","0.6875"
"2100602","0.65625","0.65625","0.65625"
"2100605","0.71875","0.71875","0.71875"
"2110613","0.75","0.75","0.75"
"2110619","0.71875","0.71875","0.71875"
"2120601","0.625","0.625","0.625"
"2120622","0.6875","0.6875","0.6875"
"2130601","0.71875","0.71875","0.71875"
"2130615","0.6875","0.6875","0.6875"
"2140612","0.71875","0.71875","0.71875"
"2140623","0.8125","0.8125","0.8125"
"2150606","0.5625","0.5625","0.5625"
"2150620","0.59375","0.59375","0.59375"
"2160612","0.875","0.875","0.875"
"2160617","0.59375","0.59375","0.59375"
"2170607","0.6875","0.6875","0.6875"
"2170624","0.59375","0.59375","0.59375"
"2180609","0.75","0.75","0.75"
"2180611","0.5","0.5","0.5"
"2190604","0.75","0.75","0.75"
"2190624","0.75","0.75","0.75"
"2200608","0.71875","0.71875","0.71875"
"2200614","0.59375","0.59375","0.59375"
"2210606","0.78125","0.78125","0.78125"
"2210610","0.84375","0.84375","0.84375"
"2220600","0.78125","0.78125","0.78125"
"2220625","0.65625","0.65625","0.65625"
"2230609","0.625","0.625","0.625"
"2230612","0.9375","0.9375","0.9375"
"2240600","0.75","0.75","0.75"
"2240606","0.6875","0.6875","0.6875"
"2250619","0.6875","0.6875","0.6875"
"2250622","0.625","0.625","0.625"
"2260603","0.625","0.625","0.625"
"2260608","0.625","0.625","0.625"
"2270601","0.75","0.75","0.75"
"2270622","0.6875","0.6875","0.6875"
"2280606","0.90625","0.90625","0.90625"
"2280620","0.6875","0.6875","0.6875"
"2290613","0.5625","0.5625","0.5625"
"2290616","0.75","0.75","0.75"
"2300603","0.75","0.75","0.75"
"2300608","0.75","0.75","0.75"
"2310603","0.8125","0.8125","0.8125"