"Step","Group: 5m_vs_6m_QMIX - win_rate","Group: 5m_vs_6m_QMIX - win_rate__MIN","Group: 5m_vs_6m_QMIX - win_rate__MAX"
"0","0","0","0"
"10001","0","0","0"
"10014","0","0","0"
"10015","0","0","0"
"10016","0","0","0"
"10020","0","0","0"
"10024","0","0","0"
"20000","0","0","0"
"20002","0","0","0"
"20007","0","0","0"
"20008","0","0","0"
"20009","0","0","0"
"20013","0","0","0"
"30000","0","0","0"
"30003","0","0","0"
"30006","0","0","0"
"30007","0","0","0"
"30008","0","0","0"
"30020","0","0","0"
"40006","0","0","0"
"40009","0","0","0"
"40012","0","0","0"
"40013","0","0","0"
"40015","0","0","0"
"40042","0","0","0"
"50003","0","0","0"
"50004","0","0","0"
"50007","0","0","0"
"50014","0","0","0"
"50020","0","0","0"
"50034","0","0","0"
"60004","0","0","0"
"60008","0","0","0"
"60010","0","0","0"
"60017","0","0","0"
"60023","0","0","0"
"60064","0","0","0"
"70003","0","0","0"
"70015","0","0","0"
"70017","0","0","0"
"70022","0","0","0"
"70027","0","0","0"
"80003","0","0","0"
"80005","0","0","0"
"80006","0","0","0"
"80022","0","0","0"
"80038","0","0","0"
"80068","0","0","0"
"90007","0","0","0"
"90014","0","0","0"
"90038","0","0","0"
"90046","0","0","0"
"90050","0","0","0"
"90057","0","0","0"
"100003","0","0","0"
"100014","0.015625","0","0.03125"
"100015","0","0","0"
"100019","0","0","0"
"110002","0","0","0"
"110008","0","0","0"
"110009","0","0","0"
"110013","0","0","0"
"110015","0","0","0"
"110054","0","0","0"
"120000","0","0","0"
"120003","0","0","0"
"120014","0","0","0"
"120015","0","0","0"
"120017","0","0","0"
"120018","0","0","0"
"130001","0","0","0"
"130006","0","0","0"
"130014","0","0","0"
"130015","0","0","0"
"140001","0","0","0"
"140007","0","0","0"
"140011","0","0","0"
"140019","0","0","0"
"140054","0","0","0"
"150001","0","0","0"
"150002","0","0","0"
"150004","0","0","0"
"150012","0","0","0"
"150018","0","0","0"
"150021","0","0","0"
"160002","0","0","0"
"160004","0","0","0"
"160006","0","0","0"
"160007","0","0","0"
"160008","0","0","0"
"170004","0","0","0"
"170008","0","0","0"
"170011","0","0","0"
"170012","0","0","0"
"170019","0","0","0"
"180001","0","0","0"
"180005","0","0","0"
"180006","0","0","0"
"180009","0","0","0"
"180011","0","0","0"
"180012","0","0","0"
"190008","0","0","0"
"190010","0","0","0"
"190018","0","0","0"
"190021","0","0","0"
"200001","0","0","0"
"200002","0","0","0"
"200005","0","0","0"
"200012","0","0","0"
"200013","0","0","0"
"210001","0","0","0"
"210003","0","0","0"
"210005","0","0","0"
"210006","0","0","0"
"210015","0","0","0"
"210019","0","0","0"
"220002","0","0","0"
"220006","0","0","0"
"220009","0","0","0"
"220020","0","0","0"
"220022","0.015625","0","0.03125"
"230001","0","0","0"
"230004","0","0","0"
"230010","0","0","0"
"230013","0","0","0"
"230018","0.03125","0.03125","0.03125"
"240004","0","0","0"
"240005","0","0","0"
"240007","0","0","0"
"240017","0","0","0"
"240018","0","0","0"
"240020","0","0","0"
"250006","0","0","0"
"250010","0.03125","0.03125","0.03125"
"250012","0","0","0"
"250017","0","0","0"
"250019","0","0","0"
"250021","0","0","0"
"260000","0","0","0"
"260002","0","0","0"
"260006","0","0","0"
"260007","0","0","0"
"260011","0","0","0"
"260013","0","0","0"
"270003","0","0","0"
"270010","0","0","0"
"270013","0","0","0"
"270014","0.0625","0.0625","0.0625"
"270024","0","0","0"
"270058","0","0","0"
"280000","0.03125","0.03125","0.03125"
"280005","0.015625","0","0.03125"
"280008","0.0625","0.0625","0.0625"
"280013","0.03125","0.03125","0.03125"
"280015","0.03125","0.03125","0.03125"
"290011","0.125","0.125","0.125"
"290013","0.0625","0.0625","0.0625"
"290014","0","0","0"
"290016","0.015625","0","0.03125"
"300005","0","0","0"
"300006","0.09375","0.09375","0.09375"
"300010","0.0625","0.0625","0.0625"
"300011","0","0","0"
"300017","0","0","0"
"300019","0","0","0"
"310000","0.03125","0.03125","0.03125"
"310002","0.03125","0.03125","0.03125"
"310007","0","0","0"
"310012","0","0","0"
"310018","0","0","0"
"320000","0","0","0"
"320005","0","0","0"
"320016","0.015625","0","0.03125"
"320017","0.03125","0.03125","0.03125"
"320032","0","0","0"
"330000","0","0","0"
"330004","0","0","0"
"330006","0","0","0"
"330007","0","0","0"
"330022","0.0625","0.0625","0.0625"
"330027","0","0","0"
"340000","0","0","0"
"340010","0.09375","0.03125","0.15625"
"340013","0","0","0"
"340052","0","0","0"
"350009","0.046875","0","0.09375"
"350012","0","0","0"
"350019","0","0","0"
"350020","0","0","0"
"360000","0","0","0"
"360009","0","0","0"
"360016","0","0","0"
"360017","0.15625","0.15625","0.15625"
"360018","0.03125","0.03125","0.03125"
"360021","0.03125","0.03125","0.03125"
"370000","0.0625","0.0625","0.0625"
"370003","0","0","0"
"370011","0.046875","0","0.09375"
"370014","0","0","0"
"370018","0","0","0"
"380006","0","0","0"
"380009","0.03125","0.03125","0.03125"
"380012","0.09375","0.09375","0.09375"
"380019","0","0","0"
"390009","0.046875","0.03125","0.0625"
"390014","0","0","0"
"390023","0.0625","0","0.125"
"390055","0.03125","0.03125","0.03125"
"400004","0.03125","0.03125","0.03125"
"400008","0.0625","0.0625","0.0625"
"400011","0","0","0"
"400013","0.0625","0.0625","0.0625"
"400018","0.0625","0.0625","0.0625"
"400027","0.09375","0.09375","0.09375"
"410004","0","0","0"
"410008","0","0","0"
"410010","0.125","0.125","0.125"
"410013","0","0","0"
"410019","0.46875","0.46875","0.46875"
"410023","0","0","0"
"420002","0","0","0"
"420003","0.21875","0.21875","0.21875"
"420011","0.09375","0.09375","0.09375"
"420018","0","0","0"
"420021","0.03125","0.03125","0.03125"
"420033","0","0","0"
"430002","0.03125","0.03125","0.03125"
"430003","0.0625","0.0625","0.0625"
"430009","0.046875","0","0.09375"
"430011","0.03125","0.03125","0.03125"
"430019","0","0","0"
"440003","0.03125","0","0.0625"
"440005","0","0","0"
"440014","0","0","0"
"440016","0","0","0"
"440017","0.03125","0.03125","0.03125"
"450003","0","0","0"
"450006","0.25","0.25","0.25"
"450008","0.046875","0","0.09375"
"450011","0","0","0"
"450021","0","0","0"
"460001","0.21875","0.21875","0.21875"
"460002","0","0","0"
"460013","0.03125","0.03125","0.03125"
"460017","0","0","0"
"460019","0","0","0"
"470000","0.015625","0","0.03125"
"470001","0.15625","0.15625","0.15625"
"470008","0","0","0"
"470011","0","0","0"
"470015","0.1875","0.1875","0.1875"
"480000","0","0","0"
"480014","0","0","0"
"480018","0.015625","0","0.03125"
"480025","0.3125","0.3125","0.3125"
"480032","0","0","0"
"490002","0.09375","0.09375","0.09375"
"490006","0.28125","0.28125","0.28125"
"490012","0.078125","0.0625","0.09375"
"490013","0","0","0"
"490014","0.28125","0.28125","0.28125"
"500008","0.09375","0.09375","0.09375"
"500012","0","0","0"
"500015","0.1875","0.1875","0.1875"
"500016","0.09375","0.09375","0.09375"
"500028","0.03125","0.03125","0.03125"
"500047","0","0","0"
"510001","0.125","0.125","0.125"
"510013","0","0","0"
"510017","0.125","0.125","0.125"
"510025","0.03125","0.03125","0.03125"
"510026","0","0","0"
"510069","0","0","0"
"520004","0.15625","0.15625","0.15625"
"520019","0.0625","0.0625","0.0625"
"520021","0","0","0"
"520022","0","0","0"
"520027","0.21875","0.21875","0.21875"
"520053","0","0","0"
"530001","0.015625","0","0.03125"
"530010","0.125","0.125","0.125"
"530011","0","0","0"
"530012","0.0625","0.0625","0.0625"
"530049","0.0625","0.0625","0.0625"
"540000","0.15625","0","0.3125"
"540001","0","0","0"
"540015","0.40625","0.40625","0.40625"
"540019","0","0","0"
"550004","0","0","0"
"550007","0.15625","0.15625","0.15625"
"550015","0.28125","0.28125","0.28125"
"550018","0.1875","0.1875","0.1875"
"550027","0.03125","0.03125","0.03125"
"550034","0.03125","0.03125","0.03125"
"560002","0.03125","0.03125","0.03125"
"560004","0.25","0.25","0.25"
"560022","0.03125","0.03125","0.03125"
"560023","0","0","0"
"560025","0","0","0"
"560026","0.28125","0.28125","0.28125"
"570005","0.0625","0.0625","0.0625"
"570006","0","0","0"
"570013","0.15625","0.15625","0.15625"
"570021","0.21875","0.21875","0.21875"
"570025","0.03125","0.03125","0.03125"
"570041","0","0","0"
"580001","0.375","0.375","0.375"
"580009","0.015625","0","0.03125"
"580018","0.078125","0.0625","0.09375"
"580035","0","0","0"
"590005","0","0","0"
"590006","0.203125","0.0625","0.34375"
"590009","0.1875","0.1875","0.1875"
"590017","0.03125","0.03125","0.03125"
"590021","0.03125","0.03125","0.03125"
"600003","0.125","0.125","0.125"
"600018","0.1875","0.1875","0.1875"
"600020","0","0","0"
"600021","0","0","0"
"600050","0","0","0"
"600053","0","0","0"
"610004","0.03125","0.03125","0.03125"
"610008","0.0625","0.0625","0.0625"
"610018","0","0","0"
"610020","0.34375","0.34375","0.34375"
"610021","0.0625","0.0625","0.0625"
"620001","0.09375","0.09375","0.09375"
"620005","0.0625","0.0625","0.0625"
"620006","0.09375","0","0.1875"
"620016","0.0625","0.0625","0.0625"
"620021","0.03125","0.03125","0.03125"
"630009","0.03125","0.03125","0.03125"
"630013","0","0","0"
"630016","0.3125","0.3125","0.3125"
"630022","0","0","0"
"630024","0.03125","0.03125","0.03125"
"630028","0.125","0.125","0.125"
"640004","0","0","0"
"640007","0.03125","0.03125","0.03125"
"640009","0.0625","0.0625","0.0625"
"640012","0.4375","0.4375","0.4375"
"640018","0","0","0"
"640059","0.0625","0.0625","0.0625"
"650000","0.03125","0.03125","0.03125"
"650004","0","0","0"
"650006","0","0","0"
"650010","0.09375","0.09375","0.09375"
"650013","0.5","0.5","0.5"
"650020","0.1875","0.1875","0.1875"
"660002","0.0625","0.0625","0.0625"
"660003","0","0","0"
"660004","0.015625","0","0.03125"
"660006","0.03125","0.03125","0.03125"
"660020","0.34375","0.34375","0.34375"
"670007","0","0","0"
"670009","0.46875","0.46875","0.46875"
"670011","0","0","0"
"670022","0","0","0"
"670029","0","0","0"
"670043","0.03125","0.03125","0.03125"
"680000","0.03125","0.03125","0.03125"
"680006","0","0","0"
"680007","0.03125","0.03125","0.03125"
"680010","0.03125","0.03125","0.03125"
"680013","0.28125","0.28125","0.28125"
"680025","0","0","0"
"690001","0.125","0.125","0.125"
"690005","0.015625","0","0.03125"
"690007","0.09375","0.09375","0.09375"
"690014","0.03125","0.03125","0.03125"
"690024","0.375","0.375","0.375"
"700000","0.375","0.375","0.375"
"700005","0","0","0"
"700021","0","0","0"
"700023","0.125","0.125","0.125"
"700025","0.03125","0.03125","0.03125"
"700063","0.09375","0.09375","0.09375"
"710001","0","0","0"
"710008","0.0625","0.0625","0.0625"
"710012","0.46875","0.46875","0.46875"
"710015","0","0","0"
"710035","0","0","0"
"710047","0.0625","0.0625","0.0625"
"720006","0","0","0"
"720008","0","0","0"
"720014","0","0","0"
"720020","0","0","0"
"720021","0.0625","0.0625","0.0625"
"720026","0.3125","0.3125","0.3125"
"730003","0","0","0"
"730007","0.0625","0.0625","0.0625"
"730011","0.03125","0.03125","0.03125"
"730013","0","0","0"
"730018","0.28125","0.28125","0.28125"
"730019","0","0","0"
"740004","0.15625","0.15625","0.15625"
"740011","0.09375","0.09375","0.09375"
"740012","0","0","0"
"740014","0","0","0"
"740016","0","0","0"
"740022","0.3125","0.3125","0.3125"
"750007","0","0","0"
"750013","0.03125","0.03125","0.03125"
"750017","0.015625","0","0.03125"
"750019","0","0","0"
"750026","0.40625","0.40625","0.40625"
"760008","0","0","0"
"760015","0","0","0"
"760016","0","0","0"
"760019","0.03125","0.03125","0.03125"
"760029","0.21875","0.21875","0.21875"
"770000","0.0625","0.0625","0.0625"
"770003","0.1875","0.1875","0.1875"
"770007","0.03125","0.03125","0.03125"
"770015","0","0","0"
"770021","0","0","0"
"770043","0.03125","0.03125","0.03125"
"780002","0.0625","0","0.125"
"780005","0.0625","0.0625","0.0625"
"780016","0","0","0"
"780021","0.03125","0.03125","0.03125"
"780027","0.28125","0.28125","0.28125"
"790003","0","0","0"
"790006","0.15625","0.15625","0.15625"
"790009","0.09375","0.09375","0.09375"
"790016","0.03125","0.03125","0.03125"
"790020","0.1875","0.1875","0.1875"
"790050","0.0625","0.0625","0.0625"
"800001","0.09375","0.09375","0.09375"
"800006","0.21875","0.21875","0.21875"
"800021","0.03125","0.03125","0.03125"
"800024","0.125","0.125","0.125"
"800027","0.28125","0.28125","0.28125"
"800030","0","0","0"
"810001","0.21875","0.21875","0.21875"
"810003","0.09375","0.09375","0.09375"
"810015","0","0","0"
"810021","0.09375","0.09375","0.09375"
"810023","0.03125","0.03125","0.03125"
"810028","0.125","0.125","0.125"
"820004","0.25","0.25","0.25"
"820012","0.03125","0.03125","0.03125"
"820014","0.25","0.25","0.25"
"820016","0.15625","0.15625","0.15625"
"820030","0.25","0.25","0.25"
"820042","0.09375","0.09375","0.09375"
"830007","0.28125","0.28125","0.28125"
"830010","0.21875","0.21875","0.21875"
"830012","0.28125","0.28125","0.28125"
"830020","0.125","0.125","0.125"
"830022","0.0625","0.0625","0.0625"
"830038","0","0","0"
"840001","0.21875","0","0.4375"
"840002","0.0625","0.0625","0.0625"
"840007","0.0625","0.0625","0.0625"
"840012","0.125","0.125","0.125"
"840063","0","0","0"
"850000","0.0625","0.0625","0.0625"
"850007","0.03125","0.03125","0.03125"
"850022","0.09375","0.09375","0.09375"
"850023","0.15625","0.15625","0.15625"
"850043","0","0","0"
"850047","0","0","0"
"860005","0","0","0"
"860007","0.234375","0.1875","0.28125"
"860008","0.0625","0.0625","0.0625"
"860014","0.0625","0.0625","0.0625"
"860027","0.03125","0.03125","0.03125"
"870010","0.03125","0.03125","0.03125"
"870014","0.1875","0.1875","0.1875"
"870017","0.0625","0.0625","0.0625"
"870018","0","0","0"
"870024","0.1875","0.1875","0.1875"
"870049","0.09375","0.09375","0.09375"
"880014","0.09375","0.09375","0.09375"
"880020","0.0625","0.0625","0.0625"
"880021","0.3125","0.3125","0.3125"
"880024","0.1875","0.1875","0.1875"
"880026","0.078125","0","0.15625"
"890002","0.125","0.03125","0.21875"
"890007","0","0","0"
"890016","0.15625","0.15625","0.15625"
"890021","0.0625","0.0625","0.0625"
"890034","0.15625","0.15625","0.15625"
"900006","0.15625","0.15625","0.15625"
"900008","0.125","0.125","0.125"
"900012","0.28125","0.28125","0.28125"
"900022","0.09375","0.09375","0.09375"
"900023","0.125","0.125","0.125"
"900067","0","0","0"
"910001","0.1875","0.1875","0.1875"
"910003","0.125","0.125","0.125"
"910013","0.0625","0.0625","0.0625"
"910020","0.1875","0.1875","0.1875"
"910021","0.1875","0.1875","0.1875"
"910069","0.03125","0.03125","0.03125"
"920004","0.03125","0.03125","0.03125"
"920007","0.46875","0.46875","0.46875"
"920009","0.0625","0.0625","0.0625"
"920024","0.09375","0.09375","0.09375"
"920034","0.03125","0.03125","0.03125"
"920054","0","0","0"
"930002","0.3125","0.3125","0.3125"
"930005","0.09375","0.09375","0.09375"
"930009","0.046875","0.03125","0.0625"
"930019","0","0","0"
"930026","0","0","0"
"940007","0.03125","0.03125","0.03125"
"940021","0.0625","0.03125","0.09375"
"940024","0.125","0.125","0.125"
"940037","0.03125","0.03125","0.03125"
"940042","0.0625","0.0625","0.0625"
"950000","0","0","0"
"950001","0.15625","0.15625","0.15625"
"950005","0.09375","0.09375","0.09375"
"950013","0.21875","0.21875","0.21875"
"950023","0.1875","0.1875","0.1875"
"950032","0.15625","0.15625","0.15625"
"960002","0.03125","0.03125","0.03125"
"960003","0.109375","0.0625","0.15625"
"960006","0.25","0.25","0.25"
"960020","0.0625","0.0625","0.0625"
"960021","0.03125","0.03125","0.03125"
"970002","0.03125","0.03125","0.03125"
"970005","0","0","0"
"970008","0.3125","0.3125","0.3125"
"970010","0","0","0"
"970019","0.1875","0.1875","0.1875"
"970038","0.03125","0.03125","0.03125"
"980007","0.03125","0.03125","0.03125"
"980015","0.125","0.125","0.125"
"980016","0.21875","0.21875","0.21875"
"980019","0.03125","0.03125","0.03125"
"980057","0","0","0"
"980060","0.03125","0.03125","0.03125"
"990003","0.0625","0.0625","0.0625"
"990012","0.15625","0.15625","0.15625"
"990013","0.125","0.0625","0.1875"
"990014","0.15625","0.15625","0.15625"
"990043","0.125","0.125","0.125"
"1000001","0.09375","0.03125","0.15625"
"1000018","0.125","0.125","0.125"
"1000021","0.25","0.25","0.25"
"1000024","0.09375","0.09375","0.09375"
"1000032","0.0625","0.0625","0.0625"
"1010012","0.0625","0.0625","0.0625"
"1010014","0.3125","0.3125","0.3125"
"1010018","0.03125","0.03125","0.03125"
"1010021","0.09375","0.09375","0.09375"
"1010026","0.15625","0.15625","0.15625"
"1010060","0","0","0"
"1020010","0.25","0.25","0.25"
"1020013","0.03125","0.03125","0.03125"
"1020015","0","0","0"
"1020016","0.1875","0.1875","0.1875"
"1020023","0.125","0.125","0.125"
"1020025","0.09375","0.09375","0.09375"
"1030008","0.125","0.125","0.125"
"1030016","0.09375","0.09375","0.09375"
"1030017","0.03125","0.03125","0.03125"
"1030022","0.140625","0.125","0.15625"
"1030046","0","0","0"
"1040005","0.125","0.125","0.125"
"1040022","0.0625","0.0625","0.0625"
"1040024","0.15625","0.15625","0.15625"
"1040031","0.28125","0.28125","0.28125"
"1040044","0","0","0"
"1040057","0.125","0.125","0.125"
"1050000","0.15625","0.15625","0.15625"
"1050025","0.125","0.125","0.125"
"1050026","0.34375","0.34375","0.34375"
"1050029","0.0625","0.0625","0.0625"
"1050033","0.09375","0.09375","0.09375"
"1050049","0.09375","0.09375","0.09375"
"1060011","0.1875","0.0625","0.3125"
"1060022","0.1875","0.1875","0.1875"
"1060029","0","0","0"
"1060036","0.21875","0.21875","0.21875"
"1060060","0.09375","0.09375","0.09375"
"1070003","0.09375","0.09375","0.09375"
"1070021","0.0625","0.0625","0.0625"
"1070023","0.0625","0.0625","0.0625"
"1070035","0.21875","0.21875","0.21875"
"1070058","0.03125","0.03125","0.03125"
"1070068","0","0","0"
"1080003","0","0","0"
"1080009","0.09375","0.09375","0.09375"
"1080015","0.15625","0.15625","0.15625"
"1080020","0","0","0"
"1080022","0.25","0.25","0.25"
"1080028","0.15625","0.15625","0.15625"
"1090011","0.3125","0.3125","0.3125"
"1090013","0.1875","0.1875","0.1875"
"1090016","0.28125","0.28125","0.28125"
"1090044","0","0","0"
"1090050","0.125","0.125","0.125"
"1090057","0.15625","0.15625","0.15625"
"1100002","0","0","0"
"1100004","0.0625","0.0625","0.0625"
"1100008","0","0","0"
"1100019","0.03125","0.03125","0.03125"
"1100024","0.125","0.125","0.125"
"1100030","0.28125","0.28125","0.28125"
"1110002","0.1875","0.1875","0.1875"
"1110004","0.34375","0.34375","0.34375"
"1110007","0.1875","0.1875","0.1875"
"1110015","0.28125","0.28125","0.28125"
"1110037","0","0","0"
"1110063","0.0625","0.0625","0.0625"
"1120001","0.25","0.25","0.25"
"1120002","0","0","0"
"1120003","0.234375","0.09375","0.375"
"1120008","0.3125","0.3125","0.3125"
"1120009","0.125","0.125","0.125"
"1130008","0.375","0.375","0.375"
"1130009","0.03125","0.03125","0.03125"
"1130013","0.125","0.125","0.125"
"1130015","0.1875","0.1875","0.1875"
"1130023","0.09375","0.09375","0.09375"
"1130035","0","0","0"
"1140005","0.03125","0.03125","0.03125"
"1140009","0.15625","0.15625","0.15625"
"1140024","0.21875","0.21875","0.21875"
"1140025","0.03125","0.03125","0.03125"
"1140039","0.09375","0.09375","0.09375"
"1140053","0","0","0"
"1150000","0.125","0.125","0.125"
"1150005","0.28125","0.28125","0.28125"
"1150012","0.25","0.25","0.25"
"1150021","0.0625","0.0625","0.0625"
"1150029","0","0","0"
"1150034","0.03125","0.03125","0.03125"
"1160005","0.1875","0.1875","0.1875"
"1160020","0","0","0"
"1160021","0.15625","0.15625","0.15625"
"1160022","0.3125","0.15625","0.46875"
"1160061","0.09375","0.09375","0.09375"
"1170002","0.4375","0.4375","0.4375"
"1170003","0.0625","0.0625","0.0625"
"1170012","0","0","0"
"1170014","0.3125","0.3125","0.3125"
"1170018","0.0625","0.0625","0.0625"
"1170029","0.03125","0.03125","0.03125"
"1180002","0.34375","0.34375","0.34375"
"1180004","0.0625","0.0625","0.0625"
"1180007","0.4375","0.4375","0.4375"
"1180012","0","0","0"
"1180016","0.09375","0.09375","0.09375"
"1180055","0.09375","0.09375","0.09375"
"1190005","0.1875","0.1875","0.1875"
"1190010","0.046875","0.03125","0.0625"
"1190012","0.3125","0.3125","0.3125"
"1190024","0","0","0"
"1190060","0.21875","0.21875","0.21875"
"1200009","0.40625","0.40625","0.40625"
"1200020","0.21875","0.21875","0.21875"
"1200023","0.0625","0.0625","0.0625"
"1200027","0","0","0"
"1200033","0.0625","0.0625","0.0625"
"1200052","0.15625","0.15625","0.15625"
"1210006","0.125","0.125","0.125"
"1210009","0.125","0.125","0.125"
"1210017","0.34375","0.34375","0.34375"
"1210021","0.09375","0.09375","0.09375"
"1210023","0","0","0"
"1210024","0.25","0.25","0.25"
"1220000","0.21875","0.21875","0.21875"
"1220002","0","0","0"
"1220008","0.15625","0.15625","0.15625"
"1220016","0.375","0.375","0.375"
"1220025","0.125","0.125","0.125"
"1220028","0.15625","0.15625","0.15625"
"1230001","0.34375","0.34375","0.34375"
"1230002","0.125","0.125","0.125"
"1230005","0.3125","0.3125","0.3125"
"1230010","0.21875","0.21875","0.21875"
"1230028","0","0","0"
"1230065","0.1875","0.1875","0.1875"
"1240000","0.28125","0.28125","0.28125"
"1240009","0.109375","0","0.21875"
"1240014","0.15625","0.15625","0.15625"
"1240062","0","0","0"
"1240064","0","0","0"
"1250002","0.46875","0.46875","0.46875"
"1250015","0.03125","0.03125","0.03125"
"1250016","0.1875","0.1875","0.1875"
"1250045","0","0","0"
"1250052","0.0625","0.0625","0.0625"
"1250069","0.03125","0.03125","0.03125"
"1260003","0.375","0.375","0.375"
"1260017","0.28125","0.28125","0.28125"
"1260019","0.125","0.125","0.125"
"1260029","0.0625","0.0625","0.0625"
"1260030","0.0625","0.0625","0.0625"
"1260068","0","0","0"
"1270001","0.15625","0.15625","0.15625"
"1270007","0.46875","0.46875","0.46875"
"1270010","0.21875","0.21875","0.21875"
"1270013","0","0","0"
"1270053","0.0625","0.0625","0.0625"
"1270055","0","0","0"
"1280003","0.109375","0.09375","0.125"
"1280010","0.03125","0.03125","0.03125"
"1280013","0.46875","0.46875","0.46875"
"1280022","0.03125","0.03125","0.03125"
"1280069","0","0","0"
"1290009","0.09375","0.09375","0.09375"
"1290019","0","0","0"
"1290020","0.03125","0.03125","0.03125"
"1290025","0.34375","0.34375","0.34375"
"1290026","0.0625","0.0625","0.0625"
"1290031","0","0","0"
"1300003","0.09375","0","0.1875"
"1300012","0.21875","0.21875","0.21875"
"1300016","0.5625","0.5625","0.5625"
"1300020","0","0","0"
"1300068","0.15625","0.15625","0.15625"
"1310004","0","0","0"
"1310007","0.09375","0.09375","0.09375"
"1310012","0.09375","0.09375","0.09375"
"1310014","0.09375","0.09375","0.09375"
"1310022","0.15625","0.15625","0.15625"
"1310027","0.375","0.375","0.375"
"1320002","0.34375","0.34375","0.34375"
"1320004","0.03125","0.03125","0.03125"
"1320005","0.15625","0.15625","0.15625"
"1320008","0.15625","0.15625","0.15625"
"1320009","0","0","0"
"1320060","0","0","0"
"1330001","0.21875","0.21875","0.21875"
"1330006","0","0","0"
"1330026","0.0625","0.0625","0.0625"
"1330029","0.125","0.125","0.125"
"1330030","0.5","0.5","0.5"
"1330032","0","0","0"
"1340011","0.03125","0.03125","0.03125"
"1340012","0.21875","0.21875","0.21875"
"1340019","0","0","0"
"1340020","0.125","0.125","0.125"
"1340051","0.015625","0","0.03125"
"1350013","0.15625","0.15625","0.15625"
"1350014","0.09375","0.09375","0.09375"
"1350016","0.15625","0.15625","0.15625"
"1350017","0.3125","0.3125","0.3125"
"1350022","0.34375","0.34375","0.34375"
"1350067","0","0","0"
"1360003","0.1875","0.09375","0.28125"
"1360014","0","0","0"
"1360017","0.15625","0.15625","0.15625"
"1360021","0.28125","0.28125","0.28125"
"1360026","0.1875","0.1875","0.1875"
"1370008","0.125","0.125","0.125"
"1370010","0.03125","0.03125","0.03125"
"1370025","0.59375","0.59375","0.59375"
"1370031","0.1875","0.1875","0.1875"
"1370055","0.25","0.25","0.25"
"1370062","0","0","0"
"1380001","0.125","0.125","0.125"
"1380004","0","0","0"
"1380017","0.09375","0.09375","0.09375"
"1380020","0.4375","0.4375","0.4375"
"1380038","0.03125","0.03125","0.03125"
"1380068","0.0625","0.0625","0.0625"
"1390004","0.03125","0.03125","0.03125"
"1390010","0.0625","0.0625","0.0625"
"1390017","0.28125","0.28125","0.28125"
"1390023","0.25","0.25","0.25"
"1390064","0","0","0"
"1390067","0.09375","0.09375","0.09375"
"1400003","0.09375","0.09375","0.09375"
"1400006","0.0625","0.0625","0.0625"
"1400017","0.15625","0.15625","0.15625"
"1400023","0.40625","0.40625","0.40625"
"1400028","0.1875","0.1875","0.1875"
"1400032","0","0","0"
"1410009","0","0","0"
"1410016","0","0","0"
"1410018","0.0625","0.0625","0.0625"
"1410023","0.03125","0.03125","0.03125"
"1410025","0","0","0"
"1410032","0.40625","0.40625","0.40625"
"1420008","0.0625","0.0625","0.0625"
"1420022","0.1875","0.09375","0.28125"
"1420026","0","0","0"
"1420033","0.09375","0.09375","0.09375"
"1420056","0","0","0"
"1430007","0","0","0"
"1430009","0.40625","0.40625","0.40625"
"1430013","0.125","0.125","0.125"
"1430022","0.15625","0.15625","0.15625"
"1430032","0.09375","0.09375","0.09375"
"1430047","0.15625","0.15625","0.15625"
"1440000","0.09375","0.09375","0.09375"
"1440006","0.25","0.25","0.25"
"1440007","0","0","0"
"1440019","0.3125","0.3125","0.3125"
"1440023","0.34375","0.34375","0.34375"
"1440028","0.125","0.125","0.125"
"1450005","0.21875","0.21875","0.21875"
"1450007","0.03125","0.03125","0.03125"
"1450021","0.375","0.375","0.375"
"1450025","0.078125","0","0.15625"
"1450039","0.1875","0.1875","0.1875"
"1460001","0.3125","0.3125","0.3125"
"1460009","0.59375","0.59375","0.59375"
"1460025","0.09375","0.09375","0.09375"
"1460027","0.125","0.125","0.125"
"1460039","0","0","0"
"1460049","0.125","0.125","0.125"
"1470000","0","0","0"
"1470009","0.25","0.25","0.25"
"1470010","0.1875","0.1875","0.1875"
"1470023","0.15625","0.15625","0.15625"
"1470029","0.375","0.375","0.375"
"1470055","0","0","0"
"1480002","0","0","0"
"1480004","0.34375","0.34375","0.34375"
"1480013","0.53125","0.53125","0.53125"
"1480025","0.25","0.25","0.25"
"1480032","0.09375","0.09375","0.09375"
"1480056","0","0","0"
"1490005","0","0","0"
"1490022","0","0","0"
"1490027","0.265625","0.0625","0.46875"
"1490034","0.0625","0.0625","0.0625"
"1490065","0","0","0"
"1500008","0.21875","0.21875","0.21875"
"1500013","0.0625","0.0625","0.0625"
"1500015","0","0","0"
"1500018","0","0","0"
"1500020","0.1875","0.1875","0.1875"
"1500026","0.15625","0.15625","0.15625"
"1510001","0.1875","0.1875","0.1875"
"1510002","0.21875","0.21875","0.21875"
"1510003","0.09375","0.09375","0.09375"
"1510005","0.0625","0.0625","0.0625"
"1510022","0.09375","0","0.1875"
"1520001","0.234375","0.15625","0.3125"
"1520028","0.1875","0.09375","0.28125"
"1520033","0.09375","0.09375","0.09375"
"1520044","0","0","0"
"1530020","0.234375","0.125","0.34375"
"1530023","0.25","0.25","0.25"
"1530032","0.46875","0.46875","0.46875"
"1530042","0","0","0"
"1540007","0.09375","0.09375","0.09375"
"1540010","0.40625","0.40625","0.40625"
"1540013","0","0","0"
"1540018","0.09375","0.09375","0.09375"
"1540026","0.21875","0.21875","0.21875"
"1540039","0.0625","0.0625","0.0625"
"1550002","0.4375","0.4375","0.4375"
"1550004","0.09375","0.09375","0.09375"
"1550014","0.28125","0.28125","0.28125"
"1550019","0.09375","0.09375","0.09375"
"1550021","0.0625","0.0625","0.0625"
"1550031","0","0","0"
"1560009","0.0625","0.0625","0.0625"
"1560011","0","0","0"
"1560030","0.109375","0","0.21875"
"1560059","0.15625","0.15625","0.15625"
"1560062","0.03125","0.03125","0.03125"
"1570007","0","0","0"
"1570008","0.40625","0.40625","0.40625"
"1570021","0","0","0"
"1570024","0.03125","0.03125","0.03125"
"1570027","0.125","0.125","0.125"
"1570029","0.09375","0.09375","0.09375"
"1580000","0.03125","0.03125","0.03125"
"1580004","0.0625","0.0625","0.0625"
"1580011","0.625","0.625","0.625"
"1580013","0","0","0"
"1580027","0.0625","0.0625","0.0625"
"1580059","0","0","0"
"1590005","0.53125","0.53125","0.53125"
"1590007","0.03125","0.03125","0.03125"
"1590008","0.03125","0.03125","0.03125"
"1590011","0.03125","0.03125","0.03125"
"1590013","0","0","0"
"1590056","0","0","0"
"1600009","0","0","0"
"1600012","0.5","0.5","0.5"
"1600013","0.1875","0.1875","0.1875"
"1600016","0.03125","0.03125","0.03125"
"1600024","0.125","0.125","0.125"
"1600049","0","0","0"
"1610002","0.15625","0.15625","0.15625"
"1610004","0","0","0"
"1610005","0","0","0"
"1610020","0","0","0"
"1610023","0.53125","0.53125","0.53125"
"1610036","0","0","0"
"1620007","0.03125","0.03125","0.03125"
"1620009","0.34375","0.34375","0.34375"
"1620012","0.09375","0.09375","0.09375"
"1620021","0.15625","0.15625","0.15625"
"1620023","0.4375","0.4375","0.4375"
"1620032","0","0","0"
"1630000","0.125","0.125","0.125"
"1630012","0.375","0.375","0.375"
"1630015","0","0","0"
"1630026","0.15625","0.15625","0.15625"
"1630027","0.375","0.375","0.375"
"1630035","0","0","0"
"1640005","0.28125","0.28125","0.28125"
"1640010","0.1875","0.1875","0.1875"
"1640017","0.09375","0.09375","0.09375"
"1640021","0.40625","0.40625","0.40625"
"1640034","0.0625","0.0625","0.0625"
"1640045","0","0","0"
"1650006","0","0","0"
"1650011","0.28125","0.28125","0.28125"
"1650016","0.46875","0.46875","0.46875"
"1650022","0.1875","0.1875","0.1875"
"1650027","0.5","0.5","0.5"
"1650049","0","0","0"
"1660009","0.28125","0.28125","0.28125"
"1660015","0.0625","0.0625","0.0625"
"1660019","0.09375","0.09375","0.09375"
"1660024","0","0","0"
"1660026","0.15625","0.15625","0.15625"
"1660040","0.34375","0.34375","0.34375"
"1670000","0.0625","0.0625","0.0625"
"1670008","0.125","0.125","0.125"
"1670015","0.25","0.25","0.25"
"1670022","0","0","0"
"1670026","0.46875","0.46875","0.46875"
"1670063","0","0","0"
"1680001","0.0625","0.0625","0.0625"
"1680002","0.3125","0.3125","0.3125"
"1680012","0.375","0.375","0.375"
"1680026","0.0625","0.0625","0.0625"
"1680053","0","0","0"
"1680058","0","0","0"
"1690001","0.28125","0.28125","0.28125"
"1690005","0","0","0"
"1690007","0","0","0"
"1690012","0.0625","0.0625","0.0625"
"1690013","0.53125","0.53125","0.53125"
"1690051","0","0","0"
"1700005","0","0","0"
"1700009","0.59375","0.59375","0.59375"
"1700014","0.125","0.125","0.125"
"1700023","0.03125","0.03125","0.03125"
"1700028","0.3125","0.3125","0.3125"
"1700051","0","0","0"
"1710000","0","0","0"
"1710008","0","0","0"
"1710010","0","0","0"
"1710014","0.46875","0.46875","0.46875"
"1710024","0.34375","0.34375","0.34375"
"1710031","0.125","0.125","0.125"
"1720003","0.0625","0.0625","0.0625"
"1720011","0.3125","0.3125","0.3125"
"1720016","0.25","0.25","0.25"
"1720023","0.09375","0.09375","0.09375"
"1720028","0.28125","0.28125","0.28125"
"1720068","0","0","0"
"1730002","0.21875","0.15625","0.28125"
"1730015","0","0","0"
"1730018","0.25","0.25","0.25"
"1730021","0.21875","0.21875","0.21875"
"1730054","0","0","0"
"1740006","0.1875","0.1875","0.1875"
"1740009","0.03125","0.03125","0.03125"
"1740015","0.03125","0.03125","0.03125"
"1740021","0.25","0.25","0.25"
"1740028","0","0","0"
"1740031","0.34375","0.34375","0.34375"
"1750018","0.5","0.5","0.5"
"1750021","0.0625","0.0625","0.0625"
"1750025","0.15625","0.125","0.1875"
"1750040","0","0","0"
"1750053","0.125","0.125","0.125"
"1760012","0.125","0.125","0.125"
"1760016","0.09375","0.09375","0.09375"
"1760018","0.15625","0.15625","0.15625"
"1760020","0.09375","0.09375","0.09375"
"1760037","0","0","0"
"1760042","0.40625","0.40625","0.40625"
"1770003","0.25","0.25","0.25"
"1770005","0.0625","0.0625","0.0625"
"1770013","0.0625","0.0625","0.0625"
"1770014","0.4375","0.4375","0.4375"
"1770021","0.09375","0.09375","0.09375"
"1770067","0","0","0"
"1780001","0.15625","0.15625","0.15625"
"1780005","0.28125","0.28125","0.28125"
"1780007","0.09375","0.09375","0.09375"
"1780047","0","0","0"
"1780054","0","0","0"
"1780061","0.5","0.5","0.5"
"1790010","0.09375","0.03125","0.15625"
"1790012","0","0","0"
"1790013","0.046875","0.03125","0.0625"
"1790017","0.09375","0.09375","0.09375"
"1800003","0.25","0.25","0.25"
"1800019","0.03125","0.03125","0.03125"
"1800024","0.328125","0.0625","0.59375"
"1800033","0","0","0"
"1800051","0.0625","0.0625","0.0625"
"1810000","0.03125","0.03125","0.03125"
"1810015","0.125","0.125","0.125"
"1810017","0.25","0.25","0.25"
"1810028","0.09375","0.09375","0.09375"
"1810054","0","0","0"
"1820002","0.625","0.625","0.625"
"1820005","0.09375","0.09375","0.09375"
"1820009","0.03125","0.03125","0.03125"
"1820010","0.125","0.125","0.125"
"1820020","0.1875","0.1875","0.1875"
"1820064","0","0","0"
"1830011","0.46875","0.46875","0.46875"
"1830023","0.03125","0.03125","0.03125"
"1830024","0.03125","0.03125","0.03125"
"1830025","0.125","0","0.25"
"1830029","0.25","0.25","0.25"
"1840005","0.34375","0.34375","0.34375"
"1840015","0.09375","0.09375","0.09375"
"1840016","0.28125","0.28125","0.28125"
"1840044","0","0","0"
"1840051","0.5625","0.5625","0.5625"
"1840053","0.0625","0.0625","0.0625"
"1850005","0.015625","0","0.03125"
"1850018","0.03125","0.03125","0.03125"
"1850024","0.40625","0.40625","0.40625"
"1850028","0.59375","0.59375","0.59375"
"1850067","0","0","0"
"1860001","0.1875","0.1875","0.1875"
"1860006","0.03125","0.03125","0.03125"
"1860012","0.1875","0.1875","0.1875"
"1860014","0","0","0"
"1860020","0.59375","0.59375","0.59375"
"1860054","0.0625","0.0625","0.0625"
"1870000","0.03125","0.03125","0.03125"
"1870002","0.0625","0.0625","0.0625"
"1870004","0.53125","0.53125","0.53125"
"1870014","0.3125","0.3125","0.3125"
"1870023","0.1875","0.1875","0.1875"
"1870030","0","0","0"
"1880005","0.015625","0","0.03125"
"1880015","0.625","0.625","0.625"
"1880020","0.28125","0.28125","0.28125"
"1880065","0.21875","0.21875","0.21875"
"1880069","0","0","0"
"1890009","0.375","0.375","0.375"
"1890010","0.0625","0.0625","0.0625"
"1890013","0.25","0.25","0.25"
"1890016","0.3125","0.3125","0.3125"
"1890019","0","0","0"
"1890022","0.53125","0.53125","0.53125"
"1900012","0.625","0.625","0.625"
"1900014","0.1875","0.09375","0.28125"
"1900018","0.15625","0.15625","0.15625"
"1900021","0.34375","0.34375","0.34375"
"1900055","0","0","0"
"1910008","0.125","0.125","0.125"
"1910009","0.25","0.25","0.25"
"1910019","0","0","0"
"1910020","0.1875","0.1875","0.1875"
"1910023","0.625","0.625","0.625"
"1910055","0.125","0.125","0.125"
"1920008","0.28125","0.28125","0.28125"
"1920011","0.125","0.125","0.125"
"1920016","0.53125","0.53125","0.53125"
"1920030","0.09375","0.09375","0.09375"
"1920036","0","0","0"
"1920059","0","0","0"
"1930001","0.28125","0.28125","0.28125"
"1930004","0","0","0"
"1930007","0.09375","0.09375","0.09375"
"1930019","0","0","0"
"1930021","0.40625","0.40625","0.40625"
"1930066","0.125","0.125","0.125"
"1940002","0","0","0"
"1940005","0.171875","0.125","0.21875"
"1940012","0.1875","0.1875","0.1875"
"1940017","0.4375","0.4375","0.4375"
"1940020","0","0","0"
"1950003","0","0","0"
"1950006","0.03125","0.03125","0.03125"
"1950024","0.390625","0.28125","0.5"
"1950034","0.03125","0.03125","0.03125"
"1950036","0","0","0"
"1960002","0.15625","0.15625","0.15625"
"1960005","0.5625","0.5625","0.5625"
"1960008","0.25","0.25","0.25"
"1960012","0.03125","0.03125","0.03125"
"1960025","0.46875","0.46875","0.46875"
"1960026","0","0","0"
"1970012","0.34375","0.34375","0.34375"
"1970018","0.15625","0.15625","0.15625"
"1970022","0.1875","0.1875","0.1875"
"1970028","0.03125","0.03125","0.03125"
"1970037","0","0","0"
"1970039","0","0","0"
"1980003","0.09375","0.09375","0.09375"
"1980005","0.3125","0.3125","0.3125"
"1980010","0.1875","0.1875","0.1875"
"1980011","0","0","0"
"1980016","0","0","0"
"1980019","0.5","0.5","0.5"
"1990002","0.40625","0.40625","0.40625"
"1990016","0.125","0.125","0.125"
"1990025","0.5625","0.5625","0.5625"
"1990049","0","0","0"
"1990061","0.0625","0.0625","0.0625"
"1990068","0.375","0.375","0.375"
"2000000","0.65625","0.65625","0.65625"
"2000009","0.03125","0.03125","0.03125"
"2000010","0.125","0.125","0.125"
"2000013","0.03125","0.03125","0.03125"
"2000040","0.625","0.625","0.625"
"2000045","0","0","0"