"Step","Group: 3s5z_vs_3s6z_ACORM_WM - win_rate","Group: 3s5z_vs_3s6z_ACORM_WM - win_rate__MIN","Group: 3s5z_vs_3s6z_ACORM_WM - win_rate__MAX"
"0","0","0","0"
"10223","0","0","0"
"10235","0","0","0"
"10254","0","0","0"
"10255","0","0","0"
"10265","0","0","0"
"10268","0","0","0"
"20228","0","0","0"
"20242","0","0","0"
"20248","0","0","0"
"20250","0","0","0"
"20251","0","0","0"
"20252","0","0","0"
"30220","0","0","0"
"30228","0","0","0"
"30229","0","0","0"
"30233","0","0","0"
"30256","0","0","0"
"30269","0","0","0"
"40220","0","0","0"
"40248","0","0","0"
"40254","0","0","0"
"40260","0","0","0"
"40265","0","0","0"
"40266","0","0","0"
"50237","0","0","0"
"50251","0","0","0"
"50255","0","0","0"
"50258","0","0","0"
"50259","0","0","0"
"50261","0","0","0"
"60223","0","0","0"
"60239","0","0","0"
"60241","0","0","0"
"60251","0","0","0"
"60255","0","0","0"
"60307","0","0","0"
"70220","0","0","0"
"70227","0","0","0"
"70236","0","0","0"
"70241","0","0","0"
"70244","0","0","0"
"70259","0","0","0"
"80235","0","0","0"
"80238","0","0","0"
"80253","0","0","0"
"80257","0","0","0"
"80263","0","0","0"
"90225","0","0","0"
"90227","0","0","0"
"90256","0","0","0"
"90267","0","0","0"
"100257","0","0","0"
"100258","0","0","0"
"100264","0","0","0"
"100312","0","0","0"
"110223","0","0","0"
"110249","0","0","0"
"110259","0","0","0"
"110267","0","0","0"
"110273","0","0","0"
"110312","0","0","0"
"120223","0","0","0"
"120229","0","0","0"
"120236","0","0","0"
"120245","0","0","0"
"120259","0","0","0"
"120268","0","0","0"
"130242","0","0","0"
"130245","0","0","0"
"130246","0","0","0"
"130254","0","0","0"
"130266","0","0","0"
"130379","0","0","0"
"140223","0","0","0"
"140230","0","0","0"
"140243","0","0","0"
"140249","0","0","0"
"140258","0","0","0"
"140261","0","0","0"
"150221","0","0","0"
"150231","0","0","0"
"150238","0","0","0"
"150271","0","0","0"
"150294","0","0","0"
"150320","0","0","0"
"160241","0","0","0"
"160242","0","0","0"
"160246","0","0","0"
"160253","0","0","0"
"160272","0","0","0"
"160333","0","0","0"
"170221","0","0","0"
"170227","0","0","0"
"170239","0","0","0"
"170248","0","0","0"
"170273","0","0","0"
"170277","0","0","0"
"180227","0","0","0"
"180233","0","0","0"
"180237","0","0","0"
"180238","0","0","0"
"180261","0","0","0"
"180263","0","0","0"
"190221","0","0","0"
"190225","0","0","0"
"190227","0","0","0"
"190244","0","0","0"
"190264","0","0","0"
"190302","0","0","0"
"200231","0","0","0"
"200232","0","0","0"
"200237","0","0","0"
"200239","0","0","0"
"200258","0","0","0"
"200377","0","0","0"
"210229","0","0","0"
"210238","0","0","0"
"210257","0","0","0"
"210266","0","0","0"
"210333","0","0","0"
"210368","0","0","0"
"220222","0","0","0"
"220228","0","0","0"
"220233","0","0","0"
"220269","0","0","0"
"220294","0","0","0"
"220330","0","0","0"
"230235","0","0","0"
"230243","0","0","0"
"230250","0","0","0"
"230266","0","0","0"
"230327","0","0","0"
"230344","0","0","0"
"240240","0","0","0"
"240243","0","0","0"
"240260","0","0","0"
"240341","0","0","0"
"240359","0","0","0"
"240365","0","0","0"
"250240","0","0","0"
"250248","0","0","0"
"250249","0","0","0"
"250252","0","0","0"
"250270","0","0","0"
"250363","0","0","0"
"260221","0","0","0"
"260229","0","0","0"
"260232","0","0","0"
"260235","0","0","0"
"260244","0","0","0"
"260297","0","0","0"
"270243","0","0","0"
"270252","0","0","0"
"270259","0","0","0"
"270260","0","0","0"
"270284","0","0","0"
"270289","0","0","0"
"280245","0","0","0"
"280248","0","0","0"
"280250","0","0","0"
"280256","0","0","0"
"280268","0.03125","0.03125","0.03125"
"280270","0","0","0"
"290231","0","0","0"
"290242","0","0","0"
"290246","0","0","0"
"290248","0","0","0"
"290351","0","0","0"
"290356","0","0","0"
"300233","0","0","0"
"300246","0","0","0"
"300260","0","0","0"
"300265","0","0","0"
"300287","0","0","0"
"300370","0","0","0"
"310220","0","0","0"
"310221","0","0","0"
"310244","0","0","0"
"310247","0","0","0"
"310252","0","0","0"
"310255","0","0","0"
"320226","0","0","0"
"320239","0","0","0"
"320248","0","0","0"
"320274","0","0","0"
"320322","0","0","0"
"320358","0","0","0"
"330225","0","0","0"
"330233","0","0","0"
"330237","0","0","0"
"330268","0","0","0"
"330273","0","0","0"
"330280","0","0","0"
"340240","0","0","0"
"340269","0","0","0"
"340273","0","0","0"
"340291","0","0","0"
"340298","0","0","0"
"340329","0","0","0"
"350250","0","0","0"
"350264","0","0","0"
"350266","0","0","0"
"350345","0","0","0"
"350363","0","0","0"
"350385","0","0","0"
"360227","0.03125","0.03125","0.03125"
"360236","0","0","0"
"360242","0","0","0"
"360244","0","0","0"
"360259","0","0","0"
"360369","0","0","0"
"370230","0","0","0"
"370258","0","0","0"
"370266","0","0","0"
"370271","0","0","0"
"370364","0","0","0"
"370388","0","0","0"
"380226","0","0","0"
"380257","0","0","0"
"380298","0","0","0"
"380353","0","0","0"
"380357","0","0","0"
"380360","0","0","0"
"390224","0","0","0"
"390253","0","0","0"
"390270","0","0","0"
"390279","0","0","0"
"390289","0","0","0"
"390334","0","0","0"
"400249","0","0","0"
"400268","0","0","0"
"400292","0","0","0"
"400295","0","0","0"
"400325","0","0","0"
"400348","0.0625","0.0625","0.0625"
"410223","0","0","0"
"410243","0","0","0"
"410257","0","0","0"
"410266","0","0","0"
"410271","0","0","0"
"410356","0","0","0"
"420230","0","0","0"
"420241","0","0","0"
"420275","0.03125","0.03125","0.03125"
"420306","0","0","0"
"420320","0","0","0"
"420352","0","0","0"
"430251","0","0","0"
"430287","0","0","0"
"430300","0","0","0"
"430319","0","0","0"
"430353","0","0","0"
"430388","0","0","0"
"440251","0","0","0"
"440267","0","0","0"
"440269","0","0","0"
"440278","0","0","0"
"440309","0","0","0"
"440337","0","0","0"
"450226","0","0","0"
"450234","0","0","0"
"450251","0","0","0"
"450311","0","0","0"
"450325","0","0","0"
"450386","0.03125","0.03125","0.03125"
"460221","0","0","0"
"460222","0","0","0"
"460253","0","0","0"
"460259","0","0","0"
"460284","0","0","0"
"460385","0","0","0"
"470227","0","0","0"
"470238","0.15625","0.15625","0.15625"
"470267","0","0","0"
"470324","0","0","0"
"470366","0","0","0"
"470367","0","0","0"
"480233","0","0","0"
"480249","0","0","0"
"480254","0","0","0"
"480300","0","0","0"
"480345","0","0","0"
"480350","0","0","0"
"490223","0.015625","0","0.03125"
"490225","0","0","0"
"490233","0","0","0"
"490289","0","0","0"
"490377","0","0","0"
"500233","0","0","0"
"500243","0.03125","0.03125","0.03125"
"500261","0","0","0"
"500303","0.03125","0.03125","0.03125"
"500344","0","0","0"
"500369","0","0","0"
"510234","0.0625","0.0625","0.0625"
"510244","0","0","0"
"510247","0","0","0"
"510283","0","0","0"
"510342","0","0","0"
"510369","0.03125","0.03125","0.03125"
"520233","0","0","0"
"520241","0.15625","0.15625","0.15625"
"520270","0","0","0"
"520316","0","0","0"
"520338","0","0","0"
"520369","0","0","0"
"530250","0","0","0"
"530254","0","0","0"
"530292","0.03125","0.03125","0.03125"
"530300","0","0","0"
"530379","0","0","0"
"530386","0","0","0"
"540241","0.09375","0.09375","0.09375"
"540254","0","0","0"
"540279","0","0","0"
"540325","0","0","0"
"540338","0","0","0"
"540372","0","0","0"
"550244","0.15625","0.15625","0.15625"
"550245","0","0","0"
"550287","0.09375","0.09375","0.09375"
"550293","0","0","0"
"550343","0","0","0"
"550346","0","0","0"
"560223","0.03125","0.03125","0.03125"
"560238","0","0","0"
"560253","0","0","0"
"560276","0","0","0"
"560283","0","0","0"
"560290","0.09375","0.09375","0.09375"
"570249","0.0625","0.0625","0.0625"
"570268","0.125","0.125","0.125"
"570290","0.03125","0.03125","0.03125"
"570318","0","0","0"
"570332","0.03125","0.03125","0.03125"
"570348","0","0","0"
"580225","0.0625","0.0625","0.0625"
"580240","0","0","0"
"580272","0","0","0"
"580274","0","0","0"
"580286","0","0","0"
"580310","0","0","0"
"590237","0","0","0"
"590277","0","0","0"
"590292","0.125","0.125","0.125"
"590293","0.15625","0.15625","0.15625"
"590335","0","0","0"
"590343","0","0","0"
"600224","0","0","0"
"600240","0.125","0.125","0.125"
"600241","0","0","0"
"600263","0.28125","0.03125","0.53125"
"600339","0","0","0"
"610240","0","0","0"
"610273","0","0","0"
"610281","0.28125","0.28125","0.28125"
"610286","0","0","0"
"610335","0.25","0.25","0.25"
"610370","0","0","0"
"620232","0.0625","0.0625","0.0625"
"620240","0","0","0"
"620251","0.25","0.25","0.25"
"620260","0","0","0"
"620278","0.03125","0.03125","0.03125"
"620294","0","0","0"
"630236","0","0","0"
"630243","0.03125","0.03125","0.03125"
"630263","0.15625","0.15625","0.15625"
"630275","0","0","0"
"630291","0.1875","0.1875","0.1875"
"630318","0","0","0"
"640222","0.21875","0.21875","0.21875"
"640238","0","0","0"
"640241","0","0","0"
"640331","0.28125","0.28125","0.28125"
"640340","0","0","0"
"640353","0","0","0"
"650254","0.03125","0.03125","0.03125"
"650257","0","0","0"
"650267","0","0","0"
"650283","0.125","0.125","0.125"
"650299","0","0","0"
"650328","0.625","0.625","0.625"
"660220","0","0","0"
"660225","0","0","0"
"660252","0","0","0"
"660272","0.40625","0.40625","0.40625"
"660286","0.25","0.25","0.25"
"660341","0","0","0"
"670228","0","0","0"
"670235","0.46875","0.46875","0.46875"
"670240","0.03125","0.03125","0.03125"
"670244","0","0","0"
"670273","0.375","0.375","0.375"
"670317","0","0","0"
"680228","0.21875","0.21875","0.21875"
"680251","0.03125","0.03125","0.03125"
"680279","0","0","0"
"680285","0.15625","0.15625","0.15625"
"680351","0","0","0"
"680352","0","0","0"
"690267","0.03125","0.03125","0.03125"
"690268","0.4375","0.4375","0.4375"
"690302","0.09375","0.09375","0.09375"
"690304","0","0","0"
"690366","0","0","0"
"690376","0","0","0"
"700221","0","0","0"
"700260","0.21875","0.21875","0.21875"
"700314","0","0","0"
"700326","0","0","0"
"700353","0","0","0"
"700374","0.0625","0.0625","0.0625"
"710222","0.3125","0.3125","0.3125"
"710237","0","0","0"
"710246","0.4375","0.4375","0.4375"
"710312","0","0","0"
"710320","0.0625","0.0625","0.0625"
"710373","0","0","0"
"720225","0","0","0"
"720246","0","0","0"
"720266","0.09375","0.09375","0.09375"
"720275","0.5625","0.5625","0.5625"
"720283","0","0","0"
"720380","0.3125","0.3125","0.3125"
"730249","0.046875","0","0.09375"
"730305","0.375","0.375","0.375"
"730365","0.1875","0.1875","0.1875"
"730372","0.03125","0.03125","0.03125"
"730375","0","0","0"
"740250","0","0","0"
"740279","0.09375","0.09375","0.09375"
"740292","0.59375","0.59375","0.59375"
"740315","0","0","0"
"740319","0","0","0"
"740320","0.65625","0.65625","0.65625"
"750222","0.296875","0","0.59375"
"750230","0","0","0"
"750246","0.03125","0.03125","0.03125"
"750310","0.25","0.25","0.25"
"750328","0.0625","0.0625","0.0625"
"760223","0.03125","0.03125","0.03125"
"760254","0.125","0.125","0.125"
"760255","0.03125","0.03125","0.03125"
"760275","0","0","0"
"760285","0.5","0.5","0.5"
"760318","0.21875","0.21875","0.21875"
"770250","0.03125","0.03125","0.03125"
"770259","0.03125","0.03125","0.03125"
"770263","0.34375","0.34375","0.34375"
"770287","0","0","0"
"770295","0.34375","0.34375","0.34375"
"770336","0","0","0"
"780268","0.03125","0.03125","0.03125"
"780269","0.6875","0.6875","0.6875"
"780284","0","0","0"
"780293","0","0","0"
"780307","0.625","0.625","0.625"
"780374","0","0","0"
"790234","0","0","0"
"790259","0.3125","0","0.625"
"790265","0.6875","0.6875","0.6875"
"790284","0","0","0"
"790285","0.03125","0.03125","0.03125"
"800279","0","0","0"
"800289","0.375","0.375","0.375"
"800313","0","0","0"
"800326","0.1875","0.1875","0.1875"
"800344","0.46875","0.46875","0.46875"
"800367","0.03125","0.03125","0.03125"
"810227","0.03125","0.03125","0.03125"
"810229","0","0","0"
"810234","0.28125","0.28125","0.28125"
"810281","0.0625","0.0625","0.0625"
"810300","0.0625","0.0625","0.0625"
"810344","0.34375","0.34375","0.34375"
"820247","0.03125","0.03125","0.03125"
"820259","0.0625","0.0625","0.0625"
"820272","0","0","0"
"820282","0.03125","0.03125","0.03125"
"820290","0.59375","0.59375","0.59375"
"820305","0.625","0.625","0.625"
"830225","0","0","0"
"830232","0.5625","0.5625","0.5625"
"830245","0.78125","0.78125","0.78125"
"830246","0.0625","0.0625","0.0625"
"830286","0.03125","0.03125","0.03125"
"830372","0.03125","0.03125","0.03125"
"840241","0.0625","0.0625","0.0625"
"840268","0.09375","0.09375","0.09375"
"840273","0.15625","0.15625","0.15625"
"840286","0.46875","0.46875","0.46875"
"840294","0.875","0.875","0.875"
"840315","0.0625","0.0625","0.0625"
"850254","0.65625","0.65625","0.65625"
"850268","0.09375","0.09375","0.09375"
"850282","0.71875","0.71875","0.71875"
"850332","0.03125","0","0.0625"
"850354","0","0","0"
"860223","0.75","0.75","0.75"
"860237","0","0","0"
"860246","0.75","0.75","0.75"
"860248","0","0","0"
"860249","0.1875","0.1875","0.1875"
"860268","0","0","0"
"870224","0.1875","0.1875","0.1875"
"870231","0.03125","0.03125","0.03125"
"870258","0.734375","0.65625","0.8125"
"870271","0","0","0"
"870291","0","0","0"
"880232","0.65625","0.65625","0.65625"
"880252","0","0","0"
"880286","0.4375","0.4375","0.4375"
"880337","0.0625","0.0625","0.0625"
"880344","0.03125","0.03125","0.03125"
"880385","0","0","0"
"890256","0.53125","0.53125","0.53125"
"890261","0.1875","0.1875","0.1875"
"890296","0.5625","0.5625","0.5625"
"890303","0.03125","0.03125","0.03125"
"890319","0.03125","0.03125","0.03125"
"890382","0.03125","0.03125","0.03125"
"900221","0.71875","0.71875","0.71875"
"900238","0","0","0"
"900250","0.046875","0.03125","0.0625"
"900252","0.03125","0.03125","0.03125"
"900266","0.59375","0.59375","0.59375"
"910231","0.03125","0.03125","0.03125"
"910248","0.5625","0.5625","0.5625"
"910253","0.4375","0.4375","0.4375"
"910269","0","0","0"
"910272","0.09375","0.09375","0.09375"
"910374","0.0625","0.0625","0.0625"
"920235","0.71875","0.71875","0.71875"
"920238","0.15625","0.15625","0.15625"
"920249","0","0","0"
"920370","0.78125","0.78125","0.78125"
"920386","0","0","0"
"930225","0.4375","0.4375","0.4375"
"930268","0.09375","0","0.1875"
"930269","0","0","0"
"930292","0.84375","0.84375","0.84375"
"930333","0.03125","0.03125","0.03125"
"940229","0.34375","0.34375","0.34375"
"940244","0","0","0"
"940256","0.6875","0.6875","0.6875"
"940282","0.03125","0.03125","0.03125"
"940287","0.59375","0.59375","0.59375"
"940323","0.09375","0.09375","0.09375"
"950240","0.3125","0.3125","0.3125"
"950244","0","0","0"
"950249","0","0","0"
"950275","0.03125","0.03125","0.03125"
"950303","0.625","0.625","0.625"
"950318","0","0","0"
"960249","0.53125","0.53125","0.53125"
"960255","0.0625","0.0625","0.0625"
"960279","0.59375","0.59375","0.59375"
"960280","0.0625","0.0625","0.0625"
"960296","0","0","0"
"960345","0.0625","0.0625","0.0625"
"970233","0.0625","0.0625","0.0625"
"970250","0.8125","0.8125","0.8125"
"970254","0","0","0"
"970295","0.0625","0.0625","0.0625"
"970324","0.21875","0.21875","0.21875"
"980263","0.40625","0.40625","0.40625"
"980280","0","0","0"
"980308","0.125","0.125","0.125"
"980312","0.21875","0.21875","0.21875"
"980359","0","0","0"
"980388","0.03125","0.03125","0.03125"
"990225","0.28125","0.28125","0.28125"
"990258","0.03125","0.03125","0.03125"
"990261","0.375","0.375","0.375"
"990262","0.28125","0.28125","0.28125"
"990315","0.03125","0.03125","0.03125"
"990365","0.15625","0.15625","0.15625"
"1000223","0","0","0"
"1000247","0.125","0.125","0.125"
"1000268","0.8125","0.8125","0.8125"
"1000279","0.0625","0.0625","0.0625"
"1000287","0.71875","0.71875","0.71875"
"1000323","0.125","0.125","0.125"
"1010234","0.09375","0.09375","0.09375"
"1010242","0.15625","0.15625","0.15625"
"1010278","0.625","0.625","0.625"
"1010304","0.15625","0.15625","0.15625"
"1010312","0.8125","0.8125","0.8125"
"1010341","0.03125","0.03125","0.03125"
"1020251","0.125","0.125","0.125"
"1020265","0.5","0.5","0.5"
"1020267","0.1875","0.1875","0.1875"
"1020281","0.75","0.75","0.75"
"1020310","0.125","0.125","0.125"
"1020345","0","0","0"
"1030224","0.40625","0.40625","0.40625"
"1030232","0.1875","0.1875","0.1875"
"1030261","0.53125","0.53125","0.53125"
"1030265","0","0","0"
"1030286","0.28125","0.28125","0.28125"
"1030295","0.125","0.125","0.125"
"1040220","0.71875","0.71875","0.71875"
"1040223","0.59375","0.59375","0.59375"
"1040274","0.15625","0.15625","0.15625"
"1040283","0.21875","0.21875","0.21875"
"1040289","0","0","0"
"1040342","0.34375","0.34375","0.34375"
"1050231","0.21875","0.21875","0.21875"
"1050232","0.125","0.125","0.125"
"1050245","0.71875","0.71875","0.71875"
"1050286","0.625","0.625","0.625"
"1050324","0.0625","0.0625","0.0625"
"1050375","0","0","0"
"1060264","0","0","0"
"1060274","0.625","0.625","0.625"
"1060276","0.375","0.375","0.375"
"1060277","0.53125","0.53125","0.53125"
"1060280","0.59375","0.59375","0.59375"
"1060357","0.25","0.25","0.25"
"1070220","0","0","0"
"1070228","0.1875","0.1875","0.1875"
"1070238","0.21875","0.21875","0.21875"
"1070264","0.375","0.375","0.375"
"1070270","0.46875","0.46875","0.46875"
"1070363","0.34375","0.34375","0.34375"
"1080246","0.03125","0.03125","0.03125"
"1080261","0.25","0.25","0.25"
"1080263","0.6875","0.6875","0.6875"
"1080275","0.75","0.75","0.75"
"1080297","0.40625","0.40625","0.40625"
"1080304","0.03125","0.03125","0.03125"
"1090234","0.28125","0.28125","0.28125"
"1090253","0","0","0"
"1090254","0.03125","0.03125","0.03125"
"1090266","0.9375","0.9375","0.9375"
"1090275","0.53125","0.53125","0.53125"
"1090387","0.4375","0.4375","0.4375"
"1100220","0.9375","0.9375","0.9375"
"1100222","0.09375","0.09375","0.09375"
"1100241","0.5","0.5","0.5"
"1100286","0.65625","0.65625","0.65625"
"1100364","0","0","0"
"1100379","0.75","0.75","0.75"
"1110242","0.625","0.625","0.625"
"1110250","0.3125","0.3125","0.3125"
"1110267","1","1","1"
"1110268","0.625","0.625","0.625"
"1110291","0.53125","0.53125","0.53125"
"1110310","0","0","0"
"1120234","0.65625","0.65625","0.65625"
"1120240","0.03125","0.03125","0.03125"
"1120244","0.875","0.875","0.875"
"1120279","0.40625","0.40625","0.40625"
"1120294","0.71875","0.71875","0.71875"
"1120372","0.40625","0.40625","0.40625"
"1130231","0.1875","0.1875","0.1875"
"1130250","0.75","0.75","0.75"
"1130252","0.75","0.75","0.75"
"1130259","0.375","0.375","0.375"
"1130282","0.4375","0.4375","0.4375"
"1130285","0","0","0"
"1140258","0.78125","0.78125","0.78125"
"1140269","0.40625","0.40625","0.40625"
"1140291","0.78125","0.78125","0.78125"
"1140306","0","0","0"
"1140364","0.34375","0.34375","0.34375"
"1140387","0.21875","0.21875","0.21875"
"1150238","0.5625","0.5625","0.5625"
"1150239","0.375","0.375","0.375"
"1150250","0","0","0"
"1150251","0.5","0.5","0.5"
"1150259","0.65625","0.65625","0.65625"
"1150288","0.4375","0.4375","0.4375"
"1160226","0.59375","0.59375","0.59375"
"1160233","0.75","0.75","0.75"
"1160273","0.71875","0.71875","0.71875"
"1160274","0.65625","0.65625","0.65625"
"1160287","0","0","0"
"1160314","0.4375","0.4375","0.4375"
"1170227","0.5625","0.5625","0.5625"
"1170246","0","0","0"
"1170258","0.59375","0.59375","0.59375"
"1170263","0.59375","0.59375","0.59375"
"1170269","0.3125","0.3125","0.3125"
"1170271","0.78125","0.78125","0.78125"
"1180227","0.375","0.375","0.375"
"1180275","0.03125","0.03125","0.03125"
"1180286","0.3125","0.3125","0.3125"
"1180295","0.40625","0.40625","0.40625"
"1180315","0.40625","0.40625","0.40625"
"1180320","0.46875","0.46875","0.46875"
"1190234","0.625","0.625","0.625"
"1190247","0.5625","0.5625","0.5625"
"1190249","0.75","0.75","0.75"
"1190251","0.09375","0.09375","0.09375"
"1190270","0.0625","0.0625","0.0625"
"1190292","0.21875","0.21875","0.21875"
"1200248","0","0","0"
"1200263","0.46875","0.46875","0.46875"
"1200282","0.40625","0.40625","0.40625"
"1200291","0.5625","0.5625","0.5625"
"1200294","0.71875","0.71875","0.71875"
"1200319","0.8125","0.8125","0.8125"
"1210221","0.375","0.375","0.375"
"1210227","0.59375","0.59375","0.59375"
"1210265","0.65625","0.65625","0.65625"
"1210269","0.34375","0.34375","0.34375"
"1210319","0","0","0"
"1210381","0.46875","0.46875","0.46875"
"1220236","0.5625","0.5625","0.5625"
"1220241","0.0625","0.0625","0.0625"
"1220254","0.3125","0.3125","0.3125"
"1220264","0.5625","0.5625","0.5625"
"1220280","0.65625","0.65625","0.65625"
"1220307","0.40625","0.40625","0.40625"
"1230229","0.71875","0.71875","0.71875"
"1230247","0.65625","0.65625","0.65625"
"1230273","0.3125","0.3125","0.3125"
"1230282","0.03125","0.03125","0.03125"
"1230285","0.75","0.75","0.75"
"1230299","0.6875","0.6875","0.6875"
"1240244","0.84375","0.84375","0.84375"
"1240256","0.40625","0.40625","0.40625"
"1240257","0.53125","0.53125","0.53125"
"1240286","0.875","0.875","0.875"
"1240302","0.125","0.125","0.125"
"1240378","0.40625","0.40625","0.40625"
"1250230","0.09375","0.09375","0.09375"
"1250234","0.375","0.375","0.375"
"1250265","0.71875","0.71875","0.71875"
"1250291","0.84375","0.84375","0.84375"
"1250295","0.65625","0.65625","0.65625"
"1250358","0.65625","0.65625","0.65625"
"1260232","0.4375","0.4375","0.4375"
"1260248","0.3125","0.3125","0.3125"
"1260266","0.6875","0.6875","0.6875"
"1260299","0.8125","0.8125","0.8125"
"1260320","0.0625","0.0625","0.0625"
"1260330","0.75","0.75","0.75"
"1270230","0.5625","0.5625","0.5625"
"1270249","0.625","0.625","0.625"
"1270256","0.125","0.125","0.125"
"1270267","0.03125","0.03125","0.03125"
"1270290","0.71875","0.71875","0.71875"
"1270308","0.53125","0.53125","0.53125"
"1280238","0.5625","0.5625","0.5625"
"1280248","0.75","0.75","0.75"
"1280274","0.03125","0.03125","0.03125"
"1280298","0.5","0.5","0.5"
"1280304","0.4375","0.4375","0.4375"
"1280338","0.59375","0.59375","0.59375"
"1290224","0.03125","0.03125","0.03125"
"1290228","0.75","0.75","0.75"
"1290266","0.21875","0.21875","0.21875"
"1290268","0.5625","0.5625","0.5625"
"1290275","0.34375","0.34375","0.34375"
"1290314","0.59375","0.59375","0.59375"
"1300239","0.84375","0.84375","0.84375"
"1300247","0.375","0.375","0.375"
"1300249","0.59375","0.59375","0.59375"
"1300277","0.21875","0.21875","0.21875"
"1300320","0.15625","0.15625","0.15625"
"1300367","0.59375","0.59375","0.59375"
"1310241","0.0625","0.0625","0.0625"
"1310245","0.65625","0.65625","0.65625"
"1310280","0.34375","0.34375","0.34375"
"1310294","0.59375","0.59375","0.59375"
"1310296","0.4375","0.4375","0.4375"
"1310309","0.5","0.5","0.5"
"1320237","0.6875","0.6875","0.6875"
"1320253","0.390625","0.03125","0.75"
"1320274","0.65625","0.5625","0.75"
"1320284","0.65625","0.65625","0.65625"
"1330237","0.4375","0.4375","0.4375"
"1330256","0.84375","0.84375","0.84375"
"1330273","0.59375","0.59375","0.59375"
"1330278","0.46875","0.46875","0.46875"
"1330292","0.5","0.5","0.5"
"1330345","0.03125","0.03125","0.03125"
"1340230","0.5","0.5","0.5"
"1340231","0.6875","0.6875","0.6875"
"1340268","0.28125","0.28125","0.28125"
"1340280","0.71875","0.71875","0.71875"
"1340321","0.84375","0.84375","0.84375"
"1340346","0.21875","0.21875","0.21875"
"1350223","0.75","0.75","0.75"
"1350231","0.1875","0.1875","0.1875"
"1350245","0.53125","0.53125","0.53125"
"1350278","0.5625","0.5625","0.5625"
"1350306","0.59375","0.59375","0.59375"
"1350338","0.4375","0.4375","0.4375"
"1360225","0.5","0.5","0.5"
"1360246","0.75","0.75","0.75"
"1360251","0.0625","0.0625","0.0625"
"1360270","0.46875","0.46875","0.46875"
"1360275","0.46875","0.46875","0.46875"
"1360286","0.5","0.5","0.5"
"1370231","0.1875","0.1875","0.1875"
"1370233","0.59375","0.59375","0.59375"
"1370244","0.53125","0.53125","0.53125"
"1370275","0.5","0.5","0.5"
"1370300","0.0625","0.0625","0.0625"
"1370354","0.65625","0.65625","0.65625"
"1380256","0.25","0.25","0.25"
"1380264","0.40625","0.40625","0.40625"
"1380276","0.09375","0.09375","0.09375"
"1380278","0.625","0.625","0.625"
"1380286","0.125","0.125","0.125"
"1380287","0.25","0.25","0.25"
"1390235","0.59375","0.59375","0.59375"
"1390238","0.09375","0.09375","0.09375"
"1390272","0.71875","0.71875","0.71875"
"1390276","0.65625","0.65625","0.65625"
"1390304","0.40625","0.40625","0.40625"
"1390338","0.46875","0.46875","0.46875"
"1400244","0.71875","0.71875","0.71875"
"1400249","0.09375","0.09375","0.09375"
"1400292","0.34375","0.34375","0.34375"
"1400299","0.34375","0.34375","0.34375"
"1400318","0.53125","0.53125","0.53125"
"1400387","0.6875","0.6875","0.6875"
"1410239","0.5625","0.5625","0.5625"
"1410243","0.15625","0.15625","0.15625"
"1410248","0.6875","0.6875","0.6875"
"1410260","0.4375","0.4375","0.4375"
"1410317","0.375","0.375","0.375"
"1410379","0.46875","0.46875","0.46875"
"1420236","0.625","0.625","0.625"
"1420242","0.4375","0.4375","0.4375"
"1420270","0.4375","0.4375","0.4375"
"1420296","0.625","0.625","0.625"
"1420297","0.4375","0.4375","0.4375"
"1420298","0.75","0.75","0.75"
"1430224","0.25","0.25","0.25"
"1430228","0.46875","0.46875","0.46875"
"1430232","0.5","0.5","0.5"
"1430285","0.40625","0.40625","0.40625"
"1430289","0.09375","0.09375","0.09375"
"1430297","0.5625","0.5625","0.5625"
"1440240","0.375","0.375","0.375"
"1440244","0.40625","0.40625","0.40625"
"1440263","0.75","0.75","0.75"
"1440321","0.28125","0.28125","0.28125"
"1440342","0.3125","0.3125","0.3125"
"1440344","0.625","0.625","0.625"
"1450222","0.84375","0.84375","0.84375"
"1450232","0.625","0.625","0.625"
"1450244","0.28125","0.28125","0.28125"
"1450280","0.4375","0.4375","0.4375"
"1450292","0.75","0.75","0.75"
"1450308","0.75","0.75","0.75"
"1460223","0.6875","0.6875","0.6875"
"1460244","0.34375","0.34375","0.34375"
"1460245","0.46875","0.46875","0.46875"
"1460256","0.65625","0.65625","0.65625"
"1460310","0.8125","0.8125","0.8125"
"1460335","0.84375","0.84375","0.84375"
"1470225","0.5625","0.5625","0.5625"
"1470280","0.59375","0.59375","0.59375"
"1470285","0.75","0.75","0.75"
"1470310","0.59375","0.59375","0.59375"
"1470341","0.71875","0.71875","0.71875"
"1470343","0.34375","0.34375","0.34375"
"1480233","0.515625","0.40625","0.625"
"1480251","0.65625","0.65625","0.65625"
"1480257","0.3125","0.3125","0.3125"
"1480297","0.65625","0.65625","0.65625"
"1480324","0.59375","0.59375","0.59375"
"1490222","0.28125","0.28125","0.28125"
"1490224","0.78125","0.78125","0.78125"
"1490243","0.21875","0.21875","0.21875"
"1490246","0.71875","0.71875","0.71875"
"1490276","0.53125","0.53125","0.53125"
"1490302","0.75","0.75","0.75"
"1500221","0.34375","0.34375","0.34375"
"1500257","0.75","0.75","0.75"
"1500263","0.78125","0.78125","0.78125"
"1500265","0.6875","0.6875","0.6875"
"1500319","0.625","0.625","0.625"
"1500351","0.28125","0.28125","0.28125"
"1510256","0.59375","0.59375","0.59375"
"1510266","0.65625","0.65625","0.65625"
"1510287","0.71875","0.71875","0.71875"
"1510288","0.65625","0.65625","0.65625"
"1510293","0.625","0.625","0.625"
"1510349","0.40625","0.40625","0.40625"
"1520220","0.71875","0.71875","0.71875"
"1520221","0.46875","0.46875","0.46875"
"1520248","0.5","0.4375","0.5625"
"1520274","0.671875","0.625","0.71875"
"1530227","0.71875","0.71875","0.71875"
"1530233","0.84375","0.84375","0.84375"
"1530237","0.71875","0.71875","0.71875"
"1530246","0.78125","0.78125","0.78125"
"1530260","0.84375","0.84375","0.84375"
"1530311","0.5","0.5","0.5"
"1540230","0.6875","0.6875","0.6875"
"1540238","0.5","0.5","0.5"
"1540243","0.4375","0.4375","0.4375"
"1540256","0.46875","0.46875","0.46875"
"1540264","0.625","0.625","0.625"
"1540314","0.53125","0.53125","0.53125"
"1550251","0.59375","0.59375","0.59375"
"1550272","0.46875","0.46875","0.46875"
"1550278","0.625","0.625","0.625"
"1550288","0.5","0.5","0.5"
"1550309","0.53125","0.53125","0.53125"
"1550373","0.78125","0.78125","0.78125"
"1560224","0.5625","0.5625","0.5625"
"1560225","0.5625","0.5625","0.5625"
"1560232","0.71875","0.71875","0.71875"
"1560237","0.75","0.75","0.75"
"1560299","0.84375","0.84375","0.84375"
"1560306","0.65625","0.65625","0.65625"
"1570255","0.71875","0.71875","0.71875"
"1570288","0.625","0.625","0.625"
"1570306","0.71875","0.71875","0.71875"
"1570313","0.625","0.625","0.625"
"1570317","0.3125","0.3125","0.3125"
"1570384","0.625","0.625","0.625"
"1580242","0.6875","0.6875","0.6875"
"1580251","0.90625","0.90625","0.90625"
"1580266","0.6875","0.6875","0.6875"
"1580268","0.75","0.6875","0.8125"
"1580277","0.65625","0.65625","0.65625"
"1590229","0.625","0.625","0.625"
"1590258","0.8125","0.8125","0.8125"
"1590267","0.875","0.875","0.875"
"1590275","0.71875","0.71875","0.71875"
"1590285","0.78125","0.78125","0.78125"
"1590288","0.6875","0.6875","0.6875"
"1600222","0.0625","0.0625","0.0625"
"1600246","0.8125","0.8125","0.8125"
"1600258","0.6875","0.5625","0.8125"
"1600259","0.625","0.625","0.625"
"1600262","0.6875","0.6875","0.6875"
"1610221","0.59375","0.59375","0.59375"
"1610222","0.875","0.875","0.875"
"1610252","0.75","0.75","0.75"
"1610264","0.5","0.5","0.5"
"1610286","0.6875","0.6875","0.6875"
"1610300","0.8125","0.8125","0.8125"
"1620221","0.8125","0.8125","0.8125"
"1620242","0.53125","0.53125","0.53125"
"1620243","0.6875","0.6875","0.6875"
"1620259","0.90625","0.90625","0.90625"
"1620292","0.671875","0.53125","0.8125"
"1630225","0.90625","0.90625","0.90625"
"1630228","0.3125","0.3125","0.3125"
"1630238","0.71875","0.71875","0.71875"
"1630267","0.75","0.75","0.75"
"1630280","0.4375","0.4375","0.4375"
"1630287","0.75","0.75","0.75"
"1640228","0.609375","0.46875","0.75"
"1640259","0.09375","0.09375","0.09375"
"1640274","0.71875","0.71875","0.71875"
"1640297","0.65625","0.65625","0.65625"
"1640306","0.78125","0.78125","0.78125"
"1650221","0.59375","0.59375","0.59375"
"1650231","0.59375","0.59375","0.59375"
"1650259","0.6875","0.6875","0.6875"
"1650261","0.625","0.625","0.625"
"1650276","0.515625","0.21875","0.8125"
"1660253","0.875","0.875","0.875"
"1660255","0.78125","0.78125","0.78125"
"1660261","0.71875","0.71875","0.71875"
"1660279","0.4375","0.4375","0.4375"
"1660281","0.5","0.5","0.5"
"1660286","0.625","0.625","0.625"
"1670221","0.65625","0.65625","0.65625"
"1670226","0.25","0.25","0.25"
"1670234","0.6875","0.6875","0.6875"
"1670263","0.8125","0.8125","0.8125"
"1670286","0.625","0.625","0.625"
"1670314","0.53125","0.53125","0.53125"
"1680255","0.21875","0.21875","0.21875"
"1680258","0.9375","0.9375","0.9375"
"1680277","0.71875","0.71875","0.71875"
"1680278","0.6875","0.6875","0.6875"
"1680287","0.8125","0.8125","0.8125"
"1680377","0.625","0.625","0.625"
"1690249","0.75","0.75","0.75"
"1690252","0.46875","0.46875","0.46875"
"1690258","0.71875","0.71875","0.71875"
"1690263","0.5","0.5","0.5"
"1690280","0.625","0.625","0.625"
"1690374","0.71875","0.71875","0.71875"
"1700247","0.4375","0.4375","0.4375"
"1700251","0.6875","0.6875","0.6875"
"1700275","0.90625","0.90625","0.90625"
"1700276","0.5625","0.5625","0.5625"
"1700289","0.6875","0.6875","0.6875"
"1700338","0.625","0.625","0.625"
"1710225","0.40625","0.40625","0.40625"
"1710230","0.84375","0.84375","0.84375"
"1710250","0.84375","0.84375","0.84375"
"1710271","0.78125","0.78125","0.78125"
"1710278","0.46875","0.46875","0.46875"
"1710290","0.84375","0.84375","0.84375"
"1720236","0.6875","0.6875","0.6875"
"1720245","0.625","0.625","0.625"
"1720263","0.34375","0.34375","0.34375"
"1720271","0.71875","0.71875","0.71875"
"1720273","0.65625","0.65625","0.65625"
"1720290","0.71875","0.71875","0.71875"
"1730233","0.8125","0.8125","0.8125"
"1730252","0.78125","0.78125","0.78125"
"1730261","0.6875","0.6875","0.6875"
"1730262","0.6875","0.6875","0.6875"
"1730267","0.625","0.625","0.625"
"1730306","0.15625","0.15625","0.15625"
"1740237","0.6875","0.6875","0.6875"
"1740253","0.15625","0.15625","0.15625"
"1740277","0.78125","0.78125","0.78125"
"1740279","0.75","0.75","0.75"
"1740290","0.5625","0.5625","0.5625"
"1740295","0.78125","0.78125","0.78125"
"1750221","0.421875","0.3125","0.53125"
"1750223","0.90625","0.90625","0.90625"
"1750230","0.78125","0.78125","0.78125"
"1750276","0.84375","0.84375","0.84375"
"1750280","0.71875","0.71875","0.71875"
"1760227","0.6875","0.6875","0.6875"
"1760234","0.5625","0.5625","0.5625"
"1760252","0.8125","0.8125","0.8125"
"1760270","0.75","0.75","0.75"
"1760293","0.625","0.625","0.625"
"1760297","0.625","0.625","0.625"
"1770228","0.6875","0.6875","0.6875"
"1770241","0.6875","0.6875","0.6875"
"1770256","0.59375","0.59375","0.59375"
"1770287","0.5","0.5","0.5"
"1770317","0.71875","0.71875","0.71875"
"1770320","0.4375","0.4375","0.4375"
"1780233","0.375","0.375","0.375"
"1780244","0.625","0.625","0.625"
"1780248","0.4375","0.4375","0.4375"
"1780270","0.90625","0.90625","0.90625"
"1780276","0.75","0.75","0.75"
"1780293","0.625","0.625","0.625"
"1790225","0.78125","0.78125","0.78125"
"1790246","0.6875","0.6875","0.6875"
"1790258","0.75","0.75","0.75"
"1790266","0.59375","0.59375","0.59375"
"1790272","0.84375","0.84375","0.84375"
"1790278","0.84375","0.84375","0.84375"
"1800235","0.578125","0.375","0.78125"
"1800249","0.6875","0.6875","0.6875"
"1800254","0.65625","0.65625","0.65625"
"1800256","0.78125","0.78125","0.78125"
"1800263","0.5625","0.5625","0.5625"
"1810239","0.8125","0.8125","0.8125"
"1810269","0.8125","0.8125","0.8125"
"1810281","0.53125","0.53125","0.53125"
"1810318","0.6875","0.6875","0.6875"
"1810323","0.65625","0.65625","0.65625"
"1810343","0.6875","0.6875","0.6875"
"1820241","0.5","0.5","0.5"
"1820246","0.71875","0.71875","0.71875"
"1820260","0.625","0.625","0.625"
"1820286","0.4375","0.4375","0.4375"
"1820294","0.40625","0.40625","0.40625"
"1820296","0.5","0.5","0.5"
"1830232","0.5625","0.5625","0.5625"
"1830235","0.40625","0.40625","0.40625"
"1830281","0.65625","0.65625","0.65625"
"1830286","0.84375","0.84375","0.84375"
"1830297","0.875","0.875","0.875"
"1830311","0.34375","0.34375","0.34375"
"1840226","0.3125","0.3125","0.3125"
"1840258","0.40625","0.40625","0.40625"
"1840260","0.875","0.875","0.875"
"1840264","0.625","0.625","0.625"
"1840291","0.65625","0.65625","0.65625"
"1840310","0.65625","0.65625","0.65625"
"1850239","0.875","0.875","0.875"
"1850248","0.6875","0.6875","0.6875"
"1850249","0.375","0.375","0.375"
"1850253","0.625","0.625","0.625"
"1850273","0.78125","0.78125","0.78125"
"1850305","0.84375","0.84375","0.84375"
"1860221","0.375","0.375","0.375"
"1860225","0.75","0.75","0.75"
"1860248","0.75","0.75","0.75"
"1860252","0.71875","0.71875","0.71875"
"1860259","0.78125","0.78125","0.78125"
"1860269","0.5625","0.5625","0.5625"
"1870227","0.125","0.125","0.125"
"1870249","0.4375","0.4375","0.4375"
"1870259","0.71875","0.71875","0.71875"
"1870308","0.8125","0.8125","0.8125"
"1870336","0.59375","0.59375","0.59375"
"1870358","0.75","0.75","0.75"
"1880220","0.53125","0.53125","0.53125"
"1880226","0.84375","0.84375","0.84375"
"1880229","0.59375","0.59375","0.59375"
"1880277","0.84375","0.84375","0.84375"
"1880279","0.6875","0.6875","0.6875"
"1880284","0.21875","0.21875","0.21875"
"1890235","0.71875","0.71875","0.71875"
"1890240","0.34375","0.34375","0.34375"
"1890242","0.71875","0.71875","0.71875"
"1890247","0.6875","0.6875","0.6875"
"1890256","0.71875","0.71875","0.71875"
"1890262","0.46875","0.46875","0.46875"
"1900222","0.78125","0.78125","0.78125"
"1900244","0.65625","0.65625","0.65625"
"1900245","0.71875","0.71875","0.71875"
"1900265","0.59375","0.59375","0.59375"
"1900274","0.65625","0.65625","0.65625"
"1900281","0.65625","0.65625","0.65625"
"1910222","0.84375","0.84375","0.84375"
"1910233","0.53125","0.53125","0.53125"
"1910243","0.4375","0.4375","0.4375"
"1910244","0.8125","0.8125","0.8125"
"1910245","0.46875","0.46875","0.46875"
"1910261","0.59375","0.59375","0.59375"
"1920250","0.5625","0.5625","0.5625"
"1920251","0.71875","0.71875","0.71875"
"1920252","0.53125","0.53125","0.53125"
"1920261","0.6875","0.6875","0.6875"
"1920268","0.84375","0.84375","0.84375"
"1920291","0.8125","0.8125","0.8125"
"1930260","0.3125","0.3125","0.3125"
"1930263","0.6875","0.6875","0.6875"
"1930272","0.53125","0.53125","0.53125"
"1930277","0.5625","0.5625","0.5625"
"1930285","0.625","0.625","0.625"
"1930291","0.6875","0.6875","0.6875"
"1940231","0.71875","0.71875","0.71875"
"1940242","0.625","0.625","0.625"
"1940262","0.375","0.375","0.375"
"1940266","0.9375","0.9375","0.9375"
"1940271","0.6875","0.6875","0.6875"
"1940288","0.75","0.75","0.75"
"1950260","0.609375","0.5625","0.65625"
"1950263","0.375","0.375","0.375"
"1950275","0.6875","0.6875","0.6875"
"1950278","0.59375","0.59375","0.59375"
"1950349","0.6875","0.6875","0.6875"
"1960235","0.78125","0.78125","0.78125"
"1960248","0.84375","0.84375","0.84375"
"1960277","0.5","0.5","0.5"
"1960282","0.53125","0.53125","0.53125"
"1960284","0.65625","0.65625","0.65625"
"1960371","0.375","0.375","0.375"
"1970234","0.84375","0.84375","0.84375"
"1970247","0.6875","0.6875","0.6875"
"1970257","0.84375","0.84375","0.84375"
"1970261","0.5","0.5","0.5"
"1970271","0.75","0.75","0.75"
"1970290","0.3125","0.3125","0.3125"
"1980228","0.9375","0.9375","0.9375"
"1980235","0.90625","0.90625","0.90625"
"1980238","0.4375","0.4375","0.4375"
"1980253","0.6875","0.6875","0.6875"
"1980257","0.5625","0.5625","0.5625"
"1980344","0.3125","0.3125","0.3125"
"1990250","0.8125","0.8125","0.8125"
"1990251","0.875","0.875","0.875"
"1990284","0.90625","0.90625","0.90625"
"1990290","0.59375","0.59375","0.59375"
"1990293","0.5625","0.5625","0.5625"
"1990313","0.65625","0.65625","0.65625"
"2000221","0.625","0.625","0.625"
"2000236","0.5625","0.5625","0.5625"
"2000255","0.46875","0.46875","0.46875"
"2000272","0.78125","0.78125","0.78125"
"2000324","0.59375","0.59375","0.59375"
"2000347","0.625","0.625","0.625"
"2010230","0.40625","0.40625","0.40625"
"2010231","0.75","0.75","0.75"
"2010262","0.4375","0.4375","0.4375"
"2010266","0.8125","0.8125","0.8125"
"2010286","0.8125","0.8125","0.8125"
"2010293","0.4375","0.4375","0.4375"
"2020230","0.46875","0.46875","0.46875"
"2020242","0.6875","0.6875","0.6875"
"2020284","0.734375","0.6875","0.78125"
"2020288","0.6875","0.6875","0.6875"
"2020300","0.78125","0.78125","0.78125"
"2030231","0.8125","0.8125","0.8125"
"2030239","0.9375","0.9375","0.9375"
"2030259","0.65625","0.65625","0.65625"
"2030292","0.3125","0.3125","0.3125"
"2030312","0.5625","0.5625","0.5625"
"2030350","0.84375","0.84375","0.84375"
"2040229","0.8125","0.8125","0.8125"
"2040248","0.75","0.75","0.75"
"2040276","0.4375","0.4375","0.4375"
"2040277","0.78125","0.78125","0.78125"
"2040287","0.96875","0.96875","0.96875"
"2040382","0.78125","0.78125","0.78125"
"2050231","0.6875","0.6875","0.6875"
"2050242","0.8125","0.8125","0.8125"
"2050258","0.59375","0.59375","0.59375"
"2050267","0.8125","0.8125","0.8125"
"2050271","0.59375","0.59375","0.59375"
"2050302","0.59375","0.59375","0.59375"
"2060221","0.6875","0.6875","0.6875"
"2060222","0.875","0.875","0.875"
"2060223","0.71875","0.71875","0.71875"
"2060251","0.9375","0.9375","0.9375"
"2060255","0.53125","0.53125","0.53125"
"2060325","0.40625","0.40625","0.40625"
"2070229","0.46875","0.46875","0.46875"
"2070239","0.1875","0.1875","0.1875"
"2070243","0.59375","0.59375","0.59375"
"2070245","0.75","0.75","0.75"
"2070250","0.84375","0.84375","0.84375"
"2070317","0.875","0.875","0.875"
"2080226","0.84375","0.84375","0.84375"
"2080284","0.84375","0.84375","0.84375"
"2080294","0.40625","0.40625","0.40625"
"2080295","0.8125","0.8125","0.8125"
"2080335","0.8125","0.8125","0.8125"
"2080343","0.8125","0.8125","0.8125"
"2090237","0.53125","0.53125","0.53125"
"2090242","0.625","0.625","0.625"
"2090250","0.53125","0.53125","0.53125"
"2090251","0.53125","0.53125","0.53125"
"2090266","0.8125","0.8125","0.8125"
"2090291","0.78125","0.78125","0.78125"
"2100230","0.78125","0.78125","0.78125"
"2100258","0.4375","0.4375","0.4375"
"2100276","0.4375","0.4375","0.4375"
"2100277","0.90625","0.90625","0.90625"
"2100289","0.53125","0.53125","0.53125"
"2100357","0.625","0.625","0.625"
"2110229","0.65625","0.65625","0.65625"
"2110259","0.8125","0.8125","0.8125"
"2110271","0.28125","0.28125","0.28125"
"2110288","0.59375","0.59375","0.59375"
"2110304","0.625","0.625","0.625"
"2110387","0.625","0.625","0.625"
"2120223","0.6875","0.6875","0.6875"
"2120253","0.8125","0.8125","0.8125"
"2120255","0.90625","0.90625","0.90625"
"2120274","0.3125","0.3125","0.3125"
"2120289","0.53125","0.53125","0.53125"
"2120320","0.78125","0.78125","0.78125"
"2130231","0.84375","0.84375","0.84375"
"2130246","0.84375","0.84375","0.84375"
"2130251","0.40625","0.40625","0.40625"
"2130284","0.78125","0.78125","0.78125"
"2130294","0.53125","0.53125","0.53125"
"2130308","0.25","0.25","0.25"
"2140239","0.15625","0.15625","0.15625"
"2140246","0.84375","0.84375","0.84375"
"2140249","0.6875","0.6875","0.6875"
"2140257","0.4375","0.4375","0.4375"
"2140258","0.0625","0.0625","0.0625"
"2140322","0.875","0.875","0.875"
"2150259","0.6875","0.6875","0.6875"
"2150282","0.59375","0.59375","0.59375"
"2150293","0.75","0.75","0.75"
"2150313","0.6875","0.6875","0.6875"
"2150317","0.59375","0.59375","0.59375"
"2150361","0","0","0"
"2160227","0.59375","0.59375","0.59375"
"2160231","0.65625","0.65625","0.65625"
"2160237","0.40625","0.40625","0.40625"
"2160246","0.5625","0.5625","0.5625"
"2160254","0.875","0.875","0.875"
"2160348","0.3125","0.3125","0.3125"
"2170234","0.4375","0.4375","0.4375"
"2170241","0.8125","0.8125","0.8125"
"2170250","0.4375","0.4375","0.4375"
"2170290","0.625","0.625","0.625"
"2170298","0.03125","0.03125","0.03125"
"2170342","0.46875","0.46875","0.46875"
"2180246","0.75","0.75","0.75"
"2180262","0.03125","0.03125","0.03125"
"2180271","0.65625","0.65625","0.65625"
"2180275","0.8125","0.8125","0.8125"
"2180283","0.5","0.5","0.5"
"2180325","0.375","0.375","0.375"
"2190222","0.84375","0.84375","0.84375"
"2190252","0.71875","0.71875","0.71875"
"2190258","0.75","0.59375","0.90625"
"2190294","0.5625","0.5625","0.5625"
"2190323","0.78125","0.78125","0.78125"
"2200237","0.5","0.5","0.5"
"2200238","0.4375","0.4375","0.4375"
"2200251","0.96875","0.96875","0.96875"
"2200259","0.8125","0.8125","0.8125"
"2200280","0.625","0.625","0.625"
"2200301","0.6875","0.6875","0.6875"
"2210252","0.75","0.75","0.75"
"2210286","0.75","0.75","0.75"
"2210293","0.75","0.75","0.75"
"2210317","0.75","0.75","0.75"
"2210344","0.59375","0.59375","0.59375"
"2210355","0.75","0.75","0.75"
"2220235","0.34375","0.34375","0.34375"
"2220243","0.78125","0.78125","0.78125"
"2220268","0.6875","0.6875","0.6875"
"2220270","0.875","0.875","0.875"
"2220275","0.21875","0.21875","0.21875"
"2220310","0.71875","0.71875","0.71875"
"2230227","0.90625","0.90625","0.90625"
"2230241","0.5625","0.5625","0.5625"
"2230243","0.53125","0.53125","0.53125"
"2230244","0.71875","0.71875","0.71875"
"2230268","0.59375","0.59375","0.59375"
"2230389","0.28125","0.28125","0.28125"
"2240226","0.375","0.375","0.375"
"2240227","0.84375","0.84375","0.84375"
"2240279","0.71875","0.71875","0.71875"
"2240292","0.71875","0.71875","0.71875"
"2240313","0.78125","0.78125","0.78125"
"2240373","0.59375","0.59375","0.59375"
"2250230","0.625","0.625","0.625"
"2250232","0.5","0.5","0.5"
"2250233","0.25","0.25","0.25"
"2250236","0.75","0.75","0.75"
"2250266","0.84375","0.84375","0.84375"
"2250267","0.71875","0.71875","0.71875"
"2260226","0.65625","0.65625","0.65625"
"2260236","0.75","0.75","0.75"
"2260238","0.625","0.625","0.625"
"2260254","0.5625","0.5625","0.5625"
"2260262","0.6875","0.6875","0.6875"
"2260278","0.6875","0.6875","0.6875"
"2270223","0.9375","0.9375","0.9375"
"2270237","0.75","0.75","0.75"
"2270241","0.25","0.25","0.25"
"2270293","0.71875","0.71875","0.71875"
"2270300","0.8125","0.8125","0.8125"
"2270306","0.625","0.625","0.625"
"2280227","0.84375","0.84375","0.84375"
"2280238","0.75","0.75","0.75"
"2280261","0.875","0.875","0.875"
"2280274","0.75","0.75","0.75"
"2280282","0.65625","0.65625","0.65625"
"2280287","0.375","0.375","0.375"
"2290229","0.65625","0.65625","0.65625"
"2290243","0.84375","0.84375","0.84375"
"2290263","0.78125","0.78125","0.78125"
"2290278","0.8125","0.8125","0.8125"
"2290280","0.90625","0.90625","0.90625"
"2290289","0.625","0.625","0.625"
"2300221","0.59375","0.59375","0.59375"
"2300228","0.84375","0.84375","0.84375"
"2300237","0.6875","0.6875","0.6875"
"2300285","0.59375","0.59375","0.59375"
"2300292","0.6875","0.6875","0.6875"
"2300329","0.375","0.375","0.375"
"2310224","0","0","0"
"2310226","0.625","0.625","0.625"
"2310236","0.65625","0.65625","0.65625"
"2310240","0.71875","0.71875","0.71875"
"2310242","0.59375","0.59375","0.59375"
"2310259","0.90625","0.90625","0.90625"
"2320233","0.75","0.75","0.75"
"2320238","0.84375","0.84375","0.84375"
"2320267","0.4375","0.4375","0.4375"
"2320270","0.28125","0.28125","0.28125"
"2320272","0.5625","0.5625","0.5625"
"2320275","0.5","0.5","0.5"
"2330246","0.6875","0.6875","0.6875"
"2330263","0.78125","0.78125","0.78125"
"2330279","0.75","0.75","0.75"
"2330287","0.75","0.75","0.75"
"2330339","0.75","0.75","0.75"
"2330342","0.34375","0.34375","0.34375"
"2340230","0.5","0.5","0.5"
"2340247","0.75","0.75","0.75"
"2340251","0.71875","0.71875","0.71875"
"2340277","0.4375","0.4375","0.4375"
"2340286","0.78125","0.78125","0.78125"
"2340363","0.5625","0.5625","0.5625"
"2350221","0.6875","0.6875","0.6875"
"2350228","0.8125","0.8125","0.8125"
"2350255","0.65625","0.65625","0.65625"
"2350263","0.65625","0.65625","0.65625"
"2350272","0.6875","0.6875","0.6875"
"2350285","0.8125","0.8125","0.8125"
"2360221","0.78125","0.78125","0.78125"
"2360227","0.8125","0.8125","0.8125"
"2360236","0.28125","0.28125","0.28125"
"2360240","0.78125","0.78125","0.78125"
"2360248","0.5625","0.5625","0.5625"
"2360270","0.5","0.5","0.5"
"2370221","0.84375","0.84375","0.84375"
"2370280","0.90625","0.90625","0.90625"
"2370283","0.4375","0.4375","0.4375"
"2370289","0.78125","0.78125","0.78125"
"2370312","0.5625","0.5625","0.5625"
"2370346","0.71875","0.71875","0.71875"
"2380228","0.59375","0.59375","0.59375"
"2380265","0.4375","0.4375","0.4375"
"2380274","0.9375","0.9375","0.9375"
"2380280","0.625","0.625","0.625"
"2380288","0.78125","0.78125","0.78125"
"2380381","0.625","0.625","0.625"
"2390231","0.78125","0.78125","0.78125"
"2390243","0.625","0.625","0.625"
"2390264","0.53125","0.53125","0.53125"
"2390277","0.5625","0.5625","0.5625"
"2390284","0.90625","0.90625","0.90625"
"2390310","0.4375","0.4375","0.4375"
"2400227","0.5","0.5","0.5"
"2400245","0.71875","0.71875","0.71875"
"2400253","0.65625","0.65625","0.65625"
"2400263","0.71875","0.71875","0.71875"
"2400273","0.8125","0.8125","0.8125"
"2400297","0.59375","0.59375","0.59375"
"2410273","0.71875","0.71875","0.71875"
"2410280","0.90625","0.90625","0.90625"
"2410295","0.8125","0.8125","0.8125"
"2410310","0.640625","0.59375","0.6875"
"2410358","0.78125","0.78125","0.78125"
"2420230","0.65625","0.65625","0.65625"
"2420253","0.8125","0.8125","0.8125"
"2420254","0.625","0.625","0.625"
"2420261","0.71875","0.71875","0.71875"
"2420307","0.65625","0.65625","0.65625"
"2420334","0.59375","0.59375","0.59375"
"2430220","0.8125","0.8125","0.8125"
"2430233","0.625","0.625","0.625"
"2430243","0.6875","0.6875","0.6875"
"2430266","0.625","0.625","0.625"
"2430276","0.84375","0.84375","0.84375"
"2430360","0.59375","0.59375","0.59375"
"2440233","0.53125","0.53125","0.53125"
"2440256","0.65625","0.65625","0.65625"
"2440283","0.78125","0.78125","0.78125"
"2440288","0.875","0.875","0.875"
"2440290","0.53125","0.53125","0.53125"
"2440330","0.6875","0.6875","0.6875"
"2450236","0.8125","0.8125","0.8125"
"2450253","0.71875","0.71875","0.71875"
"2450254","0.6875","0.6875","0.6875"
"2450274","0.46875","0.46875","0.46875"
"2450282","0.75","0.75","0.75"
"2450293","0.875","0.875","0.875"
"2460234","0.875","0.875","0.875"
"2460244","0.65625","0.65625","0.65625"
"2460284","0.78125","0.78125","0.78125"
"2460287","0.75","0.75","0.75"
"2460301","0.46875","0.46875","0.46875"
"2460317","0.5","0.5","0.5"
"2470220","0.78125","0.78125","0.78125"
"2470236","0.53125","0.53125","0.53125"
"2470255","0.5625","0.5625","0.5625"
"2470267","0.8125","0.8125","0.8125"
"2470276","0.9375","0.9375","0.9375"
"2470292","0.71875","0.71875","0.71875"
"2480228","0.78125","0.78125","0.78125"
"2480268","0.5","0.5","0.5"
"2480282","0.4375","0.4375","0.4375"
"2480288","0.90625","0.90625","0.90625"
"2480289","0.6875","0.6875","0.6875"
"2480380","0.65625","0.65625","0.65625"
"2490229","0.5625","0.5625","0.5625"
"2490252","0.75","0.75","0.75"
"2490261","0.78125","0.78125","0.78125"
"2490274","0.5625","0.5625","0.5625"
"2490285","0.59375","0.59375","0.59375"
"2490298","0.34375","0.34375","0.34375"
"2500222","0.40625","0.40625","0.40625"
"2500241","0.46875","0.46875","0.46875"
"2500246","0.65625","0.65625","0.65625"
"2500294","0.78125","0.78125","0.78125"
"2500300","0.46875","0.46875","0.46875"
"2500315","0.65625","0.65625","0.65625"
"2510231","0.71875","0.71875","0.71875"
"2510255","0.625","0.625","0.625"
"2510268","0.59375","0.59375","0.59375"
"2510275","0.6875","0.6875","0.6875"
"2510277","0.40625","0.40625","0.40625"
"2510356","0.8125","0.8125","0.8125"
"2520242","0.65625","0.65625","0.65625"
"2520244","0.84375","0.84375","0.84375"
"2520251","0.40625","0.40625","0.40625"
"2520264","0.65625","0.65625","0.65625"
"2520280","0.90625","0.90625","0.90625"
"2520316","0.21875","0.21875","0.21875"
"2530236","0.78125","0.78125","0.78125"
"2530241","0.75","0.75","0.75"
"2530245","0.4375","0.4375","0.4375"
"2530269","0.46875","0.46875","0.46875"
"2530362","0.46875","0.46875","0.46875"
"2540220","0.4375","0.4375","0.4375"
"2540221","0.6875","0.6875","0.6875"
"2540227","0.6875","0.6875","0.6875"
"2540243","0.25","0.25","0.25"
"2540264","0.40625","0.40625","0.40625"
"2540281","0.875","0.875","0.875"
"2550221","0.71875","0.71875","0.71875"
"2550240","0.375","0.375","0.375"
"2550256","0.6875","0.6875","0.6875"
"2550276","0.625","0.625","0.625"
"2550304","0.40625","0.40625","0.40625"
"2550341","0.28125","0.28125","0.28125"
"2560231","0.71875","0.71875","0.71875"
"2560232","0.90625","0.90625","0.90625"
"2560245","0.25","0.03125","0.46875"
"2560261","0.3125","0.3125","0.3125"
"2560264","0.8125","0.8125","0.8125"
"2570229","0.84375","0.84375","0.84375"
"2570260","0.71875","0.71875","0.71875"
"2570265","0.71875","0.71875","0.71875"
"2570284","0.46875","0.46875","0.46875"
"2570305","0.5625","0.5625","0.5625"
"2570351","0.34375","0.34375","0.34375"
"2580236","0.625","0.625","0.625"
"2580242","0.15625","0.15625","0.15625"
"2580258","0.5625","0.5625","0.5625"
"2580261","0.78125","0.78125","0.78125"
"2580273","0.28125","0.28125","0.28125"
"2580287","0.65625","0.65625","0.65625"
"2590220","0.4375","0.4375","0.4375"
"2590257","0.53125","0.53125","0.53125"
"2590294","0.71875","0.71875","0.71875"
"2590305","0.4375","0.4375","0.4375"
"2590315","0.75","0.75","0.75"
"2590353","0.6875","0.6875","0.6875"
"2600223","0.65625","0.65625","0.65625"
"2600228","0.625","0.625","0.625"
"2600234","0.5625","0.5625","0.5625"
"2600239","0.53125","0.53125","0.53125"
"2600257","0.8125","0.8125","0.8125"
"2600291","0.5","0.5","0.5"
"2610242","0.15625","0.15625","0.15625"
"2610255","0.875","0.875","0.875"
"2610262","0.6875","0.6875","0.6875"
"2610276","0.625","0.625","0.625"
"2610295","0.71875","0.71875","0.71875"
"2610372","0.65625","0.65625","0.65625"
"2620231","0.5625","0.5625","0.5625"
"2620232","0.28125","0.28125","0.28125"
"2620257","0.8125","0.8125","0.8125"
"2620283","0.65625","0.65625","0.65625"
"2620287","0.75","0.75","0.75"
"2620290","0.625","0.625","0.625"
"2630248","0.65625","0.53125","0.78125"
"2630253","0.71875","0.71875","0.71875"
"2630282","0.1875","0.1875","0.1875"
"2630286","0.71875","0.71875","0.71875"
"2630291","0.3125","0.3125","0.3125"
"2640222","0.78125","0.78125","0.78125"
"2640243","0.5625","0.5625","0.5625"
"2640247","0.4375","0.4375","0.4375"
"2640281","0.6875","0.6875","0.6875"
"2640292","0.9375","0.9375","0.9375"
"2640371","0.8125","0.8125","0.8125"
"2650249","0.03125","0.03125","0.03125"
"2650254","0.875","0.875","0.875"
"2650270","0.4375","0.4375","0.4375"
"2650275","0.875","0.875","0.875"
"2650279","0.71875","0.71875","0.71875"
"2650281","0.65625","0.65625","0.65625"
"2660243","0.78125","0.78125","0.78125"
"2660247","0.59375","0.59375","0.59375"
"2660265","0.71875","0.71875","0.71875"
"2660266","0.6875","0.6875","0.6875"
"2660278","0.5625","0.5625","0.5625"
"2660378","0.6875","0.6875","0.6875"
"2670221","0.625","0.625","0.625"
"2670234","0.375","0.375","0.375"
"2670241","0.3125","0.3125","0.3125"
"2670249","0.78125","0.78125","0.78125"
"2670277","0.75","0.75","0.75"
"2670342","0.75","0.75","0.75"
"2680220","0.625","0.625","0.625"
"2680221","0.84375","0.84375","0.84375"
"2680223","0.84375","0.84375","0.84375"
"2680233","0.28125","0.28125","0.28125"
"2680235","0.375","0.375","0.375"
"2680237","0.8125","0.8125","0.8125"
"2690232","0.5","0.5","0.5"
"2690237","0.75","0.75","0.75"
"2690247","0.375","0.375","0.375"
"2690262","0.5625","0.5625","0.5625"
"2690275","0.8125","0.8125","0.8125"
"2690282","0.78125","0.78125","0.78125"
"2700230","0.8125","0.8125","0.8125"
"2700253","0.53125","0.53125","0.53125"
"2700264","0.6875","0.6875","0.6875"
"2700269","0.6875","0.6875","0.6875"
"2700276","0.40625","0.40625","0.40625"
"2700303","0.65625","0.65625","0.65625"
"2710222","0.71875","0.71875","0.71875"
"2710250","0.375","0.375","0.375"
"2710272","0.8125","0.8125","0.8125"
"2710301","0.71875","0.71875","0.71875"
"2710322","0.28125","0.28125","0.28125"
"2710328","0.75","0.75","0.75"
"2720234","0.90625","0.90625","0.90625"
"2720249","0.5","0.5","0.5"
"2720271","0.40625","0.40625","0.40625"
"2720275","0.375","0.375","0.375"
"2720289","0.71875","0.71875","0.71875"
"2720380","0.78125","0.78125","0.78125"
"2730245","0.9375","0.9375","0.9375"
"2730270","0.84375","0.84375","0.84375"
"2730291","0.59375","0.59375","0.59375"
"2730308","0.4375","0.4375","0.4375"
"2730315","0.78125","0.78125","0.78125"
"2730321","0.6875","0.6875","0.6875"
"2740229","0.46875","0.46875","0.46875"
"2740246","0.65625","0.65625","0.65625"
"2740281","0.84375","0.84375","0.84375"
"2740302","0.875","0.875","0.875"
"2740306","0.8125","0.8125","0.8125"
"2740318","0.65625","0.65625","0.65625"
"2750247","0.875","0.875","0.875"
"2750270","0.25","0.25","0.25"
"2750274","0.875","0.875","0.875"
"2750285","0.59375","0.59375","0.59375"
"2750336","0.65625","0.65625","0.65625"
"2750353","0.375","0.375","0.375"
"2760232","0.5","0.5","0.5"
"2760233","0.5","0.5","0.5"
"2760255","0.5625","0.5625","0.5625"
"2760303","0.75","0.75","0.75"
"2760323","0.5625","0.5625","0.5625"
"2760347","0.78125","0.78125","0.78125"
"2770237","0.65625","0.65625","0.65625"
"2770240","0.8125","0.8125","0.8125"
"2770243","0.9375","0.9375","0.9375"
"2770257","0.65625","0.65625","0.65625"
"2770290","0.5","0.5","0.5"
"2770307","0.875","0.875","0.875"
"2780233","0.65625","0.65625","0.65625"
"2780244","0.4375","0.4375","0.4375"
"2780249","0.78125","0.78125","0.78125"
"2780290","0.5625","0.5625","0.5625"
"2780330","0.125","0.125","0.125"
"2780384","0.8125","0.8125","0.8125"
"2790235","0.875","0.875","0.875"
"2790239","0.53125","0.53125","0.53125"
"2790242","0.875","0.875","0.875"
"2790308","0.3125","0.3125","0.3125"
"2790310","0.71875","0.71875","0.71875"
"2790315","0.75","0.75","0.75"
"2800234","0.65625","0.65625","0.65625"
"2800255","0.375","0.375","0.375"
"2800262","0.6875","0.6875","0.6875"
"2800266","0.59375","0.59375","0.59375"
"2800312","0.84375","0.84375","0.84375"
"2800353","0.65625","0.65625","0.65625"
"2810227","0.78125","0.78125","0.78125"
"2810234","0.65625","0.65625","0.65625"
"2810249","0.6875","0.6875","0.6875"
"2810259","0.3125","0.3125","0.3125"
"2810263","0.53125","0.53125","0.53125"
"2810277","0.59375","0.59375","0.59375"
"2820234","0.78125","0.78125","0.78125"
"2820245","0.59375","0.59375","0.59375"
"2820252","0.5625","0.5625","0.5625"
"2820255","0.8125","0.8125","0.8125"
"2820286","0.75","0.75","0.75"
"2820292","0.4375","0.4375","0.4375"
"2830228","0.8125","0.8125","0.8125"
"2830229","0.5","0.5","0.5"
"2830237","0.84375","0.84375","0.84375"
"2830245","0.875","0.875","0.875"
"2830296","0.875","0.875","0.875"
"2830382","0.4375","0.4375","0.4375"
"2840221","0.65625","0.65625","0.65625"
"2840248","0.9375","0.9375","0.9375"
"2840262","0.8125","0.8125","0.8125"
"2840263","0.375","0.375","0.375"
"2840268","0.71875","0.71875","0.71875"
"2840308","0.8125","0.8125","0.8125"
"2850222","0.6875","0.6875","0.6875"
"2850231","0.625","0.625","0.625"
"2850239","0.65625","0.65625","0.65625"
"2850269","0.78125","0.78125","0.78125"
"2850295","0.65625","0.65625","0.65625"
"2850323","0.875","0.875","0.875"
"2860249","0.75","0.75","0.75"
"2860258","0.4375","0.4375","0.4375"
"2860265","0.46875","0.46875","0.46875"
"2860273","0.84375","0.84375","0.84375"
"2860282","0.90625","0.90625","0.90625"
"2860358","0.75","0.75","0.75"
"2870240","0.96875","0.96875","0.96875"
"2870266","0.6875","0.6875","0.6875"
"2870273","0.375","0.375","0.375"
"2870283","0.6875","0.6875","0.6875"
"2870293","0.78125","0.78125","0.78125"
"2870298","0.40625","0.40625","0.40625"
"2880226","0.40625","0.40625","0.40625"
"2880256","0.78125","0.78125","0.78125"
"2880273","0.53125","0.53125","0.53125"
"2880276","0.8125","0.8125","0.8125"
"2880283","0.96875","0.96875","0.96875"
"2880291","0.9375","0.9375","0.9375"
"2890232","0.84375","0.84375","0.84375"
"2890242","0.71875","0.71875","0.71875"
"2890264","0.84375","0.84375","0.84375"
"2890271","0.75","0.75","0.75"
"2890282","0.75","0.75","0.75"
"2890381","0.78125","0.78125","0.78125"
"2900232","0.65625","0.65625","0.65625"
"2900237","0.71875","0.71875","0.71875"
"2900255","0.9375","0.9375","0.9375"
"2900259","0.28125","0.28125","0.28125"
"2900340","0.75","0.75","0.75"
"2910228","0.40625","0.40625","0.40625"
"2910238","0.65625","0.65625","0.65625"
"2910242","0.9375","0.9375","0.9375"
"2910245","0.53125","0.53125","0.53125"
"2910278","0.8125","0.8125","0.8125"
"2910300","0.6875","0.6875","0.6875"
"2920226","0.84375","0.84375","0.84375"
"2920255","0.375","0.375","0.375"
"2920277","0.84375","0.84375","0.84375"
"2920301","0.78125","0.78125","0.78125"
"2920309","0.375","0.375","0.375"
"2920324","0.6875","0.6875","0.6875"
"2930248","0.90625","0.90625","0.90625"
"2930254","0.5625","0.5625","0.5625"
"2930258","0.28125","0.28125","0.28125"
"2930273","0.90625","0.90625","0.90625"
"2930286","0.15625","0.15625","0.15625"
"2930334","0.625","0.625","0.625"
"2940224","0.46875","0.46875","0.46875"
"2940245","0.3125","0.3125","0.3125"
"2940257","0.5625","0.5625","0.5625"
"2940264","0.78125","0.78125","0.78125"
"2940275","0.78125","0.78125","0.78125"
"2940293","0.9375","0.9375","0.9375"
"2950227","0.78125","0.78125","0.78125"
"2950246","0.1875","0.1875","0.1875"
"2950265","0.34375","0.34375","0.34375"
"2950280","0.5625","0.5625","0.5625"
"2950281","0.875","0.875","0.875"
"2950289","0.59375","0.59375","0.59375"
"2960250","0.71875","0.71875","0.71875"
"2960255","0.5625","0.5625","0.5625"
"2960275","0.34375","0.34375","0.34375"
"2960280","0.8125","0.8125","0.8125"
"2960359","0.46875","0.46875","0.46875"
"2960368","0.0625","0.0625","0.0625"
"2970220","0.8125","0.8125","0.8125"
"2970228","0","0","0"
"2970234","0.71875","0.71875","0.71875"
"2970253","0.75","0.75","0.75"
"2970258","0.65625","0.65625","0.65625"
"2970309","0.4375","0.4375","0.4375"
"2980230","0.71875","0.71875","0.71875"
"2980231","0.59375","0.59375","0.59375"
"2980285","0.78125","0.78125","0.78125"
"2980286","0.0625","0.0625","0.0625"
"2980314","0.78125","0.78125","0.78125"
"2980374","0.21875","0.21875","0.21875"
"2990240","0.625","0.625","0.625"
"2990247","0.71875","0.71875","0.71875"
"2990262","0.90625","0.90625","0.90625"
"2990288","0.25","0.25","0.25"
"2990295","0.625","0.625","0.625"
"2990375","0.125","0.125","0.125"
"3000228","0.625","0.625","0.625"
"3000235","0.125","0.125","0.125"
"3000240","0.75","0.75","0.75"
"3000270","0.59375","0.59375","0.59375"
"3000293","0.78125","0.78125","0.78125"
"3000309","0.6875","0.6875","0.6875"