"Step","Group: terran_5_vs_5_ACORM_WM - win_rate","Group: terran_5_vs_5_ACORM_WM - win_rate__MIN","Group: terran_5_vs_5_ACORM_WM - win_rate__MAX"
"0","0","0","0"
"10603","0.03125","0.03125","0.03125"
"10623","0","0","0"
"10627","0.09375","0.09375","0.09375"
"10631","0.09375","0.09375","0.09375"
"10643","0.0625","0.0625","0.0625"
"20603","0.09375","0.09375","0.09375"
"20610","0","0","0"
"20625","0.0625","0.0625","0.0625"
"20628","0.1875","0.1875","0.1875"
"20629","0.09375","0.09375","0.09375"
"30610","0.0625","0.0625","0.0625"
"30623","0.03125","0.03125","0.03125"
"30626","0.03125","0.03125","0.03125"
"30637","0.125","0.125","0.125"
"30647","0.09375","0.09375","0.09375"
"40604","0.125","0.125","0.125"
"40616","0.0625","0.0625","0.0625"
"40623","0.0625","0.0625","0.0625"
"40631","0.03125","0.03125","0.03125"
"40689","0.09375","0.09375","0.09375"
"50602","0.125","0.125","0.125"
"50608","0.125","0.125","0.125"
"50627","0.09375","0.09375","0.09375"
"50644","0.3125","0.3125","0.3125"
"50665","0.09375","0.09375","0.09375"
"60609","0.09375","0.09375","0.09375"
"60612","0.25","0.25","0.25"
"60617","0.125","0.125","0.125"
"60642","0.1875","0.1875","0.1875"
"60661","0.09375","0.09375","0.09375"
"70603","0.09375","0.09375","0.09375"
"70611","0.09375","0.09375","0.09375"
"70612","0.125","0.125","0.125"
"70657","0.03125","0.03125","0.03125"
"70658","0.125","0.125","0.125"
"80604","0.28125","0.28125","0.28125"
"80618","0.25","0.25","0.25"
"80633","0","0","0"
"80638","0.15625","0.15625","0.15625"
"80645","0.21875","0.21875","0.21875"
"90616","0.1875","0.1875","0.1875"
"90622","0.09375","0.09375","0.09375"
"90629","0.125","0.125","0.125"
"90642","0.25","0.25","0.25"
"90665","0.15625","0.15625","0.15625"
"100601","0.15625","0.15625","0.15625"
"100610","0.21875","0.21875","0.21875"
"100619","0.28125","0.28125","0.28125"
"100628","0.21875","0.21875","0.21875"
"100653","0.125","0.125","0.125"
"110618","0.15625","0.15625","0.15625"
"110620","0.25","0.25","0.25"
"110621","0.15625","0.15625","0.15625"
"110655","0.375","0.375","0.375"
"110708","0.09375","0.09375","0.09375"
"120601","0.125","0.125","0.125"
"120619","0.03125","0.03125","0.03125"
"120620","0.34375","0.34375","0.34375"
"120629","0.125","0.125","0.125"
"120652","0.15625","0.15625","0.15625"
"130600","0.125","0.125","0.125"
"130608","0.3125","0.3125","0.3125"
"130611","0.21875","0.21875","0.21875"
"130612","0.3125","0.3125","0.3125"
"130618","0.1875","0.1875","0.1875"
"140607","0.21875","0.21875","0.21875"
"140609","0.25","0.25","0.25"
"140623","0.21875","0.21875","0.21875"
"140635","0.28125","0.28125","0.28125"
"140732","0.15625","0.15625","0.15625"
"150604","0.15625","0.15625","0.15625"
"150605","0.21875","0.21875","0.21875"
"150617","0.125","0.125","0.125"
"150623","0.1875","0.1875","0.1875"
"150636","0.15625","0.15625","0.15625"
"160616","0.21875","0.21875","0.21875"
"160618","0.1875","0.1875","0.1875"
"160619","0.1875","0.1875","0.1875"
"160623","0.15625","0.15625","0.15625"
"160624","0.21875","0.21875","0.21875"
"170610","0.125","0.125","0.125"
"170616","0.25","0.25","0.25"
"170623","0.3125","0.3125","0.3125"
"170642","0.28125","0.28125","0.28125"
"170673","0.15625","0.15625","0.15625"
"180601","0.28125","0.28125","0.28125"
"180613","0.15625","0.15625","0.15625"
"180614","0.3125","0.3125","0.3125"
"180617","0.1875","0.1875","0.1875"
"180663","0.125","0.125","0.125"
"190616","0.46875","0.46875","0.46875"
"190621","0.15625","0.15625","0.15625"
"190622","0.171875","0.15625","0.1875"
"190626","0.25","0.25","0.25"
"200601","0.28125","0.28125","0.28125"
"200613","0.3125","0.3125","0.3125"
"200615","0.3125","0.3125","0.3125"
"200627","0.40625","0.40625","0.40625"
"200633","0.1875","0.1875","0.1875"
"210610","0.125","0.125","0.125"
"210615","0.40625","0.40625","0.40625"
"210617","0.3125","0.3125","0.3125"
"210623","0.34375","0.34375","0.34375"
"210625","0.34375","0.34375","0.34375"
"220610","0.28125","0.28125","0.28125"
"220614","0.1875","0.1875","0.1875"
"220632","0.28125","0.28125","0.28125"
"220659","0.15625","0.15625","0.15625"
"220680","0.5","0.5","0.5"
"230605","0.375","0.375","0.375"
"230607","0.375","0.375","0.375"
"230616","0.28125","0.28125","0.28125"
"230618","0.3125","0.3125","0.3125"
"230642","0.40625","0.40625","0.40625"
"240602","0.375","0.375","0.375"
"240608","0.3125","0.3125","0.3125"
"240648","0.3125","0.3125","0.3125"
"240650","0.3125","0.3125","0.3125"
"240659","0.34375","0.34375","0.34375"
"250604","0.28125","0.28125","0.28125"
"250609","0.3125","0.3125","0.3125"
"250636","0.234375","0.1875","0.28125"
"250654","0.28125","0.28125","0.28125"
"260615","0.3125","0.3125","0.3125"
"260616","0.3125","0.3125","0.3125"
"260620","0.4375","0.4375","0.4375"
"260694","0.25","0.25","0.25"
"260717","0.25","0.25","0.25"
"270602","0.3125","0.3125","0.3125"
"270604","0.1875","0.1875","0.1875"
"270613","0.1875","0.1875","0.1875"
"270654","0.25","0.25","0.25"
"270667","0.3125","0.3125","0.3125"
"280612","0.375","0.375","0.375"
"280617","0.25","0.25","0.25"
"280623","0.3125","0.3125","0.3125"
"280625","0.28125","0.28125","0.28125"
"280631","0.25","0.25","0.25"
"290614","0.21875","0.21875","0.21875"
"290617","0.5","0.5","0.5"
"290619","0.34375","0.34375","0.34375"
"290623","0.375","0.375","0.375"
"290625","0.3125","0.3125","0.3125"
"300601","0.28125","0.28125","0.28125"
"300606","0.34375","0.34375","0.34375"
"300637","0.359375","0.34375","0.375"
"300644","0.4375","0.4375","0.4375"
"310611","0.21875","0.125","0.3125"
"310636","0.375","0.375","0.375"
"310651","0.34375","0.34375","0.34375"
"310653","0.34375","0.34375","0.34375"
"320617","0.53125","0.53125","0.53125"
"320622","0.3125","0.3125","0.3125"
"320630","0.125","0.125","0.125"
"320667","0.375","0.375","0.375"
"320758","0.375","0.375","0.375"
"330612","0.4375","0.4375","0.4375"
"330621","0.375","0.375","0.375"
"330624","0.3125","0.3125","0.3125"
"330631","0.34375","0.34375","0.34375"
"330632","0.4375","0.4375","0.4375"
"340617","0.3125","0.3125","0.3125"
"340620","0.34375","0.34375","0.34375"
"340624","0.28125","0.28125","0.28125"
"340645","0.34375","0.34375","0.34375"
"340710","0.5","0.5","0.5"
"350600","0.28125","0.28125","0.28125"
"350609","0.5625","0.5625","0.5625"
"350616","0.4375","0.4375","0.4375"
"350629","0.15625","0.15625","0.15625"
"350631","0.46875","0.46875","0.46875"
"360602","0.34375","0.34375","0.34375"
"360616","0.3125","0.3125","0.3125"
"360628","0.375","0.375","0.375"
"360634","0.59375","0.59375","0.59375"
"360638","0.40625","0.40625","0.40625"
"370604","0.625","0.625","0.625"
"370609","0.25","0.25","0.25"
"370638","0.5","0.5","0.5"
"370639","0.4375","0.4375","0.4375"
"370651","0.4375","0.4375","0.4375"
"380602","0.46875","0.40625","0.53125"
"380636","0.34375","0.34375","0.34375"
"380666","0.625","0.625","0.625"
"390606","0.375","0.375","0.375"
"390615","0.53125","0.53125","0.53125"
"390617","0.53125","0.53125","0.53125"
"390626","0.5625","0.5625","0.5625"
"390643","0.53125","0.53125","0.53125"
"400601","0.59375","0.59375","0.59375"
"400602","0.5","0.5","0.5"
"400608","0.34375","0.34375","0.34375"
"400623","0.40625","0.40625","0.40625"
"400645","0.46875","0.46875","0.46875"
"410615","0.34375","0.34375","0.34375"
"410630","0.46875","0.46875","0.46875"
"410667","0.46875","0.46875","0.46875"
"410678","0.46875","0.46875","0.46875"
"410718","0.46875","0.46875","0.46875"
"420624","0.375","0.375","0.375"
"420625","0.53125","0.53125","0.53125"
"420634","0.71875","0.71875","0.71875"
"420637","0.40625","0.40625","0.40625"
"420656","0.59375","0.59375","0.59375"
"430614","0.4375","0.375","0.5"
"430617","0.5","0.5","0.5"
"430626","0.59375","0.59375","0.59375"
"430639","0.3125","0.3125","0.3125"
"440602","0.5","0.5","0.5"
"440618","0.59375","0.59375","0.59375"
"440622","0.5","0.5","0.5"
"440627","0.5625","0.5625","0.5625"
"440642","0.46875","0.46875","0.46875"
"450600","0.53125","0.53125","0.53125"
"450604","0.40625","0.40625","0.40625"
"450622","0.6875","0.6875","0.6875"
"450631","0.625","0.625","0.625"
"450688","0.59375","0.59375","0.59375"
"460609","0.46875","0.46875","0.46875"
"460615","0.4375","0.4375","0.4375"
"460616","0.28125","0.28125","0.28125"
"460639","0.46875","0.46875","0.46875"
"460653","0.40625","0.40625","0.40625"
"470604","0.53125","0.4375","0.625"
"470615","0.40625","0.40625","0.40625"
"470653","0.71875","0.71875","0.71875"
"470708","0.59375","0.59375","0.59375"
"480604","0.65625","0.65625","0.65625"
"480608","0.59375","0.59375","0.59375"
"480615","0.625","0.625","0.625"
"480630","0.59375","0.59375","0.59375"
"480631","0.40625","0.40625","0.40625"
"490601","0.625","0.625","0.625"
"490606","0.46875","0.46875","0.46875"
"490613","0.34375","0.34375","0.34375"
"490641","0.625","0.625","0.625"
"490703","0.4375","0.4375","0.4375"
"500601","0.5","0.5","0.5"
"500602","0.5625","0.5625","0.5625"
"500620","0.53125","0.53125","0.53125"
"500625","0.40625","0.40625","0.40625"
"500633","0.40625","0.40625","0.40625"
"510619","0.5625","0.5625","0.5625"
"510621","0.375","0.375","0.375"
"510622","0.53125","0.53125","0.53125"
"510629","0.5625","0.5625","0.5625"
"510674","0.34375","0.34375","0.34375"
"520606","0.5625","0.5625","0.5625"
"520620","0.3125","0.3125","0.3125"
"520626","0.5625","0.5625","0.5625"
"520630","0.4375","0.4375","0.4375"
"520634","0.28125","0.28125","0.28125"
"530625","0.46875","0.46875","0.46875"
"530633","0.34375","0.34375","0.34375"
"530650","0.625","0.625","0.625"
"530672","0.5625","0.5625","0.5625"
"530794","0.5625","0.5625","0.5625"
"540600","0.53125","0.53125","0.53125"
"540609","0.40625","0.40625","0.40625"
"540622","0.46875","0.46875","0.46875"
"540627","0.4375","0.4375","0.4375"
"540637","0.5625","0.5625","0.5625"
"550604","0.46875","0.46875","0.46875"
"550606","0.4375","0.4375","0.4375"
"550607","0.625","0.625","0.625"
"550629","0.5625","0.5625","0.5625"
"550657","0.625","0.625","0.625"
"560604","0.53125","0.53125","0.53125"
"560636","0.4375","0.4375","0.4375"
"560643","0.5","0.5","0.5"
"560651","0.4375","0.4375","0.4375"
"560660","0.40625","0.40625","0.40625"
"570614","0.59375","0.59375","0.59375"
"570618","0.65625","0.65625","0.65625"
"570628","0.4375","0.4375","0.4375"
"570634","0.5625","0.5625","0.5625"
"570641","0.46875","0.46875","0.46875"
"580601","0.515625","0.46875","0.5625"
"580608","0.5","0.5","0.5"
"580612","0.4375","0.4375","0.4375"
"580613","0.53125","0.53125","0.53125"
"590604","0.5","0.5","0.5"
"590607","0.5625","0.5625","0.5625"
"590609","0.40625","0.40625","0.40625"
"590620","0.46875","0.46875","0.46875"
"590648","0.34375","0.34375","0.34375"
"600600","0.53125","0.53125","0.53125"
"600628","0.53125","0.53125","0.53125"
"600637","0.5625","0.5625","0.5625"
"600656","0.6875","0.6875","0.6875"
"600703","0.78125","0.78125","0.78125"
"610605","0.5625","0.5625","0.5625"
"610613","0.75","0.75","0.75"
"610616","0.3125","0.3125","0.3125"
"610637","0.59375","0.59375","0.59375"
"610668","0.40625","0.40625","0.40625"
"620612","0.65625","0.65625","0.65625"
"620627","0.59375","0.59375","0.59375"
"620630","0.71875","0.71875","0.71875"
"620632","0.5625","0.5625","0.5625"
"620641","0.625","0.625","0.625"
"630600","0.59375","0.59375","0.59375"
"630625","0.65625","0.65625","0.65625"
"630630","0.46875","0.46875","0.46875"
"630640","0.4375","0.4375","0.4375"
"630654","0.53125","0.53125","0.53125"
"640600","0.625","0.625","0.625"
"640604","0.625","0.625","0.625"
"640605","0.5625","0.5625","0.5625"
"640618","0.34375","0.34375","0.34375"
"640626","0.6875","0.6875","0.6875"
"650603","0.625","0.625","0.625"
"650606","0.59375","0.59375","0.59375"
"650607","0.6875","0.6875","0.6875"
"650665","0.375","0.375","0.375"
"650741","0.625","0.625","0.625"
"660601","0.71875","0.71875","0.71875"
"660603","0.40625","0.40625","0.40625"
"660616","0.625","0.625","0.625"
"660625","0.5","0.5","0.5"
"660671","0.4375","0.4375","0.4375"
"670602","0.5625","0.5625","0.5625"
"670611","0.5625","0.5625","0.5625"
"670618","0.75","0.75","0.75"
"670639","0.625","0.625","0.625"
"670680","0.4375","0.4375","0.4375"
"680610","0.65625","0.65625","0.65625"
"680611","0.59375","0.59375","0.59375"
"680628","0.6875","0.6875","0.6875"
"680651","0.625","0.625","0.625"
"680655","0.5","0.5","0.5"
"690601","0.4375","0.4375","0.4375"
"690616","0.65625","0.65625","0.65625"
"690619","0.6875","0.6875","0.6875"
"690627","0.71875","0.71875","0.71875"
"690648","0.40625","0.40625","0.40625"
"700601","0.5625","0.5625","0.5625"
"700609","0.53125","0.53125","0.53125"
"700619","0.46875","0.46875","0.46875"
"700623","0.40625","0.40625","0.40625"
"700652","0.40625","0.40625","0.40625"
"710612","0.53125","0.53125","0.53125"
"710623","0.5625","0.5625","0.5625"
"710625","0.65625","0.65625","0.65625"
"710635","0.5","0.5","0.5"
"710670","0.59375","0.59375","0.59375"
"720600","0.5","0.5","0.5"
"720611","0.5625","0.5625","0.5625"
"720623","0.53125","0.53125","0.53125"
"720651","0.59375","0.59375","0.59375"
"720655","0.40625","0.40625","0.40625"
"730604","0.53125","0.53125","0.53125"
"730626","0.625","0.625","0.625"
"730644","0.5625","0.5625","0.5625"
"730646","0.625","0.625","0.625"
"730667","0.5625","0.5625","0.5625"
"740602","0.5625","0.5625","0.5625"
"740608","0.65625","0.65625","0.65625"
"740609","0.53125","0.53125","0.53125"
"740624","0.40625","0.40625","0.40625"
"740631","0.59375","0.59375","0.59375"
"750601","0.5","0.5","0.5"
"750607","0.5625","0.5625","0.5625"
"750611","0.5","0.5","0.5"
"750627","0.5625","0.5625","0.5625"
"750629","0.5625","0.5625","0.5625"
"760601","0.75","0.75","0.75"
"760609","0.6875","0.6875","0.6875"
"760611","0.40625","0.40625","0.40625"
"760620","0.6875","0.6875","0.6875"
"760633","0.59375","0.59375","0.59375"
"770600","0.625","0.625","0.625"
"770624","0.75","0.75","0.75"
"770644","0.625","0.625","0.625"
"770649","0.5","0.5","0.5"
"770660","0.71875","0.71875","0.71875"
"780601","0.65625","0.65625","0.65625"
"780604","0.59375","0.59375","0.59375"
"780606","0.53125","0.53125","0.53125"
"780623","0.40625","0.40625","0.40625"
"780631","0.5","0.5","0.5"
"790604","0.625","0.625","0.625"
"790611","0.4375","0.4375","0.4375"
"790624","0.65625","0.65625","0.65625"
"790630","0.5","0.5","0.5"
"790677","0.4375","0.4375","0.4375"
"800609","0.53125","0.53125","0.53125"
"800617","0.46875","0.46875","0.46875"
"800624","0.40625","0.40625","0.40625"
"800639","0.625","0.625","0.625"
"800661","0.65625","0.65625","0.65625"
"810602","0.59375","0.59375","0.59375"
"810609","0.390625","0.375","0.40625"
"810631","0.5","0.5","0.5"
"810636","0.65625","0.65625","0.65625"
"820600","0.5","0.5","0.5"
"820615","0.46875","0.46875","0.46875"
"820618","0.59375","0.59375","0.59375"
"820631","0.59375","0.59375","0.59375"
"830618","0.625","0.625","0.625"
"830622","0.5625","0.5625","0.5625"
"830623","0.625","0.625","0.625"
"830626","0.53125","0.53125","0.53125"
"830652","0.5","0.5","0.5"
"840601","0.546875","0.4375","0.65625"
"840634","0.65625","0.65625","0.65625"
"840637","0.75","0.75","0.75"
"840666","0.5","0.5","0.5"
"850612","0.75","0.75","0.75"
"850624","0.5","0.5","0.5"
"850632","0.625","0.625","0.625"
"850635","0.53125","0.53125","0.53125"
"850636","0.65625","0.65625","0.65625"
"860616","0.71875","0.6875","0.75"
"860623","0.5625","0.5625","0.5625"
"860626","0.71875","0.71875","0.71875"
"860668","0.71875","0.71875","0.71875"
"870609","0.625","0.625","0.625"
"870611","0.5625","0.5625","0.5625"
"870632","0.5","0.5","0.5"
"870642","0.46875","0.46875","0.46875"
"870664","0.6875","0.6875","0.6875"
"880601","0.5","0.5","0.5"
"880614","0.6875","0.6875","0.6875"
"880621","0.5","0.5","0.5"
"880623","0.71875","0.71875","0.71875"
"880646","0.59375","0.59375","0.59375"
"890616","0.6875","0.6875","0.6875"
"890620","0.59375","0.59375","0.59375"
"890630","0.625","0.625","0.625"
"890633","0.65625","0.65625","0.65625"
"890701","0.625","0.625","0.625"
"900602","0.78125","0.78125","0.78125"
"900605","0.5625","0.5625","0.5625"
"900614","0.65625","0.65625","0.65625"
"900618","0.4375","0.4375","0.4375"
"900645","0.46875","0.46875","0.46875"
"910608","0.53125","0.53125","0.53125"
"910609","0.40625","0.40625","0.40625"
"910618","0.65625","0.65625","0.65625"
"910623","0.6875","0.6875","0.6875"
"910649","0.5625","0.5625","0.5625"
"920610","0.625","0.625","0.625"
"920617","0.59375","0.53125","0.65625"
"920676","0.625","0.625","0.625"
"930601","0.625","0.625","0.625"
"930638","0.59375","0.59375","0.59375"
"930640","0.65625","0.65625","0.65625"
"930681","0.53125","0.53125","0.53125"
"930703","0.59375","0.59375","0.59375"
"940606","0.71875","0.71875","0.71875"
"940622","0.71875","0.71875","0.71875"
"940624","0.53125","0.53125","0.53125"
"940636","0.59375","0.59375","0.59375"
"940643","0.625","0.625","0.625"
"950611","0.75","0.75","0.75"
"950638","0.671875","0.53125","0.8125"
"950640","0.625","0.625","0.625"
"950661","0.5625","0.5625","0.5625"
"960609","0.5625","0.5625","0.5625"
"960612","0.625","0.5","0.75"
"960631","0.65625","0.65625","0.65625"
"960639","0.53125","0.53125","0.53125"
"970602","0.5","0.5","0.5"
"970617","0.40625","0.40625","0.40625"
"970643","0.5625","0.5625","0.5625"
"970644","0.65625","0.65625","0.65625"
"970697","0.625","0.625","0.625"
"980609","0.5","0.5","0.5"
"980642","0.46875","0.46875","0.46875"
"980657","0.78125","0.78125","0.78125"
"980659","0.5","0.5","0.5"
"980670","0.75","0.75","0.75"
"990607","0.6875","0.6875","0.6875"
"990619","0.59375","0.59375","0.59375"
"990649","0.5625","0.5625","0.5625"
"990669","0.6875","0.6875","0.6875"
"990674","0.4375","0.4375","0.4375"
"1000621","0.65625","0.65625","0.65625"
"1000645","0.5625","0.5625","0.5625"
"1000656","0.671875","0.46875","0.875"
"1000660","0.5625","0.5625","0.5625"
"1010605","0.65625","0.65625","0.65625"
"1010608","0.71875","0.71875","0.71875"
"1010619","0.71875","0.71875","0.71875"
"1010630","0.59375","0.59375","0.59375"
"1010638","0.53125","0.53125","0.53125"
"1020602","0.59375","0.59375","0.59375"
"1020623","0.59375","0.59375","0.59375"
"1020634","0.59375","0.59375","0.59375"
"1020640","0.53125","0.53125","0.53125"
"1020653","0.65625","0.65625","0.65625"
"1030607","0.59375","0.59375","0.59375"
"1030619","0.65625","0.65625","0.65625"
"1030641","0.5625","0.5625","0.5625"
"1030646","0.5625","0.5625","0.5625"
"1030662","0.53125","0.53125","0.53125"
"1040606","0.71875","0.71875","0.71875"
"1040609","0.65625","0.65625","0.65625"
"1040610","0.71875","0.71875","0.71875"
"1040618","0.6875","0.6875","0.6875"
"1040678","0.71875","0.71875","0.71875"
"1050603","0.6875","0.6875","0.6875"
"1050618","0.65625","0.65625","0.65625"
"1050632","0.53125","0.53125","0.53125"
"1050635","0.71875","0.71875","0.71875"
"1050642","0.71875","0.71875","0.71875"
"1060605","0.625","0.625","0.625"
"1060607","0.40625","0.34375","0.46875"
"1060623","0.75","0.75","0.75"
"1060632","0.59375","0.59375","0.59375"
"1070607","0.59375","0.59375","0.59375"
"1070608","0.375","0.375","0.375"
"1070621","0.6875","0.6875","0.6875"
"1070623","0.5625","0.5625","0.5625"
"1070631","0.65625","0.65625","0.65625"
"1080602","0.5","0.5","0.5"
"1080616","0.65625","0.65625","0.65625"
"1080623","0.65625","0.65625","0.65625"
"1080634","0.59375","0.59375","0.59375"
"1080637","0.5","0.5","0.5"
"1090615","0.5625","0.5625","0.5625"
"1090624","0.59375","0.59375","0.59375"
"1090639","0.59375","0.53125","0.65625"
"1090722","0.75","0.75","0.75"
"1100600","0.53125","0.53125","0.53125"
"1100624","0.53125","0.53125","0.53125"
"1100627","0.75","0.75","0.75"
"1100664","0.34375","0.34375","0.34375"
"1100667","0.8125","0.8125","0.8125"
"1110602","0.59375","0.59375","0.59375"
"1110614","0.5","0.5","0.5"
"1110635","0.53125","0.53125","0.53125"
"1110636","0.71875","0.71875","0.71875"
"1110643","0.71875","0.71875","0.71875"
"1120607","0.71875","0.71875","0.71875"
"1120612","0.625","0.625","0.625"
"1120625","0.625","0.625","0.625"
"1120635","0.625","0.625","0.625"
"1120731","0.71875","0.71875","0.71875"
"1130619","0.46875","0.46875","0.46875"
"1130621","0.5625","0.5625","0.5625"
"1130631","0.40625","0.40625","0.40625"
"1130641","0.59375","0.59375","0.59375"
"1130642","0.59375","0.59375","0.59375"
"1140602","0.65625","0.65625","0.65625"
"1140615","0.625","0.625","0.625"
"1140619","0.75","0.75","0.75"
"1140645","0.65625","0.65625","0.65625"
"1140653","0.75","0.75","0.75"
"1150607","0.5625","0.5625","0.5625"
"1150608","0.59375","0.59375","0.59375"
"1150621","0.5","0.5","0.5"
"1150626","0.6875","0.6875","0.6875"
"1150633","0.6875","0.6875","0.6875"
"1160610","0.53125","0.53125","0.53125"
"1160611","0.65625","0.65625","0.65625"
"1160626","0.59375","0.59375","0.59375"
"1160634","0.5625","0.5625","0.5625"
"1160649","0.65625","0.65625","0.65625"
"1170602","0.5625","0.5625","0.5625"
"1170607","0.5625","0.5625","0.5625"
"1170608","0.71875","0.71875","0.71875"
"1170617","0.6875","0.6875","0.6875"
"1170632","0.65625","0.65625","0.65625"
"1180603","0.46875","0.46875","0.46875"
"1180604","0.46875","0.46875","0.46875"
"1180617","0.59375","0.59375","0.59375"
"1180632","0.59375","0.59375","0.59375"
"1180661","0.78125","0.78125","0.78125"
"1190603","0.59375","0.59375","0.59375"
"1190621","0.625","0.625","0.625"
"1190627","0.5625","0.5625","0.5625"
"1190637","0.59375","0.59375","0.59375"
"1190643","0.625","0.625","0.625"
"1200607","0.75","0.75","0.75"
"1200610","0.65625","0.65625","0.65625"
"1200648","0.5","0.5","0.5"
"1200652","0.65625","0.65625","0.65625"
"1200664","0.59375","0.59375","0.59375"
"1210600","0.46875","0.46875","0.46875"
"1210628","0.609375","0.5625","0.65625"
"1210648","0.4375","0.4375","0.4375"
"1210663","0.625","0.625","0.625"
"1220612","0.5","0.5","0.5"
"1220613","0.71875","0.71875","0.71875"
"1220618","0.6875","0.6875","0.6875"
"1220624","0.59375","0.59375","0.59375"
"1220626","0.625","0.625","0.625"
"1230609","0.6875","0.6875","0.6875"
"1230614","0.5625","0.5625","0.5625"
"1230625","0.625","0.625","0.625"
"1230626","0.4375","0.4375","0.4375"
"1230702","0.65625","0.65625","0.65625"
"1240608","0.59375","0.59375","0.59375"
"1240609","0.5625","0.5625","0.5625"
"1240629","0.625","0.625","0.625"
"1240636","0.65625","0.65625","0.65625"
"1240657","0.46875","0.46875","0.46875"
"1250608","0.5625","0.5625","0.5625"
"1250609","0.625","0.625","0.625"
"1250615","0.71875","0.71875","0.71875"
"1250621","0.6875","0.6875","0.6875"
"1250638","0.625","0.625","0.625"
"1260603","0.625","0.625","0.625"
"1260613","0.5625","0.5625","0.5625"
"1260615","0.65625","0.65625","0.65625"
"1260631","0.53125","0.53125","0.53125"
"1260634","0.65625","0.65625","0.65625"
"1270617","0.6875","0.6875","0.6875"
"1270621","0.625","0.625","0.625"
"1270634","0.5","0.5","0.5"
"1270639","0.6875","0.6875","0.6875"
"1270646","0.59375","0.59375","0.59375"
"1280602","0.625","0.625","0.625"
"1280611","0.75","0.75","0.75"
"1280612","0.5","0.5","0.5"
"1280622","0.625","0.625","0.625"
"1280666","0.59375","0.59375","0.59375"
"1290600","0.6875","0.6875","0.6875"
"1290607","0.6875","0.6875","0.6875"
"1290616","0.53125","0.53125","0.53125"
"1290670","0.625","0.625","0.625"
"1290707","0.65625","0.65625","0.65625"
"1300617","0.875","0.875","0.875"
"1300635","0.5625","0.5625","0.5625"
"1300637","0.625","0.625","0.625"
"1300646","0.8125","0.8125","0.8125"
"1300647","0.625","0.625","0.625"
"1310600","0.625","0.625","0.625"
"1310617","0.6875","0.6875","0.6875"
"1310622","0.75","0.75","0.75"
"1310636","0.625","0.625","0.625"
"1310673","0.5625","0.5625","0.5625"
"1320603","0.65625","0.59375","0.71875"
"1320605","0.65625","0.65625","0.65625"
"1320607","0.625","0.625","0.625"
"1320614","0.5625","0.5625","0.5625"
"1330606","0.6875","0.6875","0.6875"
"1330608","0.53125","0.53125","0.53125"
"1330628","0.5","0.5","0.5"
"1330629","0.625","0.625","0.625"
"1330632","0.53125","0.53125","0.53125"
"1340613","0.59375","0.59375","0.59375"
"1340632","0.46875","0.46875","0.46875"
"1340645","0.65625","0.65625","0.65625"
"1340659","0.625","0.625","0.625"
"1340692","0.625","0.625","0.625"
"1350602","0.53125","0.53125","0.53125"
"1350606","0.625","0.625","0.625"
"1350615","0.5625","0.5625","0.5625"
"1350625","0.65625","0.65625","0.65625"
"1350681","0.53125","0.53125","0.53125"
"1360612","0.5","0.5","0.5"
"1360634","0.625","0.625","0.625"
"1360635","0.46875","0.46875","0.46875"
"1360643","0.65625","0.65625","0.65625"
"1360658","0.59375","0.59375","0.59375"
"1370607","0.625","0.625","0.625"
"1370608","0.5","0.5","0.5"
"1370616","0.5","0.5","0.5"
"1370637","0.65625","0.65625","0.65625"
"1370679","0.71875","0.71875","0.71875"
"1380602","0.75","0.75","0.75"
"1380603","0.625","0.625","0.625"
"1380619","0.5625","0.5625","0.5625"
"1380673","0.546875","0.53125","0.5625"
"1390603","0.59375","0.59375","0.59375"
"1390628","0.59375","0.59375","0.59375"
"1390635","0.6875","0.6875","0.6875"
"1390652","0.46875","0.46875","0.46875"
"1390698","0.65625","0.65625","0.65625"
"1400602","0.578125","0.53125","0.625"
"1400630","0.78125","0.78125","0.78125"
"1400636","0.59375","0.59375","0.59375"
"1400656","0.59375","0.59375","0.59375"
"1410604","0.71875","0.71875","0.71875"
"1410609","0.59375","0.59375","0.59375"
"1410623","0.5625","0.5625","0.5625"
"1410629","0.59375","0.59375","0.59375"
"1410630","0.71875","0.71875","0.71875"
"1420608","0.625","0.625","0.625"
"1420613","0.6875","0.6875","0.6875"
"1420627","0.5625","0.5625","0.5625"
"1420632","0.4375","0.4375","0.4375"
"1420672","0.625","0.625","0.625"
"1430600","0.5625","0.5625","0.5625"
"1430614","0.59375","0.59375","0.59375"
"1430635","0.59375","0.59375","0.59375"
"1430680","0.53125","0.53125","0.53125"
"1430709","0.53125","0.53125","0.53125"
"1440601","0.71875","0.71875","0.71875"
"1440602","0.5","0.5","0.5"
"1440609","0.6875","0.6875","0.6875"
"1440616","0.5625","0.5625","0.5625"
"1440623","0.6875","0.6875","0.6875"
"1450602","0.46875","0.46875","0.46875"
"1450610","0.53125","0.53125","0.53125"
"1450625","0.71875","0.71875","0.71875"
"1450639","0.5","0.5","0.5"
"1450654","0.46875","0.46875","0.46875"
"1460612","0.71875","0.71875","0.71875"
"1460619","0.65625","0.65625","0.65625"
"1460625","0.65625","0.65625","0.65625"
"1460630","0.625","0.625","0.625"
"1460631","0.5","0.5","0.5"
"1470607","0.625","0.625","0.625"
"1470613","0.5625","0.5625","0.5625"
"1470621","0.59375","0.59375","0.59375"
"1470629","0.84375","0.84375","0.84375"
"1470705","0.71875","0.71875","0.71875"
"1480612","0.625","0.625","0.625"
"1480617","0.625","0.625","0.625"
"1480625","0.4375","0.4375","0.4375"
"1480639","0.5625","0.5625","0.5625"
"1480660","0.6875","0.6875","0.6875"
"1490615","0.71875","0.71875","0.71875"
"1490629","0.5625","0.5625","0.5625"
"1490631","0.5","0.5","0.5"
"1490635","0.75","0.75","0.75"
"1490699","0.53125","0.53125","0.53125"
"1500617","0.59375","0.59375","0.59375"
"1500635","0.5625","0.5","0.625"
"1500651","0.625","0.625","0.625"
"1500662","0.5625","0.5625","0.5625"
"1510613","0.5625","0.5625","0.5625"
"1510640","0.6875","0.6875","0.6875"
"1510644","0.59375","0.59375","0.59375"
"1510646","0.59375","0.59375","0.59375"
"1510658","0.8125","0.8125","0.8125"
"1520613","0.625","0.625","0.625"
"1520630","0.6875","0.6875","0.6875"
"1520635","0.5625","0.5625","0.5625"
"1520640","0.75","0.75","0.75"
"1520642","0.6875","0.6875","0.6875"
"1530615","0.5625","0.5625","0.5625"
"1530616","0.625","0.625","0.625"
"1530624","0.75","0.75","0.75"
"1530626","0.5625","0.5625","0.5625"
"1530645","0.4375","0.4375","0.4375"
"1540608","0.65625","0.65625","0.65625"
"1540620","0.625","0.625","0.625"
"1540623","0.6875","0.6875","0.6875"
"1540634","0.65625","0.65625","0.65625"
"1540697","0.625","0.625","0.625"
"1550632","0.75","0.75","0.75"
"1550634","0.71875","0.71875","0.71875"
"1550655","0.53125","0.53125","0.53125"
"1550666","0.59375","0.59375","0.59375"
"1550708","0.6875","0.6875","0.6875"
"1560610","0.65625","0.65625","0.65625"
"1560618","0.5625","0.5625","0.5625"
"1560620","0.625","0.625","0.625"
"1560622","0.75","0.75","0.75"
"1560632","0.78125","0.78125","0.78125"
"1570630","0.5625","0.5625","0.5625"
"1570634","0.625","0.625","0.625"
"1570638","0.59375","0.59375","0.59375"
"1570642","0.5625","0.5625","0.5625"
"1570662","0.71875","0.71875","0.71875"
"1580601","0.6875","0.6875","0.6875"
"1580630","0.71875","0.71875","0.71875"
"1580638","0.5625","0.5625","0.5625"
"1580642","0.71875","0.71875","0.71875"
"1580648","0.59375","0.59375","0.59375"
"1590600","0.59375","0.59375","0.59375"
"1590605","0.5625","0.5625","0.5625"
"1590609","0.625","0.625","0.625"
"1590618","0.6875","0.6875","0.6875"
"1590645","0.625","0.625","0.625"
"1600604","0.625","0.625","0.625"
"1600607","0.5625","0.5625","0.5625"
"1600610","0.4375","0.4375","0.4375"
"1600617","0.8125","0.8125","0.8125"
"1600631","0.59375","0.59375","0.59375"
"1610609","0.71875","0.71875","0.71875"
"1610613","0.5","0.5","0.5"
"1610615","0.71875","0.71875","0.71875"
"1610619","0.59375","0.59375","0.59375"
"1610627","0.6875","0.6875","0.6875"
"1620629","0.6875","0.6875","0.6875"
"1620634","0.59375","0.59375","0.59375"
"1620640","0.8125","0.8125","0.8125"
"1620646","0.75","0.75","0.75"
"1620664","0.5625","0.5625","0.5625"
"1630606","0.53125","0.53125","0.53125"
"1630621","0.78125","0.78125","0.78125"
"1630624","0.65625","0.65625","0.65625"
"1630655","0.65625","0.65625","0.65625"
"1630667","0.59375","0.59375","0.59375"
"1640606","0.40625","0.40625","0.40625"
"1640612","0.84375","0.84375","0.84375"
"1640657","0.6875","0.6875","0.6875"
"1640660","0.53125","0.53125","0.53125"
"1640671","0.53125","0.53125","0.53125"
"1650616","0.65625","0.65625","0.65625"
"1650624","0.40625","0.40625","0.40625"
"1650632","0.6875","0.6875","0.6875"
"1650641","0.65625","0.65625","0.65625"
"1650673","0.59375","0.59375","0.59375"
"1660610","0.6875","0.6875","0.6875"
"1660611","0.5625","0.5625","0.5625"
"1660638","0.625","0.625","0.625"
"1660640","0.75","0.75","0.75"
"1660676","0.8125","0.8125","0.8125"
"1670606","0.78125","0.78125","0.78125"
"1670621","0.75","0.75","0.75"
"1670623","0.65625","0.65625","0.65625"
"1670648","0.71875","0.71875","0.71875"
"1670669","0.59375","0.59375","0.59375"
"1680606","0.65625","0.65625","0.65625"
"1680608","0.75","0.75","0.75"
"1680621","0.65625","0.65625","0.65625"
"1680625","0.75","0.75","0.75"
"1680637","0.28125","0.28125","0.28125"
"1690609","0.59375","0.59375","0.59375"
"1690625","0.6875","0.6875","0.6875"
"1690628","0.65625","0.65625","0.65625"
"1690649","0.46875","0.46875","0.46875"
"1690654","0.65625","0.65625","0.65625"
"1700613","0.46875","0.46875","0.46875"
"1700626","0.59375","0.59375","0.59375"
"1700631","0.53125","0.53125","0.53125"
"1700633","0.6875","0.6875","0.6875"
"1700639","0.6875","0.6875","0.6875"
"1710600","0.59375","0.59375","0.59375"
"1710608","0.625","0.625","0.625"
"1710613","0.71875","0.6875","0.75"
"1710641","0.625","0.625","0.625"
"1720609","0.6875","0.6875","0.6875"
"1720610","0.5","0.5","0.5"
"1720617","0.53125","0.5","0.5625"
"1720635","0.71875","0.71875","0.71875"
"1730615","0.53125","0.53125","0.53125"
"1730623","0.65625","0.65625","0.65625"
"1730637","0.46875","0.46875","0.46875"
"1730655","0.8125","0.8125","0.8125"
"1730668","0.65625","0.65625","0.65625"
"1740600","0.625","0.625","0.625"
"1740610","0.71875","0.71875","0.71875"
"1740612","0.6875","0.6875","0.6875"
"1740620","0.65625","0.65625","0.65625"
"1740635","0.6875","0.6875","0.6875"
"1750621","0.75","0.75","0.75"
"1750636","0.578125","0.53125","0.625"
"1750653","0.5","0.5","0.5"
"1750748","0.6875","0.6875","0.6875"
"1760605","0.46875","0.46875","0.46875"
"1760608","0.625","0.625","0.625"
"1760622","0.59375","0.59375","0.59375"
"1760627","0.5625","0.5625","0.5625"
"1760798","0.625","0.625","0.625"
"1770604","0.625","0.625","0.625"
"1770610","0.65625","0.65625","0.65625"
"1770627","0.5","0.5","0.5"
"1770628","0.5","0.5","0.5"
"1770670","0.625","0.625","0.625"
"1780615","0.5625","0.5625","0.5625"
"1780621","0.75","0.75","0.75"
"1780639","0.59375","0.59375","0.59375"
"1780650","0.71875","0.71875","0.71875"
"1780754","0.65625","0.65625","0.65625"
"1790611","0.40625","0.40625","0.40625"
"1790622","0.625","0.625","0.625"
"1790628","0.609375","0.5625","0.65625"
"1790646","0.65625","0.65625","0.65625"
"1800603","0.625","0.625","0.625"
"1800614","0.6875","0.6875","0.6875"
"1800617","0.71875","0.71875","0.71875"
"1800654","0.8125","0.8125","0.8125"
"1800662","0.53125","0.53125","0.53125"
"1810610","0.59375","0.59375","0.59375"
"1810613","0.5625","0.5625","0.5625"
"1810615","0.625","0.625","0.625"
"1810649","0.625","0.625","0.625"
"1810670","0.65625","0.65625","0.65625"
"1820602","0.625","0.625","0.625"
"1820607","0.78125","0.78125","0.78125"
"1820609","0.59375","0.59375","0.59375"
"1820625","0.625","0.625","0.625"
"1820707","0.6875","0.6875","0.6875"
"1830600","0.71875","0.71875","0.71875"
"1830607","0.5625","0.5625","0.5625"
"1830617","0.71875","0.71875","0.71875"
"1830640","0.6875","0.6875","0.6875"
"1830709","0.59375","0.59375","0.59375"
"1840604","0.625","0.625","0.625"
"1840615","0.65625","0.65625","0.65625"
"1840621","0.71875","0.71875","0.71875"
"1840642","0.671875","0.625","0.71875"
"1850606","0.625","0.625","0.625"
"1850608","0.59375","0.59375","0.59375"
"1850613","0.5625","0.5625","0.5625"
"1850632","0.53125","0.53125","0.53125"
"1850634","0.71875","0.71875","0.71875"
"1860606","0.78125","0.78125","0.78125"
"1860610","0.65625","0.65625","0.65625"
"1860619","0.5625","0.5625","0.5625"
"1860632","0.6875","0.6875","0.6875"
"1860768","0.59375","0.59375","0.59375"
"1870601","0.59375","0.59375","0.59375"
"1870604","0.71875","0.71875","0.71875"
"1870607","0.65625","0.65625","0.65625"
"1870611","0.78125","0.78125","0.78125"
"1870615","0.625","0.625","0.625"
"1880607","0.5","0.5","0.5"
"1880629","0.40625","0.40625","0.40625"
"1880630","0.59375","0.59375","0.59375"
"1880635","0.59375","0.59375","0.59375"
"1880641","0.65625","0.65625","0.65625"
"1890602","0.65625","0.65625","0.65625"
"1890628","0.59375","0.59375","0.59375"
"1890631","0.5625","0.5625","0.5625"
"1890637","0.71875","0.71875","0.71875"
"1890646","0.59375","0.59375","0.59375"
"1900601","0.625","0.625","0.625"
"1900624","0.5625","0.5625","0.5625"
"1900625","0.53125","0.53125","0.53125"
"1900634","0.65625","0.65625","0.65625"
"1900691","0.625","0.625","0.625"
"1910613","0.75","0.75","0.75"
"1910634","0.71875","0.71875","0.71875"
"1910636","0.78125","0.78125","0.78125"
"1910637","0.625","0.625","0.625"
"1910640","0.59375","0.59375","0.59375"
"1920601","0.5","0.5","0.5"
"1920620","0.625","0.625","0.625"
"1920622","0.71875","0.71875","0.71875"
"1920623","0.625","0.625","0.625"
"1920639","0.5","0.5","0.5"
"1930600","0.625","0.625","0.625"
"1930610","0.625","0.625","0.625"
"1930630","0.84375","0.84375","0.84375"
"1930634","0.46875","0.46875","0.46875"
"1930638","0.65625","0.65625","0.65625"
"1940616","0.5625","0.5625","0.5625"
"1940628","0.8125","0.8125","0.8125"
"1940638","0.6875","0.6875","0.6875"
"1940657","0.6875","0.6875","0.6875"
"1940662","0.75","0.75","0.75"
"1950606","0.6875","0.6875","0.6875"
"1950615","0.5625","0.5625","0.5625"
"1950622","0.5","0.5","0.5"
"1950652","0.46875","0.46875","0.46875"
"1950693","0.59375","0.59375","0.59375"
"1960603","0.71875","0.6875","0.75"
"1960637","0.65625","0.65625","0.65625"
"1960643","0.625","0.625","0.625"
"1960646","0.5625","0.5625","0.5625"
"1970602","0.53125","0.53125","0.53125"
"1970604","0.5625","0.5625","0.5625"
"1970618","0.71875","0.71875","0.71875"
"1970630","0.65625","0.625","0.6875"
"1980614","0.59375","0.59375","0.59375"
"1980625","0.59375","0.59375","0.59375"
"1980629","0.65625","0.65625","0.65625"
"1980643","0.65625","0.65625","0.65625"
"1980682","0.59375","0.59375","0.59375"
"1990602","0.71875","0.71875","0.71875"
"1990621","0.65625","0.65625","0.65625"
"1990625","0.75","0.75","0.75"
"1990627","0.59375","0.59375","0.59375"
"1990656","0.5","0.5","0.5"
"2000602","0.6875","0.6875","0.6875"
"2000621","0.75","0.75","0.75"
"2000625","0.6875","0.6875","0.6875"
"2000635","0.65625","0.65625","0.65625"
"2000663","0.625","0.625","0.625"