"Step","Group: terran_5_vs_5_QMIX - win_rate","Group: terran_5_vs_5_QMIX - win_rate__MIN","Group: terran_5_vs_5_QMIX - win_rate__MAX"
"0","0","0","0"
"10013","0.0625","0.0625","0.0625"
"10018","0.03125","0.03125","0.03125"
"10022","0.03125","0.03125","0.03125"
"10024","0.09375","0.09375","0.09375"
"10027","0.09375","0.09375","0.09375"
"20004","0","0","0"
"20008","0.0625","0.0625","0.0625"
"20013","0.0625","0.0625","0.0625"
"20036","0.03125","0.03125","0.03125"
"20046","0","0","0"
"30011","0","0","0"
"30012","0.0625","0.0625","0.0625"
"30015","0.09375","0.09375","0.09375"
"30028","0.03125","0.03125","0.03125"
"30045","0.0625","0.0625","0.0625"
"40013","0.03125","0.03125","0.03125"
"40015","0.0625","0.0625","0.0625"
"40020","0.0625","0.0625","0.0625"
"40021","0.03125","0.03125","0.03125"
"40025","0.03125","0.03125","0.03125"
"50001","0.15625","0.15625","0.15625"
"50009","0.0625","0.0625","0.0625"
"50010","0","0","0"
"50016","0.0625","0.0625","0.0625"
"50030","0","0","0"
"60007","0.125","0.125","0.125"
"60018","0.03125","0","0.0625"
"60024","0.0625","0.0625","0.0625"
"60045","0.0625","0.0625","0.0625"
"70008","0.03125","0.03125","0.03125"
"70016","0.03125","0.03125","0.03125"
"70018","0","0","0"
"70019","0","0","0"
"70026","0","0","0"
"80001","0.0625","0.0625","0.0625"
"80003","0.03125","0.03125","0.03125"
"80010","0.0625","0.03125","0.09375"
"80037","0","0","0"
"90007","0.09375","0.09375","0.09375"
"90009","0.03125","0.03125","0.03125"
"90013","0.0625","0.0625","0.0625"
"90021","0","0","0"
"90029","0.0625","0.0625","0.0625"
"100009","0.03125","0.03125","0.03125"
"100013","0.03125","0.03125","0.03125"
"100019","0.03125","0.03125","0.03125"
"100031","0.0625","0.0625","0.0625"
"100076","0.09375","0.09375","0.09375"
"110019","0.046875","0.03125","0.0625"
"110020","0.0625","0.0625","0.0625"
"110039","0.03125","0.03125","0.03125"
"110040","0.09375","0.09375","0.09375"
"120017","0.03125","0.03125","0.03125"
"120029","0.0625","0.0625","0.0625"
"120052","0.09375","0.09375","0.09375"
"120064","0.0625","0.0625","0.0625"
"120070","0.09375","0.09375","0.09375"
"130002","0.03125","0.03125","0.03125"
"130004","0","0","0"
"130008","0.0625","0.0625","0.0625"
"130020","0.09375","0.09375","0.09375"
"130024","0.03125","0.03125","0.03125"
"140012","0.09375","0.09375","0.09375"
"140031","0.0625","0.0625","0.0625"
"140035","0.0625","0.0625","0.0625"
"140069","0.03125","0.03125","0.03125"
"140179","0.09375","0.09375","0.09375"
"150007","0.0625","0.0625","0.0625"
"150009","0.09375","0.09375","0.09375"
"150017","0.15625","0.15625","0.15625"
"150019","0.125","0.125","0.125"
"150026","0.09375","0.09375","0.09375"
"160007","0.09375","0.09375","0.09375"
"160008","0.0625","0.0625","0.0625"
"160012","0.15625","0.15625","0.15625"
"160032","0.125","0.125","0.125"
"160051","0.09375","0.09375","0.09375"
"170019","0.0625","0.0625","0.0625"
"170025","0.09375","0.09375","0.09375"
"170030","0","0","0"
"170035","0","0","0"
"170056","0.03125","0.03125","0.03125"
"180006","0.0625","0.0625","0.0625"
"180020","0.09375","0.09375","0.09375"
"180025","0.09375","0.09375","0.09375"
"180028","0.09375","0.09375","0.09375"
"180029","0","0","0"
"190004","0.0625","0.03125","0.09375"
"190007","0.125","0.125","0.125"
"190013","0.125","0.125","0.125"
"190027","0.125","0.125","0.125"
"200004","0.09375","0.09375","0.09375"
"200030","0.15625","0.15625","0.15625"
"200032","0.03125","0.03125","0.03125"
"200050","0.125","0.125","0.125"
"200086","0.0625","0.0625","0.0625"
"210005","0","0","0"
"210010","0.09375","0.09375","0.09375"
"210020","0.125","0.125","0.125"
"210023","0.1875","0.1875","0.1875"
"210063","0.03125","0.03125","0.03125"
"220002","0.09375","0.09375","0.09375"
"220025","0.03125","0.03125","0.03125"
"220035","0.1875","0.1875","0.1875"
"220036","0.125","0.125","0.125"
"220043","0.15625","0.15625","0.15625"
"230019","0.0625","0.0625","0.0625"
"230026","0.0625","0.03125","0.09375"
"230030","0.09375","0.09375","0.09375"
"230078","0.125","0.125","0.125"
"240011","0.078125","0.0625","0.09375"
"240027","0.09375","0.09375","0.09375"
"240042","0.0625","0.0625","0.0625"
"240100","0.125","0.125","0.125"
"250006","0.1875","0.1875","0.1875"
"250022","0.15625","0.15625","0.15625"
"250042","0.0625","0.0625","0.0625"
"250044","0.09375","0.09375","0.09375"
"250046","0.0625","0.0625","0.0625"
"260010","0.1875","0.1875","0.1875"
"260018","0.15625","0.15625","0.15625"
"260020","0.15625","0.15625","0.15625"
"260025","0.125","0.125","0.125"
"260059","0.0625","0.0625","0.0625"
"270006","0.0625","0.0625","0.0625"
"270011","0.125","0.125","0.125"
"270021","0.15625","0.15625","0.15625"
"270028","0.1875","0.1875","0.1875"
"270030","0.125","0.125","0.125"
"280009","0.09375","0.09375","0.09375"
"280015","0.15625","0.15625","0.15625"
"280027","0.1875","0.1875","0.1875"
"280055","0.0625","0.0625","0.0625"
"280075","0.125","0.125","0.125"
"290000","0.03125","0.03125","0.03125"
"290001","0.125","0.125","0.125"
"290004","0.125","0.125","0.125"
"290013","0.03125","0.03125","0.03125"
"290045","0.1875","0.1875","0.1875"
"300016","0.03125","0.03125","0.03125"
"300026","0.125","0.125","0.125"
"300035","0.15625","0.15625","0.15625"
"300057","0.0625","0.0625","0.0625"
"300061","0.125","0.125","0.125"
"310002","0.109375","0.0625","0.15625"
"310010","0.0625","0.0625","0.0625"
"310030","0.1875","0.1875","0.1875"
"310077","0.125","0.125","0.125"
"320002","0.15625","0.15625","0.15625"
"320012","0.09375","0.09375","0.09375"
"320021","0.09375","0.09375","0.09375"
"320022","0.3125","0.3125","0.3125"
"320029","0.1875","0.1875","0.1875"
"330008","0.1875","0.1875","0.1875"
"330014","0.15625","0.15625","0.15625"
"330080","0.1875","0.1875","0.1875"
"330103","0.21875","0.21875","0.21875"
"330161","0.25","0.25","0.25"
"340001","0.15625","0.15625","0.15625"
"340006","0.1875","0.1875","0.1875"
"340019","0.03125","0.03125","0.03125"
"340028","0","0","0"
"340071","0.1875","0.1875","0.1875"
"350009","0.3125","0.3125","0.3125"
"350018","0.21875","0.21875","0.21875"
"350027","0.09375","0.09375","0.09375"
"350031","0.0625","0.0625","0.0625"
"350032","0.15625","0.15625","0.15625"
"360001","0.125","0.125","0.125"
"360012","0.125","0.125","0.125"
"360026","0.125","0.125","0.125"
"360068","0.03125","0.03125","0.03125"
"360182","0.125","0.125","0.125"
"370001","0.1875","0.1875","0.1875"
"370014","0.21875","0.21875","0.21875"
"370017","0.15625","0.15625","0.15625"
"370019","0.15625","0.15625","0.15625"
"370069","0.34375","0.34375","0.34375"
"380002","0.21875","0.21875","0.21875"
"380009","0.0625","0.0625","0.0625"
"380014","0.125","0.125","0.125"
"380015","0.28125","0.28125","0.28125"
"380022","0.15625","0.15625","0.15625"
"390014","0.3125","0.3125","0.3125"
"390016","0.0625","0.0625","0.0625"
"390019","0.15625","0.15625","0.15625"
"390024","0.15625","0.15625","0.15625"
"390061","0.21875","0.21875","0.21875"
"400004","0.21875","0.21875","0.21875"
"400010","0.15625","0.15625","0.15625"
"400012","0.09375","0.09375","0.09375"
"400033","0.1875","0.1875","0.1875"
"400108","0.3125","0.3125","0.3125"
"410005","0.3125","0.3125","0.3125"
"410023","0.1875","0.1875","0.1875"
"410025","0.15625","0.15625","0.15625"
"410027","0.3125","0.3125","0.3125"
"410033","0.1875","0.1875","0.1875"
"420003","0.1875","0.1875","0.1875"
"420007","0.21875","0.21875","0.21875"
"420012","0.1875","0.1875","0.1875"
"420026","0.1875","0.1875","0.1875"
"420100","0.1875","0.1875","0.1875"
"430024","0.21875","0.21875","0.21875"
"430028","0.0625","0.0625","0.0625"
"430029","0.125","0.125","0.125"
"430031","0.15625","0.15625","0.15625"
"430059","0.1875","0.1875","0.1875"
"440017","0.125","0.125","0.125"
"440019","0.21875","0.21875","0.21875"
"440021","0.0625","0.0625","0.0625"
"440026","0.25","0.25","0.25"
"440032","0.1875","0.1875","0.1875"
"450006","0.34375","0.34375","0.34375"
"450011","0.234375","0.09375","0.375"
"450016","0.3125","0.3125","0.3125"
"450025","0.0625","0.0625","0.0625"
"460018","0.15625","0.15625","0.15625"
"460020","0.125","0.125","0.125"
"460021","0.25","0.25","0.25"
"460038","0.125","0.125","0.125"
"460039","0.21875","0.21875","0.21875"
"470004","0.21875","0.21875","0.21875"
"470007","0.34375","0.34375","0.34375"
"470013","0.15625","0.15625","0.15625"
"470028","0.15625","0.15625","0.15625"
"470041","0.125","0.125","0.125"
"480010","0.1875","0.1875","0.1875"
"480011","0.28125","0.28125","0.28125"
"480019","0.21875","0.21875","0.21875"
"480027","0.25","0.25","0.25"
"480031","0.15625","0.15625","0.15625"
"490004","0.34375","0.34375","0.34375"
"490029","0.28125","0.28125","0.28125"
"490040","0.25","0.25","0.25"
"490058","0.15625","0.15625","0.15625"
"490064","0.34375","0.34375","0.34375"
"500002","0.28125","0.28125","0.28125"
"500010","0.25","0.25","0.25"
"500012","0.25","0.25","0.25"
"500042","0.21875","0.21875","0.21875"
"510003","0.1875","0.1875","0.1875"
"510004","0.25","0.25","0.25"
"510018","0.34375","0.34375","0.34375"
"510025","0.125","0.125","0.125"
"510046","0.25","0.25","0.25"
"520006","0.25","0.25","0.25"
"520008","0.25","0.25","0.25"
"520021","0.15625","0.15625","0.15625"
"520025","0.25","0.25","0.25"
"520028","0.25","0.25","0.25"
"530008","0.15625","0.15625","0.15625"
"530024","0.25","0.25","0.25"
"530028","0.3125","0.3125","0.3125"
"530030","0.1875","0.1875","0.1875"
"530060","0.1875","0.1875","0.1875"
"540006","0.125","0.125","0.125"
"540010","0.1875","0.1875","0.1875"
"540025","0.25","0.25","0.25"
"540030","0.3125","0.3125","0.3125"
"540040","0.375","0.375","0.375"
"550008","0.1875","0.1875","0.1875"
"550040","0.1875","0.1875","0.1875"
"550044","0.34375","0.34375","0.34375"
"550059","0.21875","0.21875","0.21875"
"550060","0.15625","0.15625","0.15625"
"560008","0.40625","0.40625","0.40625"
"560021","0.1875","0.1875","0.1875"
"560023","0.125","0.125","0.125"
"560029","0.25","0.25","0.25"
"560058","0.28125","0.28125","0.28125"
"570000","0.125","0.125","0.125"
"570003","0.25","0.25","0.25"
"570013","0.28125","0.28125","0.28125"
"570019","0.3125","0.3125","0.3125"
"570031","0.1875","0.1875","0.1875"
"580001","0.21875","0.21875","0.21875"
"580006","0.15625","0.15625","0.15625"
"580029","0.25","0.25","0.25"
"580039","0.125","0.125","0.125"
"580086","0.375","0.375","0.375"
"590008","0.3125","0.3125","0.3125"
"590017","0.125","0.125","0.125"
"590027","0.28125","0.28125","0.28125"
"590029","0.203125","0.15625","0.25"
"600012","0.21875","0.21875","0.21875"
"600018","0.09375","0.09375","0.09375"
"600022","0.46875","0.46875","0.46875"
"600036","0.15625","0.15625","0.15625"
"600063","0.125","0.125","0.125"
"610020","0.1875","0.1875","0.1875"
"610034","0.1875","0.1875","0.1875"
"610035","0.1875","0.1875","0.1875"
"610040","0.21875","0.21875","0.21875"
"610141","0.3125","0.3125","0.3125"
"620017","0.21875","0.21875","0.21875"
"620020","0.21875","0.21875","0.21875"
"620039","0.34375","0.34375","0.34375"
"620063","0.25","0.25","0.25"
"620066","0.21875","0.21875","0.21875"
"630009","0.3125","0.3125","0.3125"
"630033","0.21875","0.21875","0.21875"
"630069","0.25","0.25","0.25"
"630146","0.15625","0.15625","0.15625"
"630147","0.25","0.25","0.25"
"640014","0.25","0.25","0.25"
"640028","0.296875","0.25","0.34375"
"640029","0.09375","0.09375","0.09375"
"640039","0.15625","0.15625","0.15625"
"650005","0.21875","0.125","0.3125"
"650024","0.1875","0.1875","0.1875"
"650032","0.3125","0.3125","0.3125"
"650064","0.3125","0.3125","0.3125"
"660006","0.125","0.125","0.125"
"660014","0.34375","0.34375","0.34375"
"660033","0.34375","0.34375","0.34375"
"660053","0.40625","0.40625","0.40625"
"660074","0.28125","0.28125","0.28125"
"670001","0.3125","0.3125","0.3125"
"670008","0.25","0.25","0.25"
"670011","0.28125","0.28125","0.28125"
"670026","0.28125","0.28125","0.28125"
"670027","0.40625","0.40625","0.40625"
"680006","0.34375","0.34375","0.34375"
"680017","0.25","0.25","0.25"
"680021","0.375","0.375","0.375"
"680034","0.15625","0.15625","0.15625"
"680042","0.1875","0.1875","0.1875"
"690000","0.40625","0.40625","0.40625"
"690002","0.25","0.25","0.25"
"690006","0.25","0.25","0.25"
"690010","0.125","0.125","0.125"
"690015","0.3125","0.3125","0.3125"
"700008","0.28125","0.28125","0.28125"
"700012","0.375","0.375","0.375"
"700018","0.21875","0.21875","0.21875"
"700053","0.140625","0.09375","0.1875"
"710010","0.15625","0.15625","0.15625"
"710026","0.234375","0.21875","0.25"
"710028","0.28125","0.28125","0.28125"
"710040","0.28125","0.28125","0.28125"
"720027","0.28125","0.28125","0.28125"
"720046","0.3125","0.3125","0.3125"
"720050","0.34375","0.34375","0.34375"
"720082","0.09375","0.09375","0.09375"
"720087","0.34375","0.34375","0.34375"
"730006","0.25","0.25","0.25"
"730020","0.34375","0.34375","0.34375"
"730021","0.28125","0.28125","0.28125"
"730029","0.28125","0.28125","0.28125"
"730040","0.15625","0.15625","0.15625"
"740007","0.3125","0.3125","0.3125"
"740010","0.28125","0.28125","0.28125"
"740016","0.21875","0.21875","0.21875"
"740030","0.3125","0.3125","0.3125"
"740119","0.375","0.375","0.375"
"750011","0.34375","0.34375","0.34375"
"750012","0.21875","0.21875","0.21875"
"750014","0.1875","0.1875","0.1875"
"750056","0.34375","0.34375","0.34375"
"750176","0.21875","0.21875","0.21875"
"760013","0.28125","0.28125","0.28125"
"760020","0.46875","0.46875","0.46875"
"760027","0.15625","0.15625","0.15625"
"760038","0.28125","0.28125","0.28125"
"760048","0.125","0.125","0.125"
"770000","0.3125","0.3125","0.3125"
"770003","0.28125","0.28125","0.28125"
"770005","0.21875","0.21875","0.21875"
"770013","0.28125","0.28125","0.28125"
"770014","0.34375","0.34375","0.34375"
"780005","0.28125","0.28125","0.28125"
"780011","0.1875","0.1875","0.1875"
"780036","0.34375","0.34375","0.34375"
"780060","0.34375","0.34375","0.34375"
"780078","0.3125","0.3125","0.3125"
"790001","0.15625","0.15625","0.15625"
"790003","0.28125","0.28125","0.28125"
"790018","0.375","0.375","0.375"
"790039","0.375","0.375","0.375"
"790068","0.15625","0.15625","0.15625"
"800006","0.25","0.25","0.25"
"800012","0.28125","0.28125","0.28125"
"800030","0.34375","0.34375","0.34375"
"800033","0.21875","0.21875","0.21875"
"800041","0.375","0.375","0.375"
"810002","0.1875","0.1875","0.1875"
"810021","0.1875","0.1875","0.1875"
"810023","0.1875","0.1875","0.1875"
"810034","0.375","0.375","0.375"
"810036","0.40625","0.40625","0.40625"
"820019","0.21875","0.21875","0.21875"
"820020","0.375","0.375","0.375"
"820030","0.15625","0.15625","0.15625"
"820032","0.3125","0.3125","0.3125"
"820050","0.125","0.125","0.125"
"830011","0.25","0.25","0.25"
"830021","0.34375","0.34375","0.34375"
"830023","0.375","0.375","0.375"
"830033","0.375","0.375","0.375"
"830059","0.28125","0.28125","0.28125"
"840003","0.34375","0.34375","0.34375"
"840017","0.25","0.25","0.25"
"840024","0.375","0.375","0.375"
"840026","0.4375","0.4375","0.4375"
"840077","0.34375","0.34375","0.34375"
"850006","0.28125","0.28125","0.28125"
"850007","0.34375","0.34375","0.34375"
"850014","0.4375","0.4375","0.4375"
"850021","0.5","0.5","0.5"
"850022","0.21875","0.21875","0.21875"
"860005","0.21875","0.21875","0.21875"
"860010","0.3125","0.3125","0.3125"
"860019","0.3125","0.3125","0.3125"
"860040","0.21875","0.21875","0.21875"
"860064","0.15625","0.15625","0.15625"
"870006","0.3125","0.3125","0.3125"
"870009","0.34375","0.34375","0.34375"
"870026","0.25","0.25","0.25"
"870037","0.3125","0.3125","0.3125"
"870041","0.3125","0.3125","0.3125"
"880003","0.0625","0.0625","0.0625"
"880009","0.25","0.25","0.25"
"880034","0.34375","0.34375","0.34375"
"880054","0.21875","0.21875","0.21875"
"880070","0.34375","0.34375","0.34375"
"890001","0.25","0.25","0.25"
"890012","0.375","0.375","0.375"
"890015","0.28125","0.28125","0.28125"
"890022","0.46875","0.46875","0.46875"
"890049","0.3125","0.3125","0.3125"
"900019","0.28125","0.28125","0.28125"
"900040","0.25","0.25","0.25"
"900070","0.28125","0.28125","0.28125"
"900079","0.3125","0.3125","0.3125"
"900085","0.25","0.25","0.25"
"910017","0.40625","0.40625","0.40625"
"910021","0.3125","0.3125","0.3125"
"910028","0.25","0.25","0.25"
"910035","0.1875","0.1875","0.1875"
"910080","0.1875","0.1875","0.1875"
"920014","0.15625","0.15625","0.15625"
"920017","0.40625","0.40625","0.40625"
"920048","0.34375","0.34375","0.34375"
"920049","0.28125","0.28125","0.28125"
"920137","0.21875","0.21875","0.21875"
"930024","0.3125","0.3125","0.3125"
"930035","0.40625","0.40625","0.40625"
"930047","0.21875","0.21875","0.21875"
"930084","0.21875","0.21875","0.21875"
"930095","0.40625","0.40625","0.40625"
"940000","0.3125","0.3125","0.3125"
"940016","0.28125","0.28125","0.28125"
"940030","0.46875","0.46875","0.46875"
"940034","0.21875","0.21875","0.21875"
"940062","0.21875","0.21875","0.21875"
"950010","0.28125","0.28125","0.28125"
"950033","0.15625","0.15625","0.15625"
"950035","0.34375","0.34375","0.34375"
"950050","0.125","0.125","0.125"
"950052","0.28125","0.28125","0.28125"
"960005","0.375","0.375","0.375"
"960018","0.28125","0.28125","0.28125"
"960024","0.34375","0.34375","0.34375"
"960026","0.28125","0.28125","0.28125"
"960067","0.25","0.25","0.25"
"970014","0.3125","0.3125","0.3125"
"970023","0.1875","0.1875","0.1875"
"970037","0.46875","0.46875","0.46875"
"970050","0.34375","0.34375","0.34375"
"970096","0.1875","0.1875","0.1875"
"980000","0.21875","0.21875","0.21875"
"980002","0.4375","0.4375","0.4375"
"980015","0.34375","0.34375","0.34375"
"980017","0.21875","0.21875","0.21875"
"980025","0.15625","0.15625","0.15625"
"990006","0.28125","0.28125","0.28125"
"990024","0.21875","0.21875","0.21875"
"990053","0.25","0.25","0.25"
"990056","0.25","0.25","0.25"
"990116","0.375","0.375","0.375"
"1000020","0.21875","0.21875","0.21875"
"1000023","0.375","0.375","0.375"
"1000030","0.28125","0.28125","0.28125"
"1000037","0.1875","0.1875","0.1875"
"1000048","0.28125","0.28125","0.28125"
"1010015","0.375","0.375","0.375"
"1010022","0.34375","0.34375","0.34375"
"1010035","0.15625","0.15625","0.15625"
"1010042","0.5625","0.5625","0.5625"
"1010130","0.34375","0.34375","0.34375"
"1020009","0.3125","0.3125","0.3125"
"1020022","0.3125","0.3125","0.3125"
"1020025","0.1875","0.1875","0.1875"
"1020027","0.3125","0.3125","0.3125"
"1020031","0.25","0.25","0.25"
"1030009","0.21875","0.21875","0.21875"
"1030029","0.21875","0.21875","0.21875"
"1030033","0.28125","0.28125","0.28125"
"1030045","0.28125","0.28125","0.28125"
"1030114","0.09375","0.09375","0.09375"
"1040003","0.34375","0.34375","0.34375"
"1040012","0.3125","0.3125","0.3125"
"1040039","0.3125","0.3125","0.3125"
"1040043","0.375","0.375","0.375"
"1040055","0.21875","0.21875","0.21875"
"1050000","0.125","0.125","0.125"
"1050012","0.21875","0.21875","0.21875"
"1050022","0.28125","0.28125","0.28125"
"1050030","0.25","0.25","0.25"
"1050070","0.28125","0.28125","0.28125"
"1060000","0.375","0.375","0.375"
"1060014","0.40625","0.40625","0.40625"
"1060015","0.3125","0.3125","0.3125"
"1060016","0.25","0.25","0.25"
"1060020","0.375","0.375","0.375"
"1070006","0.125","0.125","0.125"
"1070019","0.3125","0.3125","0.3125"
"1070030","0.15625","0.15625","0.15625"
"1070069","0.375","0.375","0.375"
"1070158","0.4375","0.4375","0.4375"
"1080000","0.15625","0.15625","0.15625"
"1080016","0.25","0.25","0.25"
"1080017","0.21875","0.21875","0.21875"
"1080019","0.34375","0.34375","0.34375"
"1080048","0.40625","0.40625","0.40625"
"1090009","0.40625","0.40625","0.40625"
"1090020","0.21875","0.21875","0.21875"
"1090047","0.46875","0.46875","0.46875"
"1090053","0.40625","0.40625","0.40625"
"1090128","0.25","0.25","0.25"
"1100006","0.3125","0.3125","0.3125"
"1100017","0.4375","0.4375","0.4375"
"1100030","0.3125","0.28125","0.34375"
"1100057","0.34375","0.34375","0.34375"
"1110004","0.28125","0.28125","0.28125"
"1110006","0.3125","0.3125","0.3125"
"1110007","0.34375","0.34375","0.34375"
"1110047","0.25","0.25","0.25"
"1110051","0.25","0.25","0.25"
"1120001","0.28125","0.28125","0.28125"
"1120007","0.34375","0.34375","0.34375"
"1120015","0.40625","0.40625","0.40625"
"1120019","0.15625","0.15625","0.15625"
"1120039","0.21875","0.21875","0.21875"
"1130003","0.34375","0.34375","0.34375"
"1130016","0.28125","0.28125","0.28125"
"1130030","0.40625","0.40625","0.40625"
"1130032","0.34375","0.34375","0.34375"
"1130046","0.40625","0.40625","0.40625"
"1140000","0.21875","0.21875","0.21875"
"1140002","0.3125","0.3125","0.3125"
"1140023","0.25","0.25","0.25"
"1140024","0.1875","0.1875","0.1875"
"1140066","0.4375","0.4375","0.4375"
"1150026","0.328125","0.25","0.40625"
"1150034","0.40625","0.40625","0.40625"
"1150037","0.3125","0.3125","0.3125"
"1150052","0.40625","0.40625","0.40625"
"1160014","0.3125","0.3125","0.3125"
"1160022","0.34375","0.34375","0.34375"
"1160030","0.21875","0.21875","0.21875"
"1160059","0.4375","0.4375","0.4375"
"1160075","0.46875","0.46875","0.46875"
"1170007","0.21875","0.21875","0.21875"
"1170016","0.34375","0.34375","0.34375"
"1170042","0.375","0.375","0.375"
"1170048","0.25","0.25","0.25"
"1170066","0.3125","0.3125","0.3125"
"1180020","0.375","0.375","0.375"
"1180021","0.4375","0.4375","0.4375"
"1180027","0.21875","0.21875","0.21875"
"1180039","0.34375","0.34375","0.34375"
"1180068","0.1875","0.1875","0.1875"
"1190006","0.3125","0.3125","0.3125"
"1190015","0.34375","0.34375","0.34375"
"1190016","0.34375","0.34375","0.34375"
"1190019","0.375","0.375","0.375"
"1190138","0.34375","0.34375","0.34375"
"1200004","0.34375","0.34375","0.34375"
"1200009","0.3125","0.3125","0.3125"
"1200022","0.28125","0.28125","0.28125"
"1200026","0.21875","0.21875","0.21875"
"1200140","0.4375","0.4375","0.4375"
"1210000","0.3125","0.3125","0.3125"
"1210021","0.21875","0.21875","0.21875"
"1210048","0.46875","0.46875","0.46875"
"1210073","0.1875","0.1875","0.1875"
"1220004","0.25","0.25","0.25"
"1220009","0.34375","0.34375","0.34375"
"1220018","0.5","0.5","0.5"
"1220021","0.3125","0.3125","0.3125"
"1220027","0.28125","0.28125","0.28125"
"1230009","0.28125","0.28125","0.28125"
"1230019","0.15625","0.15625","0.15625"
"1230044","0.375","0.375","0.375"
"1230047","0.3125","0.3125","0.3125"
"1230071","0.34375","0.34375","0.34375"
"1240002","0.328125","0.3125","0.34375"
"1240014","0.28125","0.28125","0.28125"
"1240023","0.5625","0.5625","0.5625"
"1240046","0.25","0.25","0.25"
"1250021","0.28125","0.28125","0.28125"
"1250022","0.3125","0.3125","0.3125"
"1250026","0.40625","0.40625","0.40625"
"1250049","0.25","0.25","0.25"
"1250055","0.40625","0.40625","0.40625"
"1260008","0.34375","0.34375","0.34375"
"1260011","0.1875","0.1875","0.1875"
"1260012","0.296875","0.28125","0.3125"
"1260025","0.3125","0.3125","0.3125"
"1270001","0.25","0.25","0.25"
"1270004","0.15625","0.15625","0.15625"
"1270025","0.46875","0.46875","0.46875"
"1270031","0.34375","0.34375","0.34375"
"1270066","0.375","0.375","0.375"
"1280008","0.34375","0.34375","0.34375"
"1280024","0.34375","0.34375","0.34375"
"1280031","0.375","0.375","0.375"
"1280039","0.34375","0.34375","0.34375"
"1280044","0.46875","0.46875","0.46875"
"1290002","0.40625","0.34375","0.4375"
"1290022","0.25","0.25","0.25"
"1290037","0.46875","0.46875","0.46875"
"1300000","0.4375","0.4375","0.4375"
"1300003","0.46875","0.46875","0.46875"
"1300023","0.375","0.375","0.375"
"1300063","0.5","0.5","0.5"
"1300100","0.40625","0.40625","0.40625"
"1310009","0.34375","0.34375","0.34375"
"1310015","0.40625","0.40625","0.40625"
"1310017","0.40625","0.40625","0.40625"
"1310031","0.5","0.5","0.5"
"1310051","0.5625","0.5625","0.5625"
"1320000","0.40625","0.40625","0.40625"
"1320022","0.34375","0.34375","0.34375"
"1320025","0.4375","0.4375","0.4375"
"1320028","0.296875","0.25","0.34375"
"1330011","0.28125","0.28125","0.28125"
"1330015","0.46875","0.46875","0.46875"
"1330023","0.53125","0.53125","0.53125"
"1330041","0.28125","0.28125","0.28125"
"1330098","0.4375","0.4375","0.4375"
"1340012","0.3125","0.3125","0.3125"
"1340018","0.46875","0.46875","0.46875"
"1340019","0.375","0.375","0.375"
"1340042","0.4375","0.4375","0.4375"
"1340156","0.5625","0.5625","0.5625"
"1350004","0.4375","0.4375","0.4375"
"1350029","0.25","0.25","0.25"
"1350031","0.375","0.375","0.375"
"1350072","0.28125","0.28125","0.28125"
"1350083","0.3125","0.3125","0.3125"
"1360032","0.28125","0.28125","0.28125"
"1360035","0.46875","0.46875","0.46875"
"1360038","0.46875","0.46875","0.46875"
"1360056","0.3125","0.3125","0.3125"
"1360108","0.40625","0.40625","0.40625"
"1370008","0.4375","0.4375","0.4375"
"1370024","0.375","0.375","0.375"
"1370031","0.34375","0.34375","0.34375"
"1370042","0.4375","0.4375","0.4375"
"1370072","0.28125","0.28125","0.28125"
"1380001","0.5","0.5","0.5"
"1380003","0.34375","0.34375","0.34375"
"1380007","0.25","0.25","0.25"
"1380015","0.375","0.375","0.375"
"1380078","0.28125","0.28125","0.28125"
"1390001","0.5625","0.5625","0.5625"
"1390022","0.34375","0.34375","0.34375"
"1390024","0.3125","0.3125","0.3125"
"1390055","0.5","0.5","0.5"
"1390062","0.40625","0.40625","0.40625"
"1400003","0.5","0.5","0.5"
"1400021","0.34375","0.34375","0.34375"
"1400027","0.40625","0.40625","0.40625"
"1400046","0.40625","0.40625","0.40625"
"1410012","0.3125","0.3125","0.3125"
"1410028","0.375","0.375","0.375"
"1410032","0.40625","0.40625","0.40625"
"1410035","0.375","0.375","0.375"
"1410086","0.40625","0.40625","0.40625"
"1420008","0.40625","0.40625","0.40625"
"1420018","0.375","0.375","0.375"
"1420024","0.34375","0.34375","0.34375"
"1420030","0.28125","0.28125","0.28125"
"1420050","0.15625","0.15625","0.15625"
"1430002","0.5","0.5","0.5"
"1430034","0.46875","0.46875","0.46875"
"1430049","0.28125","0.28125","0.28125"
"1430063","0.53125","0.53125","0.53125"
"1430078","0.5","0.5","0.5"
"1440008","0.4375","0.4375","0.4375"
"1440021","0.46875","0.46875","0.46875"
"1440033","0.46875","0.46875","0.46875"
"1440036","0.4375","0.4375","0.4375"
"1440048","0.4375","0.4375","0.4375"
"1450004","0.28125","0.28125","0.28125"
"1450023","0.34375","0.34375","0.34375"
"1450029","0.5625","0.5625","0.5625"
"1450031","0.34375","0.34375","0.34375"
"1450063","0.28125","0.28125","0.28125"
"1460022","0.4375","0.4375","0.4375"
"1460026","0.3125","0.3125","0.3125"
"1460031","0.375","0.375","0.375"
"1460037","0.5","0.5","0.5"
"1460053","0.25","0.25","0.25"
"1470000","0.375","0.375","0.375"
"1470011","0.5","0.5","0.5"
"1470025","0.21875","0.21875","0.21875"
"1470061","0.28125","0.28125","0.28125"
"1480002","0.375","0.375","0.375"
"1480012","0.46875","0.46875","0.46875"
"1480032","0.28125","0.28125","0.28125"
"1480052","0.28125","0.28125","0.28125"
"1480055","0.40625","0.40625","0.40625"
"1490008","0.4375","0.4375","0.4375"
"1490048","0.25","0.25","0.25"
"1490059","0.34375","0.34375","0.34375"
"1490060","0.53125","0.53125","0.53125"
"1490156","0.53125","0.53125","0.53125"
"1500015","0.375","0.375","0.375"
"1500034","0.4375","0.4375","0.4375"
"1500042","0.53125","0.53125","0.53125"
"1500065","0.375","0.375","0.375"
"1500084","0.375","0.375","0.375"
"1510000","0.25","0.25","0.25"
"1510001","0.28125","0.28125","0.28125"
"1510015","0.40625","0.40625","0.40625"
"1510036","0.40625","0.40625","0.40625"
"1510048","0.375","0.375","0.375"
"1520015","0.390625","0.375","0.40625"
"1520034","0.3125","0.3125","0.3125"
"1520038","0.3125","0.3125","0.3125"
"1520065","0.4375","0.4375","0.4375"
"1530017","0.3125","0.3125","0.3125"
"1530046","0.5","0.5","0.5"
"1530106","0.5","0.5","0.5"
"1530119","0.40625","0.3125","0.5"
"1540000","0.5","0.5","0.5"
"1540004","0.40625","0.40625","0.40625"
"1540013","0.375","0.28125","0.46875"
"1540067","0.28125","0.28125","0.28125"
"1550001","0.4375","0.4375","0.4375"
"1550037","0.625","0.625","0.625"
"1550043","0.5625","0.5625","0.5625"
"1550044","0.375","0.375","0.375"
"1550069","0.5","0.5","0.5"
"1560005","0.40625","0.40625","0.40625"
"1560016","0.3125","0.3125","0.3125"
"1560021","0.53125","0.53125","0.53125"
"1560034","0.46875","0.46875","0.46875"
"1560037","0.40625","0.40625","0.40625"
"1570029","0.359375","0.25","0.46875"
"1570031","0.46875","0.46875","0.46875"
"1570043","0.53125","0.53125","0.53125"
"1570062","0.46875","0.46875","0.46875"
"1580003","0.375","0.375","0.375"
"1580019","0.40625","0.40625","0.40625"
"1580021","0.5","0.5","0.5"
"1580032","0.53125","0.53125","0.53125"
"1580079","0.5625","0.5625","0.5625"
"1590013","0.5625","0.5625","0.5625"
"1590016","0.75","0.75","0.75"
"1590030","0.375","0.375","0.375"
"1590066","0.28125","0.28125","0.28125"
"1590067","0.4375","0.4375","0.4375"
"1600015","0.25","0.25","0.25"
"1600025","0.34375","0.34375","0.34375"
"1600030","0.4375","0.4375","0.4375"
"1600044","0.3125","0.3125","0.3125"
"1600052","0.4375","0.4375","0.4375"
"1610001","0.28125","0.28125","0.28125"
"1610038","0.40625","0.375","0.4375"
"1610039","0.28125","0.28125","0.28125"
"1610067","0.53125","0.53125","0.53125"
"1620007","0.4375","0.4375","0.4375"
"1620011","0.34375","0.34375","0.34375"
"1620023","0.1875","0.1875","0.1875"
"1620033","0.375","0.375","0.375"
"1620038","0.53125","0.53125","0.53125"
"1630002","0.4375","0.4375","0.4375"
"1630023","0.53125","0.53125","0.53125"
"1630026","0.5","0.5","0.5"
"1630045","0.53125","0.53125","0.53125"
"1630050","0.4375","0.4375","0.4375"
"1640000","0.4375","0.4375","0.4375"
"1640005","0.59375","0.59375","0.59375"
"1640010","0.3125","0.3125","0.3125"
"1640025","0.3125","0.3125","0.3125"
"1640039","0.375","0.375","0.375"
"1650007","0.390625","0.375","0.40625"
"1650027","0.4375","0.4375","0.4375"
"1650031","0.5","0.5","0.5"
"1650054","0.375","0.375","0.375"
"1660006","0.4375","0.4375","0.4375"
"1660020","0.4375","0.4375","0.4375"
"1660022","0.53125","0.53125","0.53125"
"1660036","0.375","0.375","0.375"
"1660061","0.46875","0.46875","0.46875"
"1670001","0.40625","0.40625","0.40625"
"1670018","0.375","0.375","0.375"
"1670032","0.34375","0.34375","0.34375"
"1670067","0.46875","0.46875","0.46875"
"1670158","0.375","0.375","0.375"
"1680018","0.34375","0.34375","0.34375"
"1680037","0.4375","0.4375","0.4375"
"1680039","0.46875","0.46875","0.46875"
"1680055","0.3125","0.3125","0.3125"
"1680064","0.53125","0.53125","0.53125"
"1690003","0.4375","0.4375","0.4375"
"1690011","0.34375","0.34375","0.34375"
"1690047","0.375","0.375","0.375"
"1690052","0.375","0.375","0.375"
"1690077","0.40625","0.40625","0.40625"
"1700015","0.390625","0.28125","0.5"
"1700020","0.3125","0.3125","0.3125"
"1700025","0.53125","0.53125","0.53125"
"1700055","0.5","0.5","0.5"
"1710012","0.40625","0.40625","0.40625"
"1710015","0.4375","0.4375","0.4375"
"1710039","0.4375","0.4375","0.4375"
"1710050","0.4375","0.4375","0.4375"
"1710070","0.3125","0.3125","0.3125"
"1720004","0.4375","0.4375","0.4375"
"1720009","0.5","0.5","0.5"
"1720011","0.375","0.375","0.375"
"1720012","0.4375","0.4375","0.4375"
"1720027","0.4375","0.4375","0.4375"
"1730018","0.40625","0.40625","0.40625"
"1730019","0.375","0.375","0.375"
"1730020","0.40625","0.34375","0.46875"
"1730034","0.4375","0.4375","0.4375"
"1740005","0.4375","0.4375","0.4375"
"1740019","0.34375","0.34375","0.34375"
"1740035","0.4375","0.4375","0.4375"
"1740041","0.375","0.375","0.375"
"1740110","0.28125","0.28125","0.28125"
"1750017","0.5625","0.5625","0.5625"
"1750030","0.3125","0.3125","0.3125"
"1750034","0.390625","0.34375","0.4375"
"1750040","0.4375","0.4375","0.4375"
"1760001","0.25","0.25","0.25"
"1760020","0.375","0.34375","0.40625"
"1760026","0.53125","0.53125","0.53125"
"1760031","0.53125","0.53125","0.53125"
"1770013","0.4375","0.4375","0.4375"
"1770016","0.34375","0.34375","0.34375"
"1770024","0.21875","0.21875","0.21875"
"1770042","0.40625","0.40625","0.40625"
"1770055","0.3125","0.3125","0.3125"
"1780012","0.53125","0.53125","0.53125"
"1780013","0.53125","0.53125","0.53125"
"1780028","0.4375","0.4375","0.4375"
"1780084","0.375","0.375","0.375"
"1780104","0.46875","0.46875","0.46875"
"1790011","0.28125","0.28125","0.28125"
"1790019","0.34375","0.34375","0.34375"
"1790035","0.53125","0.4375","0.625"
"1790065","0.21875","0.21875","0.21875"
"1800007","0.375","0.375","0.375"
"1800020","0.46875","0.46875","0.46875"
"1800023","0.40625","0.40625","0.40625"
"1800024","0.40625","0.40625","0.40625"
"1800040","0.28125","0.28125","0.28125"
"1810008","0.3125","0.3125","0.3125"
"1810031","0.390625","0.34375","0.4375"
"1810035","0.53125","0.53125","0.53125"
"1810042","0.4375","0.4375","0.4375"
"1820012","0.5625","0.5625","0.5625"
"1820021","0.46875","0.46875","0.46875"
"1820026","0.28125","0.28125","0.28125"
"1820029","0.34375","0.34375","0.34375"
"1820032","0.40625","0.40625","0.40625"
"1830023","0.53125","0.53125","0.53125"
"1830028","0.4375","0.4375","0.4375"
"1830042","0.3125","0.3125","0.3125"
"1830044","0.375","0.375","0.375"
"1830137","0.4375","0.4375","0.4375"
"1840000","0.375","0.375","0.375"
"1840017","0.625","0.625","0.625"
"1840055","0.4375","0.4375","0.4375"
"1840100","0.4375","0.4375","0.4375"
"1840115","0.4375","0.4375","0.4375"
"1850002","0.21875","0.21875","0.21875"
"1850009","0.375","0.375","0.375"
"1850017","0.25","0.25","0.25"
"1850023","0.3125","0.3125","0.3125"
"1850030","0.28125","0.28125","0.28125"
"1860007","0.4375","0.4375","0.4375"
"1860008","0.34375","0.34375","0.34375"
"1860012","0.3125","0.3125","0.3125"
"1860033","0.4375","0.4375","0.4375"
"1860072","0.3125","0.3125","0.3125"
"1870003","0.46875","0.46875","0.46875"
"1870024","0.40625","0.40625","0.40625"
"1870036","0.46875","0.46875","0.46875"
"1870062","0.5","0.5","0.5"
"1870127","0.375","0.375","0.375"
"1880000","0.25","0.25","0.25"
"1880005","0.3125","0.3125","0.3125"
"1880011","0.375","0.375","0.375"
"1880025","0.40625","0.40625","0.40625"
"1880030","0.4375","0.4375","0.4375"
"1890016","0.3125","0.3125","0.3125"
"1890017","0.5625","0.5625","0.5625"
"1890019","0.34375","0.34375","0.34375"
"1890023","0.34375","0.34375","0.34375"
"1890081","0.46875","0.46875","0.46875"
"1900013","0.3125","0.3125","0.3125"
"1900021","0.53125","0.53125","0.53125"
"1900026","0.34375","0.34375","0.34375"
"1900037","0.375","0.375","0.375"
"1900043","0.5","0.5","0.5"
"1910000","0.46875","0.46875","0.46875"
"1910004","0.46875","0.46875","0.46875"
"1910018","0.3125","0.3125","0.3125"
"1910089","0.46875","0.46875","0.46875"
"1910093","0.46875","0.46875","0.46875"
"1920002","0.3125","0.3125","0.3125"
"1920025","0.34375","0.34375","0.34375"
"1920029","0.46875","0.46875","0.46875"
"1920037","0.4375","0.4375","0.4375"
"1920051","0.5","0.5","0.5"
"1930004","0.3125","0.3125","0.3125"
"1930011","0.328125","0.21875","0.4375"
"1930017","0.21875","0.21875","0.21875"
"1930030","0.34375","0.34375","0.34375"
"1940005","0.6875","0.6875","0.6875"
"1940006","0.34375","0.34375","0.34375"
"1940017","0.5","0.5","0.5"
"1940036","0.5","0.5","0.5"
"1940043","0.3125","0.3125","0.3125"
"1950005","0.375","0.375","0.375"
"1950011","0.53125","0.53125","0.53125"
"1950016","0.375","0.375","0.375"
"1950034","0.46875","0.46875","0.46875"
"1950053","0.5","0.5","0.5"
"1960006","0.40625","0.40625","0.40625"
"1960020","0.375","0.375","0.375"
"1960023","0.5625","0.5625","0.5625"
"1960024","0.375","0.375","0.375"
"1960028","0.4375","0.4375","0.4375"
"1970011","0.21875","0.21875","0.21875"
"1970015","0.4375","0.4375","0.4375"
"1970020","0.375","0.375","0.375"
"1970027","0.375","0.375","0.375"
"1970031","0.4375","0.4375","0.4375"
"1980000","0.5","0.5","0.5"
"1980004","0.375","0.375","0.375"
"1980016","0.28125","0.28125","0.28125"
"1980041","0.4375","0.4375","0.4375"
"1980101","0.46875","0.46875","0.46875"
"1990005","0.46875","0.46875","0.46875"
"1990009","0.53125","0.53125","0.53125"
"1990013","0.46875","0.46875","0.46875"
"1990041","0.375","0.375","0.375"
"1990056","0.4375","0.4375","0.4375"
"2000004","0.34375","0.34375","0.34375"
"2000006","0.5","0.5","0.5"
"2000030","0.4375","0.4375","0.4375"
"2000036","0.375","0.375","0.375"
"2000041","0.34375","0.34375","0.34375"