"Step","Group: MMM2_ACORM - win_rate","Group: MMM2_ACORM - win_rate__MIN","Group: MMM2_ACORM - win_rate__MAX"
"0","0","0","0"
"10228","0","0","0"
"10233","0","0","0"
"10237","0","0","0"
"10243","0","0","0"
"10246","0","0","0"
"20222","0","0","0"
"20225","0","0","0"
"20228","0","0","0"
"20231","0","0","0"
"30221","0","0","0"
"30222","0","0","0"
"30225","0","0","0"
"30233","0","0","0"
"30248","0","0","0"
"40221","0","0","0"
"40222","0","0","0"
"40234","0","0","0"
"40242","0","0","0"
"40381","0","0","0"
"50223","0","0","0"
"50226","0","0","0"
"50238","0","0","0"
"50249","0","0","0"
"50250","0","0","0"
"60226","0","0","0"
"60238","0","0","0"
"60242","0","0","0"
"60244","0","0","0"
"60249","0","0","0"
"70221","0","0","0"
"70228","0","0","0"
"70230","0","0","0"
"70246","0","0","0"
"70327","0","0","0"
"80238","0","0","0"
"80239","0","0","0"
"80241","0.03125","0.03125","0.03125"
"80264","0","0","0"
"80397","0","0","0"
"90244","0.03125","0.03125","0.03125"
"90247","0.03125","0.03125","0.03125"
"90269","0","0","0"
"90376","0.0625","0.0625","0.0625"
"90379","0.03125","0.03125","0.03125"
"100228","0.03125","0.03125","0.03125"
"100253","0.09375","0.09375","0.09375"
"100279","0.03125","0.03125","0.03125"
"100380","0","0","0"
"100396","0","0","0"
"110222","0","0","0"
"110225","0.09375","0.09375","0.09375"
"110228","0","0","0"
"110260","0","0","0"
"110355","0.03125","0.03125","0.03125"
"120233","0.0625","0.0625","0.0625"
"120237","0","0","0"
"120252","0.0625","0.0625","0.0625"
"120264","0","0","0"
"120316","0.03125","0.03125","0.03125"
"130228","0","0","0"
"130230","0.0625","0.0625","0.0625"
"130258","0.21875","0.21875","0.21875"
"130261","0.0625","0.0625","0.0625"
"130396","0","0","0"
"140237","0.09375","0.09375","0.09375"
"140240","0.125","0.125","0.125"
"140250","0.1875","0.1875","0.1875"
"140257","0.0625","0.0625","0.0625"
"140262","0","0","0"
"150242","0.03125","0.03125","0.03125"
"150244","0","0","0"
"150248","0.03125","0.03125","0.03125"
"150293","0","0","0"
"150355","0.0625","0.0625","0.0625"
"160231","0.09375","0.09375","0.09375"
"160236","0.03125","0.03125","0.03125"
"160295","0","0","0"
"160383","0","0","0"
"160386","0.1875","0.1875","0.1875"
"170230","0.09375","0.09375","0.09375"
"170243","0.1875","0.1875","0.1875"
"170253","0","0","0"
"170267","0.078125","0.03125","0.125"
"180244","0.03125","0.03125","0.03125"
"180264","0","0","0"
"180269","0.25","0.25","0.25"
"180325","0.09375","0.09375","0.09375"
"180376","0.09375","0.09375","0.09375"
"190229","0.03125","0.03125","0.03125"
"190230","0.0625","0.0625","0.0625"
"190234","0.21875","0.21875","0.21875"
"190249","0.15625","0.15625","0.15625"
"190312","0.1875","0.1875","0.1875"
"200233","0.125","0.125","0.125"
"200234","0.28125","0.28125","0.28125"
"200235","0.21875","0.21875","0.21875"
"200255","0.125","0.125","0.125"
"200355","0.0625","0.0625","0.0625"
"210225","0.5625","0.5625","0.5625"
"210230","0","0","0"
"210234","0.0625","0.0625","0.0625"
"210251","0.125","0.125","0.125"
"210253","0.125","0.125","0.125"
"220226","0.03125","0.03125","0.03125"
"220230","0.09375","0.09375","0.09375"
"220265","0.15625","0.15625","0.15625"
"220266","0.0625","0.0625","0.0625"
"220294","0.21875","0.21875","0.21875"
"230223","0.0625","0.0625","0.0625"
"230251","0.125","0.125","0.125"
"230303","0.3125","0.3125","0.3125"
"230305","0.1875","0.1875","0.1875"
"230388","0.1875","0.1875","0.1875"
"240237","0.03125","0","0.0625"
"240241","0.3125","0.3125","0.3125"
"240315","0.15625","0.15625","0.15625"
"240398","0.09375","0.09375","0.09375"
"250222","0.15625","0.15625","0.15625"
"250253","0.0625","0.0625","0.0625"
"250268","0.125","0.125","0.125"
"250284","0.09375","0.09375","0.09375"
"250314","0.09375","0.09375","0.09375"
"260220","0","0","0"
"260243","0.5","0.5","0.5"
"260248","0.1875","0.1875","0.1875"
"260274","0.40625","0.40625","0.40625"
"260333","0.03125","0.03125","0.03125"
"270220","0.375","0.375","0.375"
"270223","0.0625","0.0625","0.0625"
"270242","0","0","0"
"270260","0.0625","0.0625","0.0625"
"270288","0.0625","0.0625","0.0625"
"280262","0.0625","0.0625","0.0625"
"280267","0.375","0.375","0.375"
"280284","0.25","0.25","0.25"
"280308","0.1875","0.1875","0.1875"
"280348","0.28125","0.28125","0.28125"
"290261","0.25","0.25","0.25"
"290281","0.1875","0.1875","0.1875"
"290312","0.375","0.375","0.375"
"290331","0.09375","0.09375","0.09375"
"290362","0.34375","0.34375","0.34375"
"300242","0.09375","0.09375","0.09375"
"300258","0.40625","0.40625","0.40625"
"300264","0.15625","0.15625","0.15625"
"300275","0.21875","0.21875","0.21875"
"300338","0.28125","0.28125","0.28125"
"310224","0.21875","0.21875","0.21875"
"310229","0.375","0.375","0.375"
"310234","0.375","0.375","0.375"
"310310","0.21875","0.21875","0.21875"
"310347","0.28125","0.28125","0.28125"
"320235","0.25","0.25","0.25"
"320243","0.40625","0.40625","0.40625"
"320252","0.09375","0.09375","0.09375"
"320257","0.15625","0.15625","0.15625"
"320291","0.3125","0.3125","0.3125"
"330223","0.1875","0.1875","0.1875"
"330238","0.40625","0.40625","0.40625"
"330246","0.1875","0.1875","0.1875"
"330253","0.40625","0.40625","0.40625"
"330381","0.1875","0.1875","0.1875"
"340232","0.21875","0.1875","0.25"
"340243","0.375","0.375","0.375"
"340247","0.328125","0.125","0.53125"
"350233","0.28125","0.28125","0.28125"
"350242","0.34375","0.34375","0.34375"
"350245","0.40625","0.40625","0.40625"
"350314","0.5","0.5","0.5"
"350326","0.0625","0.0625","0.0625"
"360232","0.34375","0.34375","0.34375"
"360239","0.3125","0.3125","0.3125"
"360246","0.65625","0.65625","0.65625"
"360248","0.1875","0.1875","0.1875"
"360261","0.21875","0.21875","0.21875"
"370223","0.34375","0.34375","0.34375"
"370229","0.34375","0.34375","0.34375"
"370293","0.15625","0.15625","0.15625"
"370312","0.28125","0.28125","0.28125"
"370317","0.40625","0.40625","0.40625"
"380227","0.3125","0.3125","0.3125"
"380288","0.21875","0.21875","0.21875"
"380320","0.53125","0.53125","0.53125"
"380353","0.53125","0.53125","0.53125"
"380368","0.3125","0.3125","0.3125"
"390235","0.21875","0.21875","0.21875"
"390244","0.375","0.375","0.375"
"390251","0.375","0.375","0.375"
"390281","0.46875","0.46875","0.46875"
"390326","0.375","0.375","0.375"
"400223","0.40625","0.40625","0.40625"
"400232","0.53125","0.53125","0.53125"
"400261","0.375","0.375","0.375"
"400266","0.5","0.5","0.5"
"400310","0.25","0.25","0.25"
"410224","0.71875","0.71875","0.71875"
"410231","0.21875","0.21875","0.21875"
"410261","0.375","0.375","0.375"
"410291","0.65625","0.65625","0.65625"
"410380","0.0625","0.0625","0.0625"
"420246","0.3125","0.3125","0.3125"
"420251","0.359375","0.34375","0.375"
"420257","0.5","0.5","0.5"
"420313","0.3125","0.3125","0.3125"
"430227","0.6875","0.6875","0.6875"
"430230","0.71875","0.71875","0.71875"
"430355","0.125","0.125","0.125"
"430378","0.40625","0.40625","0.40625"
"430385","0.625","0.625","0.625"
"440222","0.6875","0.6875","0.6875"
"440267","0.40625","0.40625","0.40625"
"440282","0.1875","0.1875","0.1875"
"440335","0.21875","0.21875","0.21875"
"440361","0.34375","0.34375","0.34375"
"450222","0.625","0.625","0.625"
"450242","0.125","0.125","0.125"
"450243","0.34375","0.34375","0.34375"
"450264","0.5","0.5","0.5"
"450346","0.71875","0.71875","0.71875"
"460228","0.65625","0.65625","0.65625"
"460242","0.625","0.625","0.625"
"460243","0.71875","0.71875","0.71875"
"460273","0.4375","0.4375","0.4375"
"460310","0.40625","0.40625","0.40625"
"470241","0.5625","0.5625","0.5625"
"470246","0.5","0.5","0.5"
"470251","0.34375","0.34375","0.34375"
"470252","0.3125","0.3125","0.3125"
"470261","0.59375","0.59375","0.59375"
"480221","0.625","0.625","0.625"
"480224","0.8125","0.8125","0.8125"
"480236","0.5","0.5","0.5"
"480240","0.5","0.40625","0.59375"
"490239","0.375","0.375","0.375"
"490251","0.78125","0.78125","0.78125"
"490263","0.5625","0.5625","0.5625"
"490268","0.3125","0.3125","0.3125"
"490363","0.71875","0.71875","0.71875"
"500230","0.34375","0.34375","0.34375"
"500245","0.71875","0.71875","0.71875"
"500259","0.53125","0.53125","0.53125"
"500270","0.59375","0.59375","0.59375"
"500367","0.34375","0.34375","0.34375"
"510235","0.46875","0.46875","0.46875"
"510236","0.125","0.125","0.125"
"510266","0.71875","0.71875","0.71875"
"510341","0.5625","0.5625","0.5625"
"510388","0.3125","0.3125","0.3125"
"520220","0.53125","0.53125","0.53125"
"520267","0.59375","0.59375","0.59375"
"520276","0.53125","0.53125","0.53125"
"520282","0.375","0.375","0.375"
"520283","0.28125","0.28125","0.28125"
"530233","0.40625","0.40625","0.40625"
"530242","0.375","0.375","0.375"
"530268","0.40625","0.40625","0.40625"
"530276","0.53125","0.53125","0.53125"
"530382","0.34375","0.34375","0.34375"
"540239","0.75","0.75","0.75"
"540246","0.5625","0.5625","0.5625"
"540258","0.71875","0.71875","0.71875"
"540264","0.375","0.375","0.375"
"540388","0.46875","0.46875","0.46875"
"550229","0.6875","0.6875","0.6875"
"550264","0.65625","0.65625","0.65625"
"550280","0.03125","0.03125","0.03125"
"550290","0.625","0.625","0.625"
"550390","0.40625","0.40625","0.40625"
"560221","0.65625","0.65625","0.65625"
"560254","0.53125","0.53125","0.53125"
"560320","0.5625","0.5625","0.5625"
"560375","0.5","0.5","0.5"
"560387","0.5625","0.5625","0.5625"
"570228","0.4375","0.4375","0.4375"
"570273","0.625","0.625","0.625"
"570303","0.625","0.625","0.625"
"570331","0.53125","0.53125","0.53125"
"570387","0.6875","0.6875","0.6875"
"580234","0.6875","0.6875","0.6875"
"580236","0.65625","0.65625","0.65625"
"580255","0.59375","0.59375","0.59375"
"580258","0.5","0.5","0.5"
"580370","0.5625","0.5625","0.5625"
"590222","0.59375","0.59375","0.59375"
"590236","0.625","0.625","0.625"
"590331","0.6875","0.6875","0.6875"
"590357","0.78125","0.78125","0.78125"
"590371","0.75","0.75","0.75"
"600220","0.4375","0.4375","0.4375"
"600229","0.4375","0.4375","0.4375"
"600260","0.65625","0.65625","0.65625"
"600270","0.78125","0.78125","0.78125"
"600311","0.40625","0.40625","0.40625"
"610238","0.46875","0.46875","0.46875"
"610251","0.75","0.75","0.75"
"610271","0.71875","0.71875","0.71875"
"610350","0.625","0.625","0.625"
"610352","0.625","0.625","0.625"
"620225","0.71875","0.71875","0.71875"
"620253","0.75","0.75","0.75"
"620260","0.71875","0.71875","0.71875"
"620262","0.3125","0.3125","0.3125"
"620363","0.71875","0.71875","0.71875"
"630224","0.6875","0.6875","0.6875"
"630242","0.65625","0.65625","0.65625"
"630261","0.6875","0.6875","0.6875"
"630268","0.5625","0.5625","0.5625"
"630397","0.8125","0.8125","0.8125"
"640265","0.65625","0.65625","0.65625"
"640272","0.90625","0.90625","0.90625"
"640298","0.53125","0.53125","0.53125"
"640338","0.84375","0.84375","0.84375"
"640395","0.5625","0.5625","0.5625"
"650232","0.84375","0.84375","0.84375"
"650259","0.71875","0.71875","0.71875"
"650279","0.5625","0.5625","0.5625"
"650310","0.625","0.625","0.625"
"650381","0.59375","0.59375","0.59375"
"660224","0.78125","0.78125","0.78125"
"660251","0.59375","0.59375","0.59375"
"660255","0.65625","0.65625","0.65625"
"660264","0.65625","0.65625","0.65625"
"660314","0.59375","0.59375","0.59375"
"670222","0.375","0.375","0.375"
"670251","0.8125","0.8125","0.8125"
"670258","0.71875","0.71875","0.71875"
"670298","0.65625","0.65625","0.65625"
"670325","0.8125","0.8125","0.8125"
"680228","0.78125","0.78125","0.78125"
"680262","0.6875","0.6875","0.6875"
"680266","0.75","0.75","0.75"
"680288","0.75","0.75","0.75"
"680289","0.71875","0.71875","0.71875"
"690220","0.625","0.625","0.625"
"690246","0.78125","0.78125","0.78125"
"690268","0.65625","0.65625","0.65625"
"690328","0.5625","0.5625","0.5625"
"690399","0.8125","0.8125","0.8125"
"700228","0.65625","0.65625","0.65625"
"700256","0.875","0.875","0.875"
"700257","0.75","0.75","0.75"
"700275","0.875","0.875","0.875"
"700307","0.78125","0.78125","0.78125"
"710224","0.6875","0.6875","0.6875"
"710241","0.671875","0.5625","0.78125"
"710268","0.71875","0.71875","0.71875"
"710399","0.875","0.875","0.875"
"720252","0.78125","0.78125","0.78125"
"720319","0.78125","0.78125","0.78125"
"720361","0.8125","0.8125","0.8125"
"720364","0.875","0.875","0.875"
"720393","0.625","0.625","0.625"
"730242","0.875","0.875","0.875"
"730256","0.6875","0.6875","0.6875"
"730259","0.75","0.75","0.75"
"730269","0.46875","0.46875","0.46875"
"730340","0.625","0.625","0.625"
"740237","0.6875","0.6875","0.6875"
"740241","0.8125","0.8125","0.8125"
"740252","0.71875","0.71875","0.71875"
"740256","0.53125","0.53125","0.53125"
"740271","0.59375","0.59375","0.59375"
"750221","0.78125","0.78125","0.78125"
"750227","0.6875","0.6875","0.6875"
"750273","0.75","0.75","0.75"
"750283","0.84375","0.84375","0.84375"
"750329","0.71875","0.71875","0.71875"
"760251","0.71875","0.71875","0.71875"
"760253","0.625","0.625","0.625"
"760261","0.6875","0.6875","0.6875"
"760264","0.84375","0.84375","0.84375"
"760269","0.28125","0.28125","0.28125"
"770221","0.65625","0.65625","0.65625"
"770226","0.875","0.875","0.875"
"770228","0.75","0.75","0.75"
"770249","0.78125","0.78125","0.78125"
"770268","0.625","0.625","0.625"
"780225","0.78125","0.78125","0.78125"
"780252","0.65625","0.65625","0.65625"
"780255","0.65625","0.65625","0.65625"
"780256","0.75","0.75","0.75"
"780287","0.6875","0.6875","0.6875"
"790222","0.8125","0.8125","0.8125"
"790223","0.59375","0.59375","0.59375"
"790247","0.65625","0.65625","0.65625"
"790258","0.84375","0.84375","0.84375"
"790263","0.9375","0.9375","0.9375"
"800250","0.75","0.75","0.75"
"800256","0.59375","0.59375","0.59375"
"800263","0.78125","0.78125","0.78125"
"800267","0.75","0.75","0.75"
"800281","0.65625","0.65625","0.65625"
"810232","0.8125","0.8125","0.8125"
"810247","0.8125","0.8125","0.8125"
"810252","0.6875","0.65625","0.71875"
"810391","0.78125","0.78125","0.78125"
"820223","0.75","0.75","0.75"
"820245","0.71875","0.71875","0.71875"
"820252","0.78125","0.78125","0.78125"
"820256","0.8125","0.8125","0.8125"
"820259","0.6875","0.6875","0.6875"
"830220","0.65625","0.65625","0.65625"
"830221","0.6875","0.6875","0.6875"
"830238","0.78125","0.78125","0.78125"
"830251","0.71875","0.71875","0.71875"
"830276","0.5625","0.5625","0.5625"
"840225","0.6875","0.6875","0.6875"
"840240","0.8125","0.8125","0.8125"
"840259","0.84375","0.84375","0.84375"
"840266","0.875","0.875","0.875"
"840323","0.75","0.75","0.75"
"850247","0.78125","0.78125","0.78125"
"850249","0.9375","0.9375","0.9375"
"850265","0.8125","0.75","0.875"
"850383","0.71875","0.71875","0.71875"
"860246","0.8125","0.8125","0.8125"
"860260","0.53125","0.53125","0.53125"
"860267","0.9375","0.9375","0.9375"
"860270","0.71875","0.71875","0.71875"
"860274","0.65625","0.65625","0.65625"
"870235","0.65625","0.65625","0.65625"
"870238","0.6875","0.6875","0.6875"
"870249","0.8125","0.8125","0.8125"
"870260","0.65625","0.65625","0.65625"
"870292","0.71875","0.71875","0.71875"
"880222","0.96875","0.96875","0.96875"
"880223","0.3125","0.3125","0.3125"
"880236","0.875","0.875","0.875"
"880256","0.75","0.75","0.75"
"880283","0.84375","0.84375","0.84375"
"890259","0.6875","0.6875","0.6875"
"890270","0.625","0.625","0.625"
"890275","0.90625","0.90625","0.90625"
"890299","0.8125","0.8125","0.8125"
"890303","0.8125","0.8125","0.8125"
"900222","0.71875","0.71875","0.71875"
"900236","0.8125","0.8125","0.8125"
"900313","0.625","0.625","0.625"
"900351","0.6875","0.6875","0.6875"
"900359","0.8125","0.8125","0.8125"
"910226","0.78125","0.78125","0.78125"
"910231","0.875","0.875","0.875"
"910234","0.96875","0.96875","0.96875"
"910255","0.65625","0.65625","0.65625"
"910257","0.8125","0.8125","0.8125"
"920224","0.71875","0.71875","0.71875"
"920240","0.65625","0.65625","0.65625"
"920256","0.8125","0.8125","0.8125"
"920283","0.71875","0.71875","0.71875"
"920306","0.625","0.625","0.625"
"930235","0.78125","0.78125","0.78125"
"930243","0.9375","0.9375","0.9375"
"930259","0.75","0.75","0.75"
"930263","0.84375","0.84375","0.84375"
"930280","0.84375","0.84375","0.84375"
"940220","0.8125","0.8125","0.8125"
"940225","0.53125","0.53125","0.53125"
"940227","0.84375","0.84375","0.84375"
"940268","0.40625","0.40625","0.40625"
"940368","0.8125","0.8125","0.8125"
"950228","0.8125","0.8125","0.8125"
"950236","0.9375","0.9375","0.9375"
"950241","0.78125","0.78125","0.78125"
"950246","0.8125","0.8125","0.8125"
"950271","0.875","0.875","0.875"
"960224","0.90625","0.90625","0.90625"
"960230","0.875","0.875","0.875"
"960242","0.90625","0.90625","0.90625"
"960254","0.6875","0.6875","0.6875"
"960350","0.78125","0.78125","0.78125"
"970220","0.78125","0.78125","0.78125"
"970228","0.78125","0.78125","0.78125"
"970248","0.8125","0.8125","0.8125"
"970249","0.9375","0.9375","0.9375"
"970320","0.9375","0.9375","0.9375"
"980220","0.71875","0.71875","0.71875"
"980224","0.84375","0.84375","0.84375"
"980230","0.75","0.75","0.75"
"980254","0.65625","0.65625","0.65625"
"980272","0.78125","0.78125","0.78125"
"990247","0.71875","0.71875","0.71875"
"990256","0.625","0.625","0.625"
"990260","0.875","0.875","0.875"
"990269","0.84375","0.84375","0.84375"
"990271","0.6875","0.6875","0.6875"
"1000224","0.84375","0.84375","0.84375"
"1000252","0.765625","0.75","0.78125"
"1000267","0.84375","0.84375","0.84375"
"1000275","0.8125","0.8125","0.8125"
"1010220","0.78125","0.78125","0.78125"
"1010242","0.8125","0.8125","0.8125"
"1010244","0.96875","0.96875","0.96875"
"1010359","0.875","0.875","0.875"
"1010381","0.8125","0.8125","0.8125"
"1020225","0.75","0.75","0.75"
"1020229","0.71875","0.71875","0.71875"
"1020255","0.875","0.875","0.875"
"1020261","0.75","0.75","0.75"
"1020293","0.9375","0.9375","0.9375"
"1030220","0.78125","0.78125","0.78125"
"1030221","0.78125","0.78125","0.78125"
"1030231","0.75","0.75","0.75"
"1030233","0.59375","0.59375","0.59375"
"1030324","0.875","0.875","0.875"
"1040260","0.53125","0.53125","0.53125"
"1040263","0.8125","0.8125","0.8125"
"1040265","0.6875","0.6875","0.6875"
"1040273","0.6875","0.6875","0.6875"
"1040387","0.875","0.875","0.875"
"1050230","0.75","0.75","0.75"
"1050248","0.875","0.875","0.875"
"1050267","0.84375","0.84375","0.84375"
"1050269","0.8125","0.8125","0.8125"
"1050278","0.6875","0.6875","0.6875"
"1060256","0.8125","0.8125","0.8125"
"1060262","0.90625","0.90625","0.90625"
"1060266","0.796875","0.75","0.84375"
"1060311","0.84375","0.84375","0.84375"
"1070255","0.78125","0.78125","0.78125"
"1070269","0.65625","0.65625","0.65625"
"1070278","0.90625","0.90625","0.90625"
"1070279","0.75","0.75","0.75"
"1070368","0.78125","0.78125","0.78125"
"1080223","0.875","0.875","0.875"
"1080236","0.84375","0.84375","0.84375"
"1080248","0.84375","0.84375","0.84375"
"1080249","0.6875","0.6875","0.6875"
"1080250","0.78125","0.78125","0.78125"
"1090229","0.75","0.75","0.75"
"1090231","0.8125","0.8125","0.8125"
"1090256","0.84375","0.84375","0.84375"
"1090263","0.875","0.875","0.875"
"1090287","0.875","0.875","0.875"
"1100239","0.875","0.8125","0.9375"
"1100242","0.875","0.875","0.875"
"1100253","0.90625","0.90625","0.90625"
"1100335","0.90625","0.90625","0.90625"
"1110230","0.375","0.375","0.375"
"1110251","0.90625","0.90625","0.90625"
"1110277","0.71875","0.71875","0.71875"
"1110299","0.78125","0.78125","0.78125"
"1110370","0.875","0.875","0.875"
"1120222","0.65625","0.65625","0.65625"
"1120226","0.8125","0.8125","0.8125"
"1120227","0.8125","0.8125","0.8125"
"1120270","0.90625","0.90625","0.90625"
"1120371","0.84375","0.84375","0.84375"
"1130253","0.90625","0.90625","0.90625"
"1130259","0.78125","0.78125","0.78125"
"1130271","0.78125","0.78125","0.78125"
"1130281","0.84375","0.84375","0.84375"
"1130340","0.8125","0.8125","0.8125"
"1140224","0.75","0.75","0.75"
"1140229","0.875","0.875","0.875"
"1140236","0.875","0.875","0.875"
"1140245","0.8125","0.8125","0.8125"
"1140247","0.78125","0.78125","0.78125"
"1150222","0.78125","0.78125","0.78125"
"1150239","0.84375","0.84375","0.84375"
"1150249","0.875","0.875","0.875"
"1150269","0.6875","0.6875","0.6875"
"1150271","0.6875","0.6875","0.6875"
"1160226","0.90625","0.90625","0.90625"
"1160269","0.90625","0.90625","0.90625"
"1160283","0.8125","0.8125","0.8125"
"1160338","0.5625","0.5625","0.5625"
"1160359","0","0","0"
"1170249","0.90625","0.90625","0.90625"
"1170251","0.78125","0.78125","0.78125"
"1170253","0.375","0.375","0.375"
"1170284","0.71875","0.71875","0.71875"
"1170349","0.75","0.75","0.75"
"1180227","0.71875","0.71875","0.71875"
"1180233","0.8125","0.8125","0.8125"
"1180247","0.75","0.75","0.75"
"1180248","0.65625","0.65625","0.65625"
"1180280","0.4375","0.4375","0.4375"
"1190224","0.9375","0.9375","0.9375"
"1190229","0.8125","0.8125","0.8125"
"1190232","0.75","0.75","0.75"
"1190258","0.9375","0.9375","0.9375"
"1190293","0.875","0.875","0.875"
"1200222","0.53125","0.53125","0.53125"
"1200230","0.78125","0.78125","0.78125"
"1200237","0.8125","0.8125","0.8125"
"1200250","0.75","0.75","0.75"
"1200393","0.875","0.875","0.875"
"1210228","0.9375","0.9375","0.9375"
"1210244","0.875","0.875","0.875"
"1210248","0.875","0.875","0.875"
"1210259","0.75","0.75","0.75"
"1210272","0.90625","0.90625","0.90625"
"1220224","0.8125","0.8125","0.8125"
"1220230","0.9375","0.9375","0.9375"
"1220255","0.78125","0.78125","0.78125"
"1220283","0.71875","0.71875","0.71875"
"1220383","0.875","0.875","0.875"
"1230242","1","1","1"
"1230244","0.78125","0.78125","0.78125"
"1230247","0.78125","0.78125","0.78125"
"1230264","0.875","0.875","0.875"
"1230272","0.6875","0.6875","0.6875"
"1240230","0.84375","0.84375","0.84375"
"1240240","0.90625","0.90625","0.90625"
"1240271","0.84375","0.84375","0.84375"
"1240356","0.890625","0.84375","0.9375"
"1250230","0.75","0.75","0.75"
"1250231","0.8125","0.8125","0.8125"
"1250233","0.9375","0.9375","0.9375"
"1250242","0.875","0.875","0.875"
"1250250","0.46875","0.46875","0.46875"
"1260240","0.84375","0.78125","0.90625"
"1260255","0.875","0.875","0.875"
"1260278","0.8125","0.8125","0.8125"
"1260367","0.875","0.875","0.875"
"1270240","0.875","0.875","0.875"
"1270242","0.84375","0.84375","0.84375"
"1270245","0.875","0.875","0.875"
"1270248","0.90625","0.90625","0.90625"
"1270253","0.90625","0.90625","0.90625"
"1280225","0.875","0.875","0.875"
"1280233","0.78125","0.78125","0.78125"
"1280247","0.9375","0.9375","0.9375"
"1280249","0.96875","0.96875","0.96875"
"1280259","0.875","0.875","0.875"
"1290220","0.9375","0.9375","0.9375"
"1290233","0.90625","0.90625","0.90625"
"1290235","0.9375","0.9375","0.9375"
"1290252","0.65625","0.65625","0.65625"
"1290375","0.90625","0.90625","0.90625"
"1300226","0.875","0.875","0.875"
"1300231","0.84375","0.84375","0.84375"
"1300239","0.6875","0.6875","0.6875"
"1300246","0.78125","0.78125","0.78125"
"1300262","0.8125","0.8125","0.8125"
"1310225","0.78125","0.78125","0.78125"
"1310255","0.75","0.75","0.75"
"1310293","0.96875","0.96875","0.96875"
"1310322","0.78125","0.78125","0.78125"
"1310365","0.875","0.875","0.875"
"1320238","0.65625","0.65625","0.65625"
"1320247","0.78125","0.78125","0.78125"
"1320252","0.75","0.75","0.75"
"1320253","0.53125","0.53125","0.53125"
"1320273","0.71875","0.71875","0.71875"
"1330252","0.8125","0.8125","0.8125"
"1330254","0.8125","0.8125","0.8125"
"1330258","0.875","0.875","0.875"
"1330263","0.90625","0.90625","0.90625"
"1330284","0.875","0.875","0.875"
"1340221","0.84375","0.84375","0.84375"
"1340224","0.71875","0.71875","0.71875"
"1340268","0.84375","0.84375","0.84375"
"1340272","0.9375","0.9375","0.9375"
"1340274","0.875","0.875","0.875"
"1350222","0.84375","0.84375","0.84375"
"1350240","0.96875","0.96875","0.96875"
"1350247","0.40625","0.40625","0.40625"
"1350249","0.75","0.75","0.75"
"1350264","0.90625","0.90625","0.90625"
"1360226","0.53125","0.53125","0.53125"
"1360233","0.8125","0.8125","0.8125"
"1360247","0.75","0.75","0.75"
"1360274","0.96875","0.96875","0.96875"
"1360347","0.8125","0.8125","0.8125"
"1370222","0.9375","0.9375","0.9375"
"1370255","0.875","0.875","0.875"
"1370267","0.84375","0.84375","0.84375"
"1370271","0.5","0.5","0.5"
"1370297","1","1","1"
"1380243","0.84375","0.84375","0.84375"
"1380250","0.59375","0.59375","0.59375"
"1380265","0.84375","0.84375","0.84375"
"1380276","0.90625","0.90625","0.90625"
"1380277","0.75","0.75","0.75"
"1390224","0.828125","0.8125","0.84375"
"1390254","0.59375","0.59375","0.59375"
"1390263","0.78125","0.78125","0.78125"
"1390269","0.75","0.75","0.75"
"1400221","0.8125","0.8125","0.8125"
"1400232","0.78125","0.78125","0.78125"
"1400244","0.84375","0.84375","0.84375"
"1400267","0.9375","0.9375","0.9375"
"1400364","0.9375","0.9375","0.9375"
"1410235","0.96875","0.96875","0.96875"
"1410244","0.78125","0.78125","0.78125"
"1410255","0.84375","0.84375","0.84375"
"1410263","0.875","0.875","0.875"
"1420228","0.9375","0.9375","0.9375"
"1420245","0.875","0.875","0.875"
"1420251","1","1","1"
"1420255","0.78125","0.78125","0.78125"
"1420344","0.875","0.875","0.875"
"1430223","0.96875","0.96875","0.96875"
"1430232","0.875","0.875","0.875"
"1430254","0.78125","0.78125","0.78125"
"1430262","0.875","0.875","0.875"
"1430369","0.5625","0.5625","0.5625"
"1440224","0.96875","0.96875","0.96875"
"1440229","0.875","0.875","0.875"
"1440241","1","1","1"
"1440245","0.84375","0.84375","0.84375"
"1440265","0.6875","0.6875","0.6875"
"1450241","0.875","0.875","0.875"
"1450247","0.8125","0.8125","0.8125"
"1450256","0.84375","0.84375","0.84375"
"1450258","0.875","0.875","0.875"
"1450262","0.9375","0.9375","0.9375"
"1460229","0.90625","0.90625","0.90625"
"1460244","0.65625","0.65625","0.65625"
"1460248","0.71875","0.71875","0.71875"
"1460279","0.90625","0.90625","0.90625"
"1460354","0.875","0.875","0.875"
"1470232","0.84375","0.84375","0.84375"
"1470241","0.8125","0.8125","0.8125"
"1470252","0.78125","0.78125","0.78125"
"1470258","0.6875","0.6875","0.6875"
"1470271","0.8125","0.8125","0.8125"
"1480220","0.90625","0.90625","0.90625"
"1480226","0.84375","0.84375","0.84375"
"1480230","0.78125","0.78125","0.78125"
"1480233","0.875","0.875","0.875"
"1480273","0.90625","0.90625","0.90625"
"1490221","0.78125","0.78125","0.78125"
"1490226","0.84375","0.84375","0.84375"
"1490249","0.84375","0.84375","0.84375"
"1490256","0.84375","0.84375","0.84375"
"1490275","0.9375","0.9375","0.9375"
"1500238","0.875","0.875","0.875"
"1500253","0.90625","0.90625","0.90625"
"1500261","0.78125","0.78125","0.78125"
"1500276","0.8125","0.8125","0.8125"
"1500298","0.9375","0.9375","0.9375"
"1510225","0.96875","0.96875","0.96875"
"1510226","0.875","0.875","0.875"
"1510232","0.9375","0.9375","0.9375"
"1510256","0.78125","0.78125","0.78125"
"1510270","0.78125","0.78125","0.78125"
"1520227","0.96875","0.96875","0.96875"
"1520240","0.890625","0.875","0.90625"
"1520252","0.8125","0.8125","0.8125"
"1520262","0.9375","0.9375","0.9375"
"1530224","0.90625","0.90625","0.90625"
"1530244","0.6875","0.6875","0.6875"
"1530263","0.90625","0.90625","0.90625"
"1530267","0.90625","0.90625","0.90625"
"1530388","0.84375","0.84375","0.84375"
"1540242","0.90625","0.90625","0.90625"
"1540247","0.84375","0.84375","0.84375"
"1540256","0.875","0.875","0.875"
"1540266","0.78125","0.78125","0.78125"
"1540273","0.65625","0.65625","0.65625"
"1550221","0.875","0.875","0.875"
"1550224","0.875","0.875","0.875"
"1550235","0.90625","0.90625","0.90625"
"1550245","0.96875","0.96875","0.96875"
"1550280","0.71875","0.71875","0.71875"
"1560241","0.90625","0.90625","0.90625"
"1560244","0.78125","0.78125","0.78125"
"1560256","0.875","0.875","0.875"
"1560266","0.96875","0.96875","0.96875"
"1560362","0.78125","0.78125","0.78125"
"1570230","0.8125","0.8125","0.8125"
"1570252","0.90625","0.90625","0.90625"
"1570253","0.84375","0.84375","0.84375"
"1570276","0.875","0.875","0.875"
"1570321","0.90625","0.90625","0.90625"
"1580236","0.96875","0.96875","0.96875"
"1580240","0.90625","0.90625","0.90625"
"1580242","0.71875","0.71875","0.71875"
"1580252","0.9375","0.9375","0.9375"
"1580268","0.84375","0.84375","0.84375"
"1590246","0.9375","0.9375","0.9375"
"1590256","0.8125","0.8125","0.8125"
"1590277","0.9375","0.9375","0.9375"
"1590356","0.828125","0.78125","0.875"
"1600246","0.90625","0.90625","0.90625"
"1600257","0.78125","0.78125","0.78125"
"1600261","0.796875","0.71875","0.875"
"1600275","0.875","0.875","0.875"
"1610245","0.8125","0.8125","0.8125"
"1610251","0.9375","0.9375","0.9375"
"1610252","0.875","0.875","0.875"
"1610253","0.71875","0.71875","0.71875"
"1610395","0.84375","0.84375","0.84375"
"1620223","0.90625","0.90625","0.90625"
"1620240","0.9375","0.9375","0.9375"
"1620242","0.90625","0.90625","0.90625"
"1620245","0.78125","0.78125","0.78125"
"1620261","0.9375","0.9375","0.9375"
"1630244","0.90625","0.90625","0.90625"
"1630252","0.8125","0.8125","0.8125"
"1630282","0.84375","0.84375","0.84375"
"1630284","0.875","0.875","0.875"
"1630387","0.96875","0.96875","0.96875"
"1640234","0.8125","0.8125","0.8125"
"1640235","0.875","0.875","0.875"
"1640261","0.8125","0.8125","0.8125"
"1640264","0.90625","0.90625","0.90625"
"1640296","0.8125","0.8125","0.8125"
"1650239","0.78125","0.78125","0.78125"
"1650244","0.921875","0.90625","0.9375"
"1650266","0.90625","0.90625","0.90625"
"1650395","0.75","0.75","0.75"
"1660243","0.90625","0.90625","0.90625"
"1660256","0.875","0.875","0.875"
"1660261","0.90625","0.90625","0.90625"
"1660265","0.96875","0.96875","0.96875"
"1660343","0.90625","0.90625","0.90625"
"1670243","0.75","0.75","0.75"
"1670252","0.71875","0.71875","0.71875"
"1670257","0.875","0.875","0.875"
"1670271","0.75","0.75","0.75"
"1670374","0.96875","0.96875","0.96875"
"1680239","0.9375","0.9375","0.9375"
"1680241","0.875","0.8125","0.9375"
"1680251","0.84375","0.84375","0.84375"
"1680260","0.75","0.75","0.75"
"1690221","0.75","0.71875","0.78125"
"1690225","0.78125","0.78125","0.78125"
"1690233","0.90625","0.90625","0.90625"
"1690307","0.78125","0.78125","0.78125"
"1700220","0.8125","0.8125","0.8125"
"1700227","0.8125","0.8125","0.8125"
"1700230","0.8125","0.8125","0.8125"
"1700257","0.875","0.875","0.875"
"1700399","0.75","0.75","0.75"
"1710234","0.84375","0.84375","0.84375"
"1710240","0.78125","0.78125","0.78125"
"1710259","0.875","0.875","0.875"
"1710265","0.96875","0.96875","0.96875"
"1710326","0.71875","0.71875","0.71875"
"1720224","0.90625","0.90625","0.90625"
"1720231","0.71875","0.71875","0.71875"
"1720246","0.78125","0.78125","0.78125"
"1720263","0.90625","0.90625","0.90625"
"1720369","1","1","1"
"1730234","0.875","0.875","0.875"
"1730244","0.78125","0.78125","0.78125"
"1730267","0.84375","0.84375","0.84375"
"1730274","0.78125","0.78125","0.78125"
"1730322","0.84375","0.84375","0.84375"
"1740220","0.9375","0.9375","0.9375"
"1740241","0.90625","0.90625","0.90625"
"1740260","0.875","0.875","0.875"
"1740262","0.9375","0.9375","0.9375"
"1740264","0.8125","0.8125","0.8125"
"1750238","0.90625","0.90625","0.90625"
"1750240","0.875","0.875","0.875"
"1750258","0.71875","0.71875","0.71875"
"1750264","0.859375","0.78125","0.9375"
"1760222","0.78125","0.78125","0.78125"
"1760234","0.65625","0.65625","0.65625"
"1760241","0.875","0.875","0.875"
"1760258","0.71875","0.71875","0.71875"
"1760340","0.9375","0.9375","0.9375"
"1770239","0.53125","0.53125","0.53125"
"1770262","0.71875","0.71875","0.71875"
"1770263","0.8125","0.8125","0.8125"
"1770266","0.9375","0.9375","0.9375"
"1770384","0.8125","0.8125","0.8125"
"1780226","0.78125","0.78125","0.78125"
"1780230","0.875","0.875","0.875"
"1780255","0.75","0.75","0.75"
"1780261","0.84375","0.84375","0.84375"
"1780370","0.53125","0.53125","0.53125"
"1790234","0.78125","0.78125","0.78125"
"1790255","0.90625","0.90625","0.90625"
"1790257","0.75","0.75","0.75"
"1790260","0.8125","0.8125","0.8125"
"1790290","0.875","0.875","0.875"
"1800239","0.78125","0.78125","0.78125"
"1800254","0.75","0.75","0.75"
"1800267","0.5625","0.5625","0.5625"
"1800269","0.90625","0.90625","0.90625"
"1800313","0.875","0.875","0.875"
"1810224","0.8125","0.8125","0.8125"
"1810239","0.8125","0.8125","0.8125"
"1810247","0.875","0.875","0.875"
"1810262","0.875","0.875","0.875"
"1810270","0.78125","0.78125","0.78125"
"1820221","0.5625","0.5625","0.5625"
"1820225","0.875","0.875","0.875"
"1820257","0.78125","0.78125","0.78125"
"1820262","0.90625","0.90625","0.90625"
"1820377","1","1","1"
"1830228","0.5625","0.5625","0.5625"
"1830233","0.5625","0.5625","0.5625"
"1830234","0.9375","0.9375","0.9375"
"1830242","0.875","0.875","0.875"
"1830247","0.8125","0.8125","0.8125"
"1840232","0.6875","0.6875","0.6875"
"1840241","0.8125","0.8125","0.8125"
"1840250","0.65625","0.65625","0.65625"
"1840252","0.875","0.875","0.875"
"1840267","0.8125","0.8125","0.8125"
"1850228","0.84375","0.84375","0.84375"
"1850240","0.53125","0.53125","0.53125"
"1850244","0.84375","0.84375","0.84375"
"1850247","0.78125","0.78125","0.78125"
"1850249","0.90625","0.90625","0.90625"
"1860225","0.78125","0.78125","0.78125"
"1860238","0.65625","0.65625","0.65625"
"1860255","0.75","0.75","0.75"
"1860258","0.96875","0.96875","0.96875"
"1860326","0.875","0.875","0.875"
"1870226","0.96875","0.96875","0.96875"
"1870229","0.84375","0.84375","0.84375"
"1870249","0.90625","0.90625","0.90625"
"1870250","0.8125","0.8125","0.8125"
"1870275","0.84375","0.84375","0.84375"
"1880222","0.90625","0.90625","0.90625"
"1880236","0.875","0.875","0.875"
"1880247","0.9375","0.9375","0.9375"
"1880271","0.84375","0.84375","0.84375"
"1880391","0.9375","0.9375","0.9375"
"1890244","0.84375","0.84375","0.84375"
"1890249","0.75","0.75","0.75"
"1890252","0.875","0.875","0.875"
"1890263","0.875","0.875","0.875"
"1890285","1","1","1"
"1900224","0.90625","0.90625","0.90625"
"1900238","0.90625","0.90625","0.90625"
"1900271","0.84375","0.84375","0.84375"
"1900299","0.84375","0.84375","0.84375"
"1900358","0.9375","0.9375","0.9375"
"1910225","0.875","0.875","0.875"
"1910226","0.9375","0.9375","0.9375"
"1910243","0.96875","0.96875","0.96875"
"1910254","0.96875","0.96875","0.96875"
"1910262","0.84375","0.84375","0.84375"
"1920223","0.78125","0.78125","0.78125"
"1920231","0.9375","0.9375","0.9375"
"1920251","0.9375","0.9375","0.9375"
"1920253","0.9375","0.9375","0.9375"
"1920289","0.96875","0.96875","0.96875"
"1930239","0.90625","0.90625","0.90625"
"1930255","0.96875","0.96875","0.96875"
"1930262","0.6875","0.6875","0.6875"
"1930265","0.9375","0.9375","0.9375"
"1930274","0.96875","0.96875","0.96875"
"1940221","1","1","1"
"1940238","0.78125","0.78125","0.78125"
"1940249","0.9375","0.9375","0.9375"
"1940254","0.90625","0.90625","0.90625"
"1940374","0.78125","0.78125","0.78125"
"1950231","0.84375","0.84375","0.84375"
"1950238","0.6875","0.6875","0.6875"
"1950239","0.90625","0.90625","0.90625"
"1950258","0.625","0.625","0.625"
"1950261","0.8125","0.8125","0.8125"
"1960238","0.78125","0.78125","0.78125"
"1960242","0.625","0.625","0.625"
"1960249","0.90625","0.90625","0.90625"
"1960265","0.96875","0.96875","0.96875"
"1960274","0.9375","0.9375","0.9375"
"1970223","0.90625","0.90625","0.90625"
"1970229","0.96875","0.96875","0.96875"
"1970237","0.875","0.875","0.875"
"1970247","0.90625","0.90625","0.90625"
"1970263","0.75","0.75","0.75"
"1980227","0.75","0.75","0.75"
"1980228","0.65625","0.65625","0.65625"
"1980259","0.9375","0.9375","0.9375"
"1980264","0.9375","0.9375","0.9375"
"1980392","0.9375","0.9375","0.9375"
"1990234","0.859375","0.84375","0.875"
"1990247","0.78125","0.78125","0.78125"
"1990255","0.78125","0.78125","0.78125"
"1990361","0.9375","0.9375","0.9375"
"2000234","0.71875","0.71875","0.71875"
"2000249","0.90625","0.90625","0.90625"
"2000252","0.84375","0.84375","0.84375"
"2000256","0.96875","0.96875","0.96875"
"2000269","0.875","0.875","0.875"