"Step","Group: MMM2_ACORM_WM - win_rate","Group: MMM2_ACORM_WM - win_rate__MIN","Group: MMM2_ACORM_WM - win_rate__MAX"
"0","0","0","0"
"10228","0","0","0"
"10231","0","0","0"
"10232","0","0","0"
"10233","0","0","0"
"10242","0","0","0"
"20223","0","0","0"
"20228","0","0","0"
"20235","0","0","0"
"20243","0","0","0"
"20249","0","0","0"
"30222","0","0","0"
"30227","0","0","0"
"30235","0","0","0"
"30237","0","0","0"
"30242","0","0","0"
"40221","0","0","0"
"40223","0","0","0"
"40235","0","0","0"
"40246","0","0","0"
"50225","0","0","0"
"50235","0","0","0"
"50242","0","0","0"
"50243","0","0","0"
"60221","0","0","0"
"60229","0","0","0"
"60239","0","0","0"
"60240","0","0","0"
"70225","0","0","0"
"70226","0","0","0"
"70231","0","0","0"
"70237","0","0","0"
"70238","0","0","0"
"80225","0","0","0"
"80234","0","0","0"
"80236","0","0","0"
"80241","0","0","0"
"80249","0","0","0"
"90222","0","0","0"
"90236","0","0","0"
"90237","0","0","0"
"90238","0","0","0"
"90248","0","0","0"
"100221","0","0","0"
"100225","0","0","0"
"100231","0","0","0"
"100235","0","0","0"
"100240","0","0","0"
"110228","0","0","0"
"110237","0","0","0"
"110240","0","0","0"
"110243","0","0","0"
"110248","0","0","0"
"120227","0","0","0"
"120230","0","0","0"
"120231","0","0","0"
"120239","0","0","0"
"120245","0","0","0"
"130225","0","0","0"
"130226","0","0","0"
"130228","0","0","0"
"130236","0","0","0"
"130238","0","0","0"
"140223","0","0","0"
"140224","0","0","0"
"140228","0","0","0"
"140232","0","0","0"
"140248","0.03125","0.03125","0.03125"
"150220","0","0","0"
"150223","0","0","0"
"150230","0","0","0"
"150231","0","0","0"
"150237","0","0","0"
"160220","0","0","0"
"160232","0","0","0"
"160237","0","0","0"
"160240","0","0","0"
"170220","0","0","0"
"170223","0","0","0"
"170227","0","0","0"
"170236","0","0","0"
"170245","0","0","0"
"180234","0","0","0"
"180236","0","0","0"
"180240","0","0","0"
"190221","0","0","0"
"190229","0","0","0"
"190234","0","0","0"
"190235","0","0","0"
"190238","0","0","0"
"200222","0","0","0"
"200230","0.03125","0.03125","0.03125"
"200234","0","0","0"
"200240","0","0","0"
"200251","0.0625","0.0625","0.0625"
"210223","0","0","0"
"210226","0.09375","0.09375","0.09375"
"210227","0","0","0"
"210249","0.0625","0.0625","0.0625"
"210250","0","0","0"
"220227","0","0","0"
"220248","0","0","0"
"220249","0","0","0"
"220252","0","0","0"
"220264","0.125","0.125","0.125"
"230220","0","0","0"
"230235","0","0","0"
"230236","0.09375","0.09375","0.09375"
"230248","0","0","0"
"230257","0.03125","0.03125","0.03125"
"240220","0","0","0"
"240227","0","0","0"
"240240","0","0","0"
"240248","0","0","0"
"240256","0","0","0"
"250224","0","0","0"
"250240","0","0","0"
"250244","0","0","0"
"250246","0","0","0"
"250250","0.15625","0.15625","0.15625"
"260229","0","0","0"
"260240","0.03125","0.03125","0.03125"
"260246","0.3125","0.3125","0.3125"
"260248","0","0","0"
"260252","0","0","0"
"270222","0.03125","0.03125","0.03125"
"270226","0","0","0"
"270227","0","0","0"
"270231","0.34375","0.34375","0.34375"
"270248","0.0625","0.0625","0.0625"
"280222","0.03125","0.03125","0.03125"
"280238","0.03125","0.03125","0.03125"
"280252","0","0","0"
"280257","0.21875","0.21875","0.21875"
"290225","0.078125","0","0.15625"
"290229","0.03125","0.03125","0.03125"
"290235","0.09375","0.09375","0.09375"
"290365","0.03125","0.03125","0.03125"
"300220","0.03125","0.03125","0.03125"
"300245","0","0","0"
"300256","0.28125","0.28125","0.28125"
"300258","0","0","0"
"300272","0.0625","0.0625","0.0625"
"310242","0.0625","0.0625","0.0625"
"310245","0","0","0"
"310250","0.34375","0.21875","0.46875"
"310254","0.0625","0.0625","0.0625"
"320228","0.03125","0.03125","0.03125"
"320247","0","0","0"
"320252","0","0","0"
"320273","0.15625","0.15625","0.15625"
"330232","0.171875","0.09375","0.25"
"330234","0","0","0"
"330235","0.09375","0.09375","0.09375"
"330251","0.09375","0.09375","0.09375"
"340222","0","0","0"
"340233","0.25","0.25","0.25"
"340235","0.125","0.125","0.125"
"340276","0.03125","0.03125","0.03125"
"340355","0.03125","0.03125","0.03125"
"350233","0.375","0.375","0.375"
"350244","0","0","0"
"350248","0.28125","0.28125","0.28125"
"350254","0.09375","0.09375","0.09375"
"350263","0.125","0.125","0.125"
"360225","0","0","0"
"360228","0.15625","0.15625","0.15625"
"360232","0.3125","0.3125","0.3125"
"360237","0.03125","0.03125","0.03125"
"360250","0.15625","0.15625","0.15625"
"370228","0","0","0"
"370229","0.09375","0.09375","0.09375"
"370247","0.15625","0.15625","0.15625"
"370254","0.125","0.125","0.125"
"370263","0.59375","0.59375","0.59375"
"380227","0.34375","0.34375","0.34375"
"380234","0.125","0.125","0.125"
"380235","0","0","0"
"380252","0.0625","0.0625","0.0625"
"380284","0.53125","0.53125","0.53125"
"390227","0.4375","0.4375","0.4375"
"390228","0.3125","0.3125","0.3125"
"390230","0.1875","0.1875","0.1875"
"390241","0.0625","0.0625","0.0625"
"390268","0.40625","0.40625","0.40625"
"400221","0.15625","0.15625","0.15625"
"400233","0.25","0.25","0.25"
"400236","0.03125","0.03125","0.03125"
"400243","0.5","0.5","0.5"
"400261","0.5","0.5","0.5"
"410224","0.21875","0.21875","0.21875"
"410236","0.125","0.125","0.125"
"410238","0.3125","0.3125","0.3125"
"410261","0.40625","0.40625","0.40625"
"410303","0.03125","0.03125","0.03125"
"420220","0.375","0.375","0.375"
"420227","0.40625","0.40625","0.40625"
"420240","0.21875","0.21875","0.21875"
"420245","0.21875","0.21875","0.21875"
"420251","0.09375","0.09375","0.09375"
"430236","0.53125","0.53125","0.53125"
"430239","0.1875","0.1875","0.1875"
"430242","0.625","0.625","0.625"
"430250","0.46875","0.46875","0.46875"
"430252","0.09375","0.09375","0.09375"
"440221","0.59375","0.59375","0.59375"
"440226","0.1875","0.1875","0.1875"
"440233","0.625","0.625","0.625"
"440249","0.1875","0.1875","0.1875"
"440260","0.75","0.75","0.75"
"450225","0.1875","0.1875","0.1875"
"450229","0.09375","0.09375","0.09375"
"450263","0.5625","0.5625","0.5625"
"450266","0.65625","0.65625","0.65625"
"450272","0.40625","0.40625","0.40625"
"460220","0.25","0.25","0.25"
"460227","0.375","0.375","0.375"
"460229","0.4375","0.4375","0.4375"
"460259","0.03125","0.03125","0.03125"
"460263","0.65625","0.65625","0.65625"
"470222","0.71875","0.71875","0.71875"
"470223","0.65625","0.65625","0.65625"
"470245","0.34375","0.34375","0.34375"
"470253","0.53125","0.53125","0.53125"
"470278","0.15625","0.15625","0.15625"
"480231","0.09375","0.09375","0.09375"
"480237","0.6875","0.6875","0.6875"
"480243","0.46875","0.46875","0.46875"
"480256","0.25","0.25","0.25"
"480261","0.3125","0.3125","0.3125"
"490224","0.78125","0.78125","0.78125"
"490243","0.1875","0.1875","0.1875"
"490244","0.53125","0.53125","0.53125"
"490246","0.3125","0.3125","0.3125"
"490255","0.5","0.5","0.5"
"500222","0.53125","0.53125","0.53125"
"500226","0.28125","0.28125","0.28125"
"500234","0.65625","0.65625","0.65625"
"500235","0.53125","0.53125","0.53125"
"500245","0.5625","0.5625","0.5625"
"510233","0.25","0.25","0.25"
"510234","0.6875","0.6875","0.6875"
"510246","0.28125","0.28125","0.28125"
"510250","0.59375","0.59375","0.59375"
"510253","0.53125","0.53125","0.53125"
"520230","0.71875","0.71875","0.71875"
"520243","0.59375","0.59375","0.59375"
"520244","0.40625","0.40625","0.40625"
"520253","0.53125","0.53125","0.53125"
"520259","0.59375","0.59375","0.59375"
"530224","0.375","0.375","0.375"
"530241","0.65625","0.65625","0.65625"
"530245","0.71875","0.71875","0.71875"
"530263","0.09375","0.09375","0.09375"
"530275","0.78125","0.78125","0.78125"
"540222","0.4375","0.4375","0.4375"
"540242","0.390625","0.34375","0.4375"
"540245","0.71875","0.71875","0.71875"
"540263","0.6875","0.6875","0.6875"
"550226","0.5","0.5","0.5"
"550231","0.640625","0.46875","0.8125"
"550253","0.375","0.375","0.375"
"550267","0.78125","0.78125","0.78125"
"560221","0.84375","0.84375","0.84375"
"560232","0.65625","0.65625","0.65625"
"560247","0.53125","0.53125","0.53125"
"560266","0.28125","0.28125","0.28125"
"560278","0.15625","0.15625","0.15625"
"570222","0.34375","0.34375","0.34375"
"570229","0.78125","0.78125","0.78125"
"570244","0.65625","0.65625","0.65625"
"570251","0.75","0.75","0.75"
"570285","0.59375","0.59375","0.59375"
"580241","0.8125","0.8125","0.8125"
"580243","0.4375","0.4375","0.4375"
"580247","0.40625","0.40625","0.40625"
"580254","0.59375","0.59375","0.59375"
"580299","0.84375","0.84375","0.84375"
"590225","0.65625","0.65625","0.65625"
"590239","0.6875","0.6875","0.6875"
"590256","0.875","0.875","0.875"
"590259","0.6875","0.6875","0.6875"
"590351","0.4375","0.4375","0.4375"
"600223","0.4375","0.4375","0.4375"
"600231","0.40625","0.40625","0.40625"
"600233","0.71875","0.71875","0.71875"
"600236","0.6875","0.6875","0.6875"
"600239","0.71875","0.71875","0.71875"
"610247","0.59375","0.59375","0.59375"
"610252","0.34375","0.34375","0.34375"
"610253","0.78125","0.78125","0.78125"
"610274","0.8125","0.8125","0.8125"
"610310","0.25","0.25","0.25"
"620220","0.75","0.75","0.75"
"620222","0.65625","0.65625","0.65625"
"620238","0.59375","0.59375","0.59375"
"620239","0.84375","0.84375","0.84375"
"620265","0.5625","0.5625","0.5625"
"630243","0.8125","0.8125","0.8125"
"630251","0.78125","0.78125","0.78125"
"630257","0.4375","0.4375","0.4375"
"630263","0.28125","0.28125","0.28125"
"630322","0.5","0.5","0.5"
"640226","0.53125","0.53125","0.53125"
"640227","0.9375","0.9375","0.9375"
"640235","0.84375","0.84375","0.84375"
"640242","0.5625","0.5625","0.5625"
"640263","0.6875","0.6875","0.6875"
"650223","0.65625","0.65625","0.65625"
"650259","0.8125","0.8125","0.8125"
"650262","0.90625","0.90625","0.90625"
"650271","0.6875","0.6875","0.6875"
"650308","0.375","0.375","0.375"
"660225","0.65625","0.65625","0.65625"
"660231","0.46875","0.46875","0.46875"
"660237","0.6875","0.6875","0.6875"
"660261","0.90625","0.90625","0.90625"
"660276","0.6875","0.6875","0.6875"
"670220","0.78125","0.78125","0.78125"
"670240","0.875","0.875","0.875"
"670242","0.6875","0.6875","0.6875"
"670254","0.71875","0.71875","0.71875"
"670261","0.53125","0.53125","0.53125"
"680231","0.84375","0.84375","0.84375"
"680242","0.875","0.875","0.875"
"680245","0.40625","0.40625","0.40625"
"680252","0.5625","0.5625","0.5625"
"680265","0.875","0.875","0.875"
"690245","0.8125","0.8125","0.8125"
"690247","0.8125","0.8125","0.8125"
"690249","0.625","0.625","0.625"
"690254","0.53125","0.53125","0.53125"
"690267","0.90625","0.90625","0.90625"
"700221","0.59375","0.59375","0.59375"
"700226","0.6875","0.6875","0.6875"
"700227","0.9375","0.9375","0.9375"
"700264","0.625","0.625","0.625"
"700265","0.3125","0.3125","0.3125"
"710231","0.90625","0.90625","0.90625"
"710232","0.4375","0.4375","0.4375"
"710246","0.8125","0.8125","0.8125"
"710258","0.9375","0.9375","0.9375"
"710279","0.625","0.625","0.625"
"720233","0.875","0.875","0.875"
"720237","0.375","0.375","0.375"
"720252","0.875","0.875","0.875"
"720263","0.84375","0.84375","0.84375"
"720265","0.6875","0.6875","0.6875"
"730230","0.75","0.75","0.75"
"730231","0.4375","0.4375","0.4375"
"730237","0.90625","0.90625","0.90625"
"730263","0.84375","0.84375","0.84375"
"730391","0.875","0.875","0.875"
"740231","0.84375","0.84375","0.84375"
"740249","0.78125","0.78125","0.78125"
"740264","0.875","0.875","0.875"
"740268","0.59375","0.40625","0.78125"
"750240","0.90625","0.90625","0.90625"
"750244","0.4375","0.4375","0.4375"
"750253","0.90625","0.90625","0.90625"
"750254","0.78125","0.78125","0.78125"
"750265","0.71875","0.71875","0.71875"
"760248","0.46875","0.46875","0.46875"
"760258","0.78125","0.78125","0.78125"
"760260","0.90625","0.90625","0.90625"
"760261","0.75","0.75","0.75"
"760262","0.6875","0.6875","0.6875"
"770243","0.75","0.75","0.75"
"770246","0.71875","0.71875","0.71875"
"770247","0.4375","0.4375","0.4375"
"770257","0.875","0.875","0.875"
"770264","0.8125","0.8125","0.8125"
"780220","0.6875","0.6875","0.6875"
"780232","0.875","0.875","0.875"
"780233","0.71875","0.71875","0.71875"
"780243","0.53125","0.53125","0.53125"
"780256","0.84375","0.84375","0.84375"
"790220","0.625","0.625","0.625"
"790232","0.75","0.75","0.75"
"790256","0.84375","0.84375","0.84375"
"790257","0.78125","0.78125","0.78125"
"790265","0.65625","0.65625","0.65625"
"800236","0.84375","0.84375","0.84375"
"800256","0.6875","0.6875","0.6875"
"800259","0.71875","0.71875","0.71875"
"800261","0.96875","0.96875","0.96875"
"800269","0.40625","0.40625","0.40625"
"810230","0.53125","0.53125","0.53125"
"810232","0.65625","0.65625","0.65625"
"810264","0.796875","0.78125","0.8125"
"810384","0.8125","0.8125","0.8125"
"820222","0.53125","0.53125","0.53125"
"820244","0.78125","0.78125","0.78125"
"820250","0.8125","0.8125","0.8125"
"820264","0.75","0.75","0.75"
"820276","0.75","0.75","0.75"
"830228","0.84375","0.84375","0.84375"
"830233","0.875","0.875","0.875"
"830251","0.78125","0.78125","0.78125"
"830254","0.78125","0.78125","0.78125"
"830264","0.40625","0.40625","0.40625"
"840226","0.46875","0.46875","0.46875"
"840233","0.96875","0.96875","0.96875"
"840241","0.9375","0.9375","0.9375"
"840255","0.5625","0.5625","0.5625"
"840288","0.90625","0.90625","0.90625"
"850230","0.75","0.75","0.75"
"850238","0.6875","0.6875","0.6875"
"850239","0.90625","0.90625","0.90625"
"850252","0.75","0.75","0.75"
"850256","0.5625","0.5625","0.5625"
"860235","0.90625","0.90625","0.90625"
"860236","0.40625","0.40625","0.40625"
"860251","0.8125","0.8125","0.8125"
"860264","0.78125","0.75","0.8125"
"870247","0.4375","0.4375","0.4375"
"870251","0.65625","0.65625","0.65625"
"870255","0.78125","0.78125","0.78125"
"870258","0.90625","0.90625","0.90625"
"870262","0.875","0.875","0.875"
"880225","0.8125","0.8125","0.8125"
"880226","0.90625","0.90625","0.90625"
"880230","0.5","0.5","0.5"
"880239","0.9375","0.9375","0.9375"
"880274","0.625","0.625","0.625"
"890237","0.75","0.75","0.75"
"890250","0.5","0.5","0.5"
"890254","0.78125","0.78125","0.78125"
"890261","0.90625","0.90625","0.90625"
"890272","0.875","0.875","0.875"
"900228","0.84375","0.84375","0.84375"
"900237","0.6875","0.6875","0.6875"
"900255","0.6875","0.6875","0.6875"
"900256","0.9375","0.9375","0.9375"
"900265","0.59375","0.59375","0.59375"
"910221","0.96875","0.96875","0.96875"
"910233","0.6875","0.6875","0.6875"
"910238","0.78125","0.78125","0.78125"
"910239","0.5","0.5","0.5"
"910248","0.71875","0.71875","0.71875"
"920221","0.65625","0.65625","0.65625"
"920230","0.46875","0.46875","0.46875"
"920252","0.9375","0.9375","0.9375"
"920270","0.90625","0.90625","0.90625"
"920274","0.625","0.625","0.625"
"930231","0.875","0.875","0.875"
"930237","0.75","0.59375","0.90625"
"930247","0.4375","0.4375","0.4375"
"930249","0.875","0.875","0.875"
"940222","0.84375","0.84375","0.84375"
"940224","0.46875","0.46875","0.46875"
"940228","0.96875","0.96875","0.96875"
"940240","0.8125","0.8125","0.8125"
"940246","0.75","0.75","0.75"
"950232","0.8125","0.8125","0.8125"
"950236","0.6875","0.6875","0.6875"
"950255","0.8125","0.8125","0.8125"
"950257","0.875","0.875","0.875"
"950268","0.5625","0.5625","0.5625"
"960223","0.71875","0.71875","0.71875"
"960226","0.34375","0.34375","0.34375"
"960235","0.875","0.875","0.875"
"960243","0.53125","0.53125","0.53125"
"960251","0.875","0.875","0.875"
"970226","0.84375","0.84375","0.84375"
"970234","0.84375","0.84375","0.84375"
"970260","0.671875","0.5625","0.78125"
"970277","0.875","0.875","0.875"
"980232","0.90625","0.90625","0.90625"
"980233","0.9375","0.9375","0.9375"
"980252","0.71875","0.71875","0.71875"
"980274","0.84375","0.84375","0.84375"
"980283","0.28125","0.28125","0.28125"
"990221","0.5","0.5","0.5"
"990234","0.6875","0.6875","0.6875"
"990249","0.84375","0.84375","0.84375"
"990269","0.875","0.875","0.875"
"990289","0.71875","0.71875","0.71875"
"1000223","0.90625","0.90625","0.90625"
"1000235","0.84375","0.84375","0.84375"
"1000237","0.625","0.625","0.625"
"1000246","0.84375","0.84375","0.84375"
"1000250","0.78125","0.78125","0.78125"
"1010220","0.84375","0.84375","0.84375"
"1010224","0.90625","0.90625","0.90625"
"1010257","0.5625","0.5625","0.5625"
"1010265","0.9375","0.9375","0.9375"
"1010269","0.53125","0.53125","0.53125"
"1020223","0.5625","0.5625","0.5625"
"1020246","0.859375","0.84375","0.875"
"1020248","0.84375","0.84375","0.84375"
"1020252","0.625","0.625","0.625"
"1030221","0.8125","0.8125","0.8125"
"1030226","0.8125","0.8125","0.8125"
"1030229","0.53125","0.53125","0.53125"
"1030254","0.90625","0.90625","0.90625"
"1030271","0.90625","0.90625","0.90625"
"1040231","0.96875","0.96875","0.96875"
"1040232","0.8125","0.8125","0.8125"
"1040258","0.71875","0.71875","0.71875"
"1040269","0.9375","0.9375","0.9375"
"1040275","0.46875","0.46875","0.46875"
"1050228","0.8125","0.8125","0.8125"
"1050235","0.875","0.875","0.875"
"1050254","0.90625","0.90625","0.90625"
"1050274","0.8125","0.8125","0.8125"
"1050387","0.5","0.5","0.5"
"1060232","0.875","0.875","0.875"
"1060241","0.8125","0.8125","0.8125"
"1060244","0.78125","0.78125","0.78125"
"1060247","0.625","0.625","0.625"
"1060269","0.5","0.5","0.5"
"1070222","0.59375","0.59375","0.59375"
"1070224","0.90625","0.90625","0.90625"
"1070225","0.78125","0.78125","0.78125"
"1070252","0.6875","0.6875","0.6875"
"1070268","0.8125","0.8125","0.8125"
"1080228","0.84375","0.84375","0.84375"
"1080260","0.40625","0.40625","0.40625"
"1080265","0.46875","0.46875","0.46875"
"1080269","0.78125","0.78125","0.78125"
"1080275","0.875","0.875","0.875"
"1090241","0.90625","0.90625","0.90625"
"1090250","0.78125","0.78125","0.78125"
"1090263","0.53125","0.53125","0.53125"
"1090268","0.8125","0.8125","0.8125"
"1090278","0.875","0.875","0.875"
"1100239","0.90625","0.90625","0.90625"
"1100242","0.5","0.5","0.5"
"1100263","0.78125","0.78125","0.78125"
"1100281","0.78125","0.78125","0.78125"
"1100283","0.59375","0.59375","0.59375"
"1110223","0.71875","0.71875","0.71875"
"1110229","0.71875","0.71875","0.71875"
"1110245","0.9375","0.9375","0.9375"
"1110249","0.8125","0.8125","0.8125"
"1110257","0.40625","0.40625","0.40625"
"1120220","0.90625","0.90625","0.90625"
"1120226","0.6875","0.6875","0.6875"
"1120234","0.90625","0.90625","0.90625"
"1120236","0.71875","0.71875","0.71875"
"1120252","0.5","0.5","0.5"
"1130225","0.90625","0.90625","0.90625"
"1130229","0.9375","0.9375","0.9375"
"1130239","0.6875","0.6875","0.6875"
"1130253","0.78125","0.78125","0.78125"
"1130270","0.8125","0.8125","0.8125"
"1140221","0.90625","0.90625","0.90625"
"1140231","0.78125","0.78125","0.78125"
"1140240","0.75","0.75","0.75"
"1140249","0.75","0.75","0.75"
"1140275","0.8125","0.8125","0.8125"
"1150222","0.8125","0.8125","0.8125"
"1150228","0.90625","0.90625","0.90625"
"1150235","0.46875","0.46875","0.46875"
"1150259","0.875","0.875","0.875"
"1150269","0.90625","0.90625","0.90625"
"1160221","0.71875","0.71875","0.71875"
"1160224","0.59375","0.59375","0.59375"
"1160230","0.75","0.75","0.75"
"1160237","0.875","0.875","0.875"
"1160240","0.9375","0.9375","0.9375"
"1170226","0.90625","0.90625","0.90625"
"1170231","0.6875","0.6875","0.6875"
"1170262","0.90625","0.90625","0.90625"
"1170265","0.75","0.75","0.75"
"1170273","0.84375","0.84375","0.84375"
"1180229","0.8125","0.8125","0.8125"
"1180238","0.84375","0.84375","0.84375"
"1180244","0.875","0.875","0.875"
"1180248","0.765625","0.625","0.90625"
"1190223","0.84375","0.84375","0.84375"
"1190243","0.78125","0.78125","0.78125"
"1190251","0.75","0.75","0.75"
"1190264","0.90625","0.90625","0.90625"
"1190267","0.65625","0.65625","0.65625"
"1200243","0.875","0.875","0.875"
"1200248","0.84375","0.84375","0.84375"
"1200260","0.90625","0.90625","0.90625"
"1200263","0.875","0.875","0.875"
"1200266","0.59375","0.59375","0.59375"
"1210244","0.75","0.75","0.75"
"1210246","0.71875","0.71875","0.71875"
"1210252","0.84375","0.84375","0.84375"
"1210264","0.84375","0.84375","0.84375"
"1210267","0.65625","0.65625","0.65625"
"1220221","0.8125","0.8125","0.8125"
"1220238","0.78125","0.78125","0.78125"
"1220254","0.84375","0.84375","0.84375"
"1220258","0.9375","0.9375","0.9375"
"1220259","0.90625","0.90625","0.90625"
"1230220","0.8125","0.8125","0.8125"
"1230237","0.9375","0.9375","0.9375"
"1230241","0.59375","0.59375","0.59375"
"1230256","0.9375","0.9375","0.9375"
"1230262","0.78125","0.78125","0.78125"
"1240236","0.8125","0.8125","0.8125"
"1240237","0.71875","0.71875","0.71875"
"1240248","0.625","0.625","0.625"
"1240261","0.84375","0.84375","0.84375"
"1240265","0.84375","0.84375","0.84375"
"1250228","0.84375","0.84375","0.84375"
"1250245","0.78125","0.78125","0.78125"
"1250246","0.5625","0.5625","0.5625"
"1250268","0.921875","0.875","0.96875"
"1260240","0.90625","0.90625","0.90625"
"1260244","0.53125","0.53125","0.53125"
"1260253","0.75","0.75","0.75"
"1260256","0.9375","0.9375","0.9375"
"1260263","0.9375","0.9375","0.9375"
"1270231","0.5","0.5","0.5"
"1270245","0.78125","0.78125","0.78125"
"1270247","0.78125","0.78125","0.78125"
"1270262","0.9375","0.9375","0.9375"
"1270274","0.9375","0.9375","0.9375"
"1280238","0.84375","0.84375","0.84375"
"1280255","0.75","0.75","0.75"
"1280270","0.875","0.875","0.875"
"1280273","0.5625","0.5625","0.5625"
"1280274","0.90625","0.90625","0.90625"
"1290224","0.71875","0.71875","0.71875"
"1290233","0.96875","0.96875","0.96875"
"1290238","0.90625","0.90625","0.90625"
"1290264","0.875","0.875","0.875"
"1290267","0.84375","0.84375","0.84375"
"1300227","0.90625","0.90625","0.90625"
"1300234","0.78125","0.78125","0.78125"
"1300254","0.625","0.625","0.625"
"1300260","0.84375","0.84375","0.84375"
"1300287","0.84375","0.84375","0.84375"
"1310227","0.875","0.875","0.875"
"1310235","0.78125","0.78125","0.78125"
"1310251","0.96875","0.96875","0.96875"
"1310259","0.78125","0.78125","0.78125"
"1310272","1","1","1"
"1320227","0.8125","0.8125","0.8125"
"1320234","0.8125","0.8125","0.8125"
"1320235","0.875","0.875","0.875"
"1320250","0.8125","0.8125","0.8125"
"1320271","0.96875","0.96875","0.96875"
"1330229","0.78125","0.78125","0.78125"
"1330230","0.8125","0.8125","0.8125"
"1330231","0.78125","0.78125","0.78125"
"1330246","0.9375","0.9375","0.9375"
"1330256","0.9375","0.9375","0.9375"
"1340223","0.96875","0.96875","0.96875"
"1340233","0.90625","0.90625","0.90625"
"1340253","0.875","0.875","0.875"
"1340256","0.9375","0.9375","0.9375"
"1340269","0.8125","0.8125","0.8125"
"1350228","0.59375","0.59375","0.59375"
"1350235","0.84375","0.84375","0.84375"
"1350238","0.875","0.875","0.875"
"1350240","0.9375","0.9375","0.9375"
"1350257","0.875","0.875","0.875"
"1360233","0.875","0.875","0.875"
"1360244","0.875","0.875","0.875"
"1360259","0.53125","0.53125","0.53125"
"1360265","0.9375","0.9375","0.9375"
"1360270","0.78125","0.78125","0.78125"
"1370220","0.96875","0.96875","0.96875"
"1370236","0.84375","0.84375","0.84375"
"1370250","0.8125","0.8125","0.8125"
"1370254","0.8125","0.8125","0.8125"
"1370282","0.84375","0.84375","0.84375"
"1380223","0.90625","0.90625","0.90625"
"1380226","0.8125","0.8125","0.8125"
"1380243","0.875","0.875","0.875"
"1380247","0.875","0.875","0.875"
"1380266","0.90625","0.90625","0.90625"
"1390222","0.71875","0.71875","0.71875"
"1390224","0.875","0.875","0.875"
"1390260","0.90625","0.90625","0.90625"
"1390261","0.75","0.75","0.75"
"1390265","0.90625","0.90625","0.90625"
"1400238","0.78125","0.78125","0.78125"
"1400246","0.828125","0.8125","0.84375"
"1400250","0.875","0.875","0.875"
"1400258","1","1","1"
"1410222","0.46875","0.46875","0.46875"
"1410226","0.875","0.875","0.875"
"1410232","0.90625","0.90625","0.90625"
"1410241","0.75","0.75","0.75"
"1410265","0.78125","0.78125","0.78125"
"1420234","0.8125","0.8125","0.8125"
"1420239","0.9375","0.9375","0.9375"
"1420241","0.84375","0.84375","0.84375"
"1420249","0.84375","0.84375","0.84375"
"1420263","0.84375","0.84375","0.84375"
"1430233","0.78125","0.78125","0.78125"
"1430239","0.90625","0.90625","0.90625"
"1430245","0.875","0.875","0.875"
"1430249","0.71875","0.71875","0.71875"
"1430260","0.90625","0.90625","0.90625"
"1440222","0.90625","0.90625","0.90625"
"1440224","0.78125","0.78125","0.78125"
"1440230","0.6875","0.6875","0.6875"
"1440254","0.65625","0.65625","0.65625"
"1440267","0.8125","0.8125","0.8125"
"1450234","0.90625","0.90625","0.90625"
"1450244","1","1","1"
"1450245","0.90625","0.90625","0.90625"
"1450253","0.90625","0.90625","0.90625"
"1450269","0.9375","0.9375","0.9375"
"1460232","0.75","0.75","0.75"
"1460234","0.875","0.875","0.875"
"1460235","0.84375","0.84375","0.84375"
"1460257","0.65625","0.65625","0.65625"
"1460269","0.9375","0.9375","0.9375"
"1470230","0.8125","0.8125","0.8125"
"1470236","0.71875","0.71875","0.71875"
"1470269","0.8125","0.8125","0.8125"
"1470275","0.96875","0.96875","0.96875"
"1470306","0.875","0.875","0.875"
"1480222","0.84375","0.84375","0.84375"
"1480251","0.84375","0.84375","0.84375"
"1480255","0.625","0.625","0.625"
"1480258","0.84375","0.84375","0.84375"
"1480268","0.90625","0.90625","0.90625"
"1490220","0.78125","0.78125","0.78125"
"1490252","0.875","0.875","0.875"
"1490253","0.75","0.75","0.75"
"1490262","0.71875","0.71875","0.71875"
"1490289","0.9375","0.9375","0.9375"
"1500220","0.875","0.875","0.875"
"1500221","0.9375","0.9375","0.9375"
"1500223","0.96875","0.96875","0.96875"
"1500227","0.6875","0.6875","0.6875"
"1500245","0.6875","0.6875","0.6875"
"1510220","0.7604166666666666","0.59375","0.875"
"1510231","0.84375","0.84375","0.84375"
"1510261","0.84375","0.84375","0.84375"
"1520223","0.84375","0.84375","0.84375"
"1520234","0.78125","0.78125","0.78125"
"1520243","0.75","0.75","0.75"
"1520255","0.625","0.625","0.625"
"1520268","0.8125","0.8125","0.8125"
"1530220","0.78125","0.78125","0.78125"
"1530228","0.625","0.625","0.625"
"1530235","0.625","0.625","0.625"
"1530237","0.5625","0.5625","0.5625"
"1530240","0.875","0.875","0.875"
"1540241","0.875","0.8125","0.9375"
"1540254","0.84375","0.84375","0.84375"
"1540255","0.71875","0.71875","0.71875"
"1540266","0.90625","0.90625","0.90625"
"1550224","0.65625","0.65625","0.65625"
"1550232","0.9375","0.9375","0.9375"
"1550239","0.78125","0.78125","0.78125"
"1550244","0.8125","0.8125","0.8125"
"1550266","0.90625","0.90625","0.90625"
"1560240","0.96875","0.96875","0.96875"
"1560243","0.96875","0.96875","0.96875"
"1560257","0.84375","0.84375","0.84375"
"1560258","0.5625","0.5625","0.5625"
"1560265","0.875","0.875","0.875"
"1570225","0.84375","0.84375","0.84375"
"1570236","0.875","0.875","0.875"
"1570239","0.8125","0.8125","0.8125"
"1570250","0.6875","0.6875","0.6875"
"1570253","0.84375","0.84375","0.84375"
"1580233","0.8125","0.8125","0.8125"
"1580239","0.625","0.625","0.625"
"1580260","0.84375","0.84375","0.84375"
"1580263","0.6875","0.6875","0.6875"
"1580265","0.90625","0.90625","0.90625"
"1590237","0.8125","0.8125","0.8125"
"1590242","0.90625","0.90625","0.90625"
"1590255","0.96875","0.96875","0.96875"
"1590279","0.8125","0.8125","0.8125"
"1590283","0.78125","0.78125","0.78125"
"1600227","0.90625","0.90625","0.90625"
"1600252","0.875","0.875","0.875"
"1600256","0.78125","0.78125","0.78125"
"1600264","0.96875","0.96875","0.96875"
"1600269","0.84375","0.84375","0.84375"
"1610229","0.875","0.875","0.875"
"1610231","0.875","0.875","0.875"
"1610243","0.75","0.75","0.75"
"1610267","0.75","0.75","0.75"
"1610280","0.90625","0.90625","0.90625"
"1620226","0.875","0.875","0.875"
"1620228","0.78125","0.78125","0.78125"
"1620248","0.875","0.875","0.875"
"1620259","0.96875","0.96875","0.96875"
"1630222","0.9375","0.9375","0.9375"
"1630230","0.8125","0.8125","0.8125"
"1630264","0.8125","0.8125","0.8125"
"1630266","0.90625","0.90625","0.90625"
"1630271","0.84375","0.84375","0.84375"
"1640235","0.9375","0.9375","0.9375"
"1640245","0.90625","0.90625","0.90625"
"1640255","0.875","0.875","0.875"
"1640260","0.90625","0.90625","0.90625"
"1640272","0.84375","0.84375","0.84375"
"1650221","0.875","0.875","0.875"
"1650237","0.96875","0.96875","0.96875"
"1650240","0.875","0.875","0.875"
"1650252","0.96875","0.96875","0.96875"
"1650258","0.875","0.875","0.875"
"1660240","0.78125","0.78125","0.78125"
"1660241","0.8125","0.8125","0.8125"
"1660244","0.90625","0.90625","0.90625"
"1660261","0.9375","0.9375","0.9375"
"1660269","0.96875","0.96875","0.96875"
"1670224","0.78125","0.78125","0.78125"
"1670246","0.8125","0.8125","0.8125"
"1670249","0.78125","0.78125","0.78125"
"1670259","0.875","0.875","0.875"
"1670268","0.90625","0.90625","0.90625"
"1680227","0.8125","0.8125","0.8125"
"1680232","0.8125","0.8125","0.8125"
"1680239","0.875","0.875","0.875"
"1680248","0.875","0.875","0.875"
"1680270","0.9375","0.9375","0.9375"
"1690224","0.96875","0.96875","0.96875"
"1690249","0.78125","0.78125","0.78125"
"1690252","0.90625","0.90625","0.90625"
"1690258","0.90625","0.90625","0.90625"
"1690259","0.8125","0.8125","0.8125"
"1700235","0.875","0.875","0.875"
"1700243","0.84375","0.84375","0.84375"
"1700249","0.90625","0.90625","0.90625"
"1700263","0.9375","0.9375","0.9375"
"1700270","0.90625","0.90625","0.90625"
"1710225","0.9375","0.9375","0.9375"
"1710231","0.90625","0.90625","0.90625"
"1710256","0.78125","0.78125","0.78125"
"1710258","0.90625","0.90625","0.90625"
"1710260","0.875","0.875","0.875"
"1720228","0.90625","0.875","0.9375"
"1720251","0.9375","0.9375","0.9375"
"1720257","1","1","1"
"1720272","0.8125","0.8125","0.8125"
"1730221","0.84375","0.84375","0.84375"
"1730222","0.90625","0.90625","0.90625"
"1730228","0.875","0.875","0.875"
"1730229","1","1","1"
"1730259","0.875","0.875","0.875"
"1740231","0.84375","0.84375","0.84375"
"1740249","0.9375","0.9375","0.9375"
"1740253","0.78125","0.78125","0.78125"
"1740259","0.96875","0.96875","0.96875"
"1740278","0.78125","0.78125","0.78125"
"1750222","1","1","1"
"1750227","0.78125","0.78125","0.78125"
"1750249","0.9375","0.9375","0.9375"
"1750265","0.875","0.875","0.875"
"1750283","0.9375","0.9375","0.9375"
"1760236","0.78125","0.78125","0.78125"
"1760238","0.96875","0.96875","0.96875"
"1760240","1","1","1"
"1760251","0.875","0.875","0.875"
"1760254","0.90625","0.90625","0.90625"
"1770220","0.9375","0.9375","0.9375"
"1770231","0.96875","0.96875","0.96875"
"1770238","0.8125","0.8125","0.8125"
"1770248","0.875","0.875","0.875"
"1770259","1","1","1"
"1780230","0.84375","0.84375","0.84375"
"1780235","0.875","0.875","0.875"
"1780236","0.875","0.875","0.875"
"1780241","0.84375","0.84375","0.84375"
"1780251","0.9375","0.9375","0.9375"
"1790222","0.875","0.875","0.875"
"1790223","0.90625","0.90625","0.90625"
"1790241","0.96875","0.96875","0.96875"
"1790260","0.875","0.875","0.875"
"1790271","0.8125","0.8125","0.8125"
"1800222","0.90625","0.90625","0.90625"
"1800225","0.84375","0.84375","0.84375"
"1800256","0.9375","0.9375","0.9375"
"1800257","0.84375","0.84375","0.84375"
"1800261","0.9375","0.9375","0.9375"
"1810223","0.875","0.875","0.875"
"1810241","0.78125","0.78125","0.78125"
"1810255","0.96875","0.96875","0.96875"
"1810256","0.9375","0.9375","0.9375"
"1810260","0.84375","0.84375","0.84375"
"1820222","0.9375","0.9375","0.9375"
"1820224","0.84375","0.84375","0.84375"
"1820231","0.8125","0.8125","0.8125"
"1820233","0.8125","0.8125","0.8125"
"1820261","0.90625","0.90625","0.90625"
"1830236","0.796875","0.71875","0.875"
"1830256","0.875","0.875","0.875"
"1830262","0.875","0.875","0.875"
"1830277","1","1","1"
"1840243","0.8125","0.8125","0.8125"
"1840250","0.8125","0.8125","0.8125"
"1840255","0.9375","0.9375","0.9375"
"1840265","0.96875","0.96875","0.96875"
"1840267","0.96875","0.96875","0.96875"
"1850221","0.90625","0.90625","0.90625"
"1850222","0.84375","0.84375","0.84375"
"1850229","0.9375","0.9375","0.9375"
"1850230","0.9375","0.9375","0.9375"
"1850261","0.90625","0.90625","0.90625"
"1860221","0.875","0.875","0.875"
"1860230","0.84375","0.84375","0.84375"
"1860240","0.90625","0.90625","0.90625"
"1860251","0.9375","0.9375","0.9375"
"1860263","0.96875","0.96875","0.96875"
"1870222","0.90625","0.90625","0.90625"
"1870224","0.9375","0.9375","0.9375"
"1870239","0.90625","0.90625","0.90625"
"1870260","0.9375","0.9375","0.9375"
"1870263","0.90625","0.90625","0.90625"
"1880228","0.96875","0.96875","0.96875"
"1880242","0.90625","0.90625","0.90625"
"1880245","0.90625","0.90625","0.90625"
"1880252","0.875","0.875","0.875"
"1880261","0.9375","0.9375","0.9375"
"1890221","0.96875","0.96875","0.96875"
"1890223","0.90625","0.90625","0.90625"
"1890232","0.90625","0.90625","0.90625"
"1890234","0.90625","0.90625","0.90625"
"1890270","0.9375","0.9375","0.9375"
"1900222","0.96875","0.96875","0.96875"
"1900226","0.96875","0.96875","0.96875"
"1900241","0.78125","0.78125","0.78125"
"1900254","0.875","0.875","0.875"
"1900264","0.9375","0.9375","0.9375"
"1910235","0.875","0.875","0.875"
"1910246","0.96875","0.96875","0.96875"
"1910261","0.875","0.875","0.875"
"1910265","0.875","0.875","0.875"
"1920222","0.9375","0.9375","0.9375"
"1920227","0.90625","0.90625","0.90625"
"1920234","0.96875","0.96875","0.96875"
"1920253","0.90625","0.90625","0.90625"
"1920267","0.875","0.875","0.875"
"1930245","0.96875","0.96875","0.96875"
"1930246","1","1","1"
"1930254","0.90625","0.90625","0.90625"
"1930265","0.96875","0.96875","0.96875"
"1930269","0.9375","0.9375","0.9375"
"1940222","0.8125","0.8125","0.8125"
"1940223","0.84375","0.84375","0.84375"
"1940236","0.90625","0.90625","0.90625"
"1940246","0.90625","0.90625","0.90625"
"1940251","0.875","0.875","0.875"
"1950221","0.9375","0.9375","0.9375"
"1950249","0.875","0.875","0.875"
"1950259","0.9375","0.9375","0.9375"
"1950263","0.875","0.875","0.875"
"1950267","0.96875","0.96875","0.96875"
"1960223","0.9375","0.9375","0.9375"
"1960235","0.96875","0.96875","0.96875"
"1960264","0.890625","0.875","0.90625"
"1960268","0.96875","0.96875","0.96875"
"1970220","0.96875","0.96875","0.96875"
"1970230","0.9375","0.9375","0.9375"
"1970231","0.8125","0.8125","0.8125"
"1970240","0.9375","0.9375","0.9375"
"1970253","0.90625","0.90625","0.90625"
"1980228","0.875","0.875","0.875"
"1980232","0.9375","0.9375","0.9375"
"1980254","0.9375","0.9375","0.9375"
"1980263","0.96875","0.96875","0.96875"
"1990220","0.96875","0.96875","0.96875"
"1990236","0.84375","0.84375","0.84375"
"1990248","0.96875","0.96875","0.96875"
"1990259","0.90625","0.90625","0.90625"
"1990265","0.8125","0.8125","0.8125"
"2000226","1","1","1"
"2000250","0.9375","0.9375","0.9375"
"2000261","0.9375","0.9375","0.9375"
"2000265","0.90625","0.90625","0.90625"