"Step","Group: MMM2_QMIX - win_rate","Group: MMM2_QMIX - win_rate__MIN","Group: MMM2_QMIX - win_rate__MAX"
"0","0","0","0"
"10000","0","0","0"
"10005","0","0","0"
"10014","0","0","0"
"10020","0","0","0"
"10027","0","0","0"
"20001","0","0","0"
"20003","0","0","0"
"20018","0","0","0"
"20019","0","0","0"
"20020","0","0","0"
"20026","0","0","0"
"30002","0","0","0"
"30007","0","0","0"
"30011","0","0","0"
"30012","0","0","0"
"30019","0","0","0"
"30032","0","0","0"
"40018","0","0","0"
"40021","0","0","0"
"40023","0","0","0"
"40028","0","0","0"
"40036","0","0","0"
"50000","0","0","0"
"50004","0","0","0"
"50005","0","0","0"
"50014","0","0","0"
"60005","0","0","0"
"60013","0","0","0"
"60016","0","0","0"
"60020","0","0","0"
"60024","0","0","0"
"70000","0","0","0"
"70011","0","0","0"
"70012","0","0","0"
"70017","0","0","0"
"70031","0","0","0"
"70042","0","0","0"
"80003","0","0","0"
"80016","0","0","0"
"80028","0","0","0"
"80029","0","0","0"
"80079","0","0","0"
"80113","0","0","0"
"90006","0","0","0"
"90009","0","0","0"
"90012","0","0","0"
"90029","0","0","0"
"90148","0","0","0"
"90165","0","0","0"
"100006","0","0","0"
"100013","0","0","0"
"100017","0","0","0"
"100019","0","0","0"
"100133","0","0","0"
"100157","0","0","0"
"110002","0","0","0"
"110006","0","0","0"
"110037","0","0","0"
"110115","0","0","0"
"110125","0","0","0"
"110177","0","0","0"
"120001","0","0","0"
"120008","0","0","0"
"120016","0","0","0"
"120020","0","0","0"
"120032","0","0","0"
"120145","0","0","0"
"130006","0","0","0"
"130012","0","0","0"
"130033","0","0","0"
"130085","0","0","0"
"130102","0","0","0"
"140020","0","0","0"
"140030","0","0","0"
"140037","0","0","0"
"140129","0","0","0"
"140133","0","0","0"
"140140","0","0","0"
"150008","0","0","0"
"150011","0","0","0"
"150024","0","0","0"
"150028","0","0","0"
"150039","0","0","0"
"150050","0","0","0"
"160011","0","0","0"
"160012","0","0","0"
"160022","0.03125","0.03125","0.03125"
"160025","0","0","0"
"160088","0","0","0"
"160090","0","0","0"
"170016","0","0","0"
"170037","0.03125","0.03125","0.03125"
"170044","0","0","0"
"170116","0","0","0"
"170152","0","0","0"
"170175","0","0","0"
"180002","0","0","0"
"180010","0","0","0"
"180019","0","0","0"
"180024","0","0","0"
"180033","0","0","0"
"180155","0","0","0"
"190004","0","0","0"
"190007","0","0","0"
"190009","0","0","0"
"190010","0","0","0"
"190020","0","0","0"
"190168","0","0","0"
"200001","0","0","0"
"200011","0","0","0"
"200013","0","0","0"
"200025","0","0","0"
"200030","0","0","0"
"200099","0","0","0"
"210008","0","0","0"
"210009","0","0","0"
"210012","0","0","0"
"210021","0","0","0"
"210022","0","0","0"
"210028","0","0","0"
"220005","0","0","0"
"220016","0","0","0"
"220024","0","0","0"
"220033","0","0","0"
"220040","0","0","0"
"220065","0","0","0"
"230010","0","0","0"
"230024","0","0","0"
"230025","0","0","0"
"230041","0","0","0"
"230111","0","0","0"
"230174","0","0","0"
"240008","0","0","0"
"240014","0","0","0"
"240033","0","0","0"
"240050","0","0","0"
"240071","0","0","0"
"240133","0","0","0"
"250020","0","0","0"
"250028","0","0","0"
"250031","0","0","0"
"250038","0","0","0"
"250052","0","0","0"
"260000","0","0","0"
"260003","0","0","0"
"260004","0","0","0"
"260030","0","0","0"
"260037","0","0","0"
"270005","0","0","0"
"270015","0","0","0"
"270019","0","0","0"
"270048","0","0","0"
"270056","0","0","0"
"280003","0.03125","0.03125","0.03125"
"280007","0","0","0"
"280025","0","0","0"
"280030","0","0","0"
"280031","0","0","0"
"280155","0","0","0"
"290024","0","0","0"
"290042","0","0","0"
"290043","0","0","0"
"290116","0","0","0"
"290146","0","0","0"
"290173","0","0","0"
"300002","0","0","0"
"300018","0","0","0"
"300041","0","0","0"
"300059","0","0","0"
"300167","0","0","0"
"300175","0","0","0"
"310013","0","0","0"
"310026","0","0","0"
"310033","0","0","0"
"310040","0","0","0"
"310042","0","0","0"
"310070","0","0","0"
"320018","0","0","0"
"320032","0","0","0"
"320066","0","0","0"
"320114","0","0","0"
"320157","0","0","0"
"320158","0","0","0"
"330004","0","0","0"
"330017","0","0","0"
"330119","0","0","0"
"330129","0","0","0"
"330131","0","0","0"
"330149","0","0","0"
"340008","0","0","0"
"340018","0","0","0"
"340029","0","0","0"
"340072","0","0","0"
"340105","0","0","0"
"340121","0","0","0"
"350006","0","0","0"
"350028","0.03125","0.03125","0.03125"
"350031","0","0","0"
"350066","0","0","0"
"350076","0","0","0"
"360001","0","0","0"
"360005","0","0","0"
"360012","0","0","0"
"360020","0","0","0"
"360086","0","0","0"
"360115","0","0","0"
"370005","0","0","0"
"370007","0","0","0"
"370012","0","0","0"
"370016","0","0","0"
"370020","0","0","0"
"370028","0","0","0"
"380017","0","0","0"
"380022","0","0","0"
"380029","0","0","0"
"380038","0","0","0"
"380067","0","0","0"
"380119","0","0","0"
"390021","0","0","0"
"390022","0","0","0"
"390034","0","0","0"
"390058","0","0","0"
"390118","0","0","0"
"390128","0","0","0"
"400020","0","0","0"
"400022","0","0","0"
"400028","0.03125","0.03125","0.03125"
"400036","0","0","0"
"400100","0","0","0"
"400130","0","0","0"
"410000","0","0","0"
"410007","0","0","0"
"410010","0","0","0"
"410033","0","0","0"
"410110","0","0","0"
"420002","0.03125","0.03125","0.03125"
"420005","0","0","0"
"420017","0","0","0"
"420018","0","0","0"
"420119","0","0","0"
"420154","0","0","0"
"430020","0.03125","0.03125","0.03125"
"430029","0","0","0"
"430044","0","0","0"
"430046","0","0","0"
"430058","0","0","0"
"430131","0","0","0"
"440000","0","0","0"
"440016","0","0","0"
"440017","0","0","0"
"440116","0","0","0"
"440149","0","0","0"
"450004","0","0","0"
"450006","0","0","0"
"450025","0","0","0"
"450031","0","0","0"
"450036","0","0","0"
"450160","0","0","0"
"460006","0","0","0"
"460019","0","0","0"
"460028","0.015625","0","0.03125"
"460029","0","0","0"
"460109","0","0","0"
"470017","0.0625","0.0625","0.0625"
"470030","0","0","0"
"470036","0","0","0"
"470047","0.03125","0","0.0625"
"470085","0","0","0"
"480008","0.03125","0.03125","0.03125"
"480018","0","0","0"
"480026","0","0","0"
"480039","0","0","0"
"480041","0","0","0"
"480177","0","0","0"
"490008","0","0","0"
"490018","0","0","0"
"490035","0","0","0"
"490052","0","0","0"
"490061","0","0","0"
"490111","0","0","0"
"500027","0.03125","0.03125","0.03125"
"500028","0","0","0"
"500060","0.03125","0.03125","0.03125"
"500088","0","0","0"
"500128","0","0","0"
"500135","0","0","0"
"510017","0","0","0"
"510021","0","0","0"
"510028","0","0","0"
"510033","0.03125","0.03125","0.03125"
"510047","0","0","0"
"510122","0","0","0"
"520016","0","0","0"
"520040","0","0","0"
"520044","0.03125","0.03125","0.03125"
"520059","0","0","0"
"520099","0","0","0"
"520105","0","0","0"
"530017","0","0","0"
"530021","0","0","0"
"530038","0","0","0"
"530047","0.03125","0.03125","0.03125"
"530055","0","0","0"
"530147","0","0","0"
"540000","0.03125","0.03125","0.03125"
"540002","0","0","0"
"540007","0","0","0"
"540015","0.03125","0.03125","0.03125"
"540032","0","0","0"
"540144","0","0","0"
"550005","0","0","0"
"550028","0","0","0"
"550033","0.03125","0.03125","0.03125"
"550036","0","0","0"
"550037","0","0","0"
"550044","0","0","0"
"560002","0","0","0"
"560019","0","0","0"
"560036","0.03125","0.03125","0.03125"
"560039","0","0","0"
"560049","0","0","0"
"560149","0","0","0"
"570015","0.03125","0.03125","0.03125"
"570030","0","0","0"
"570031","0","0","0"
"570032","0","0","0"
"570069","0","0","0"
"570099","0.03125","0.03125","0.03125"
"580004","0","0","0"
"580012","0","0","0"
"580017","0","0","0"
"580038","0.03125","0.03125","0.03125"
"580047","0","0","0"
"580147","0","0","0"
"590000","0.03125","0.03125","0.03125"
"590006","0","0","0"
"590007","0.03125","0.03125","0.03125"
"590025","0","0","0"
"590111","0.09375","0.09375","0.09375"
"590138","0","0","0"
"600001","0","0","0"
"600006","0.03125","0.03125","0.03125"
"600020","0","0","0"
"600033","0.03125","0.03125","0.03125"
"600037","0.125","0.125","0.125"
"600106","0","0","0"
"610001","0.0625","0.0625","0.0625"
"610010","0","0","0"
"610032","0","0","0"
"610033","0","0","0"
"610043","0.0625","0.0625","0.0625"
"610132","0.03125","0.03125","0.03125"
"620010","0.0625","0.0625","0.0625"
"620026","0.03125","0.03125","0.03125"
"620027","0.09375","0.09375","0.09375"
"620040","0.03125","0.03125","0.03125"
"620057","0","0","0"
"620108","0","0","0"
"630011","0","0","0"
"630023","0","0","0"
"630029","0.03125","0.03125","0.03125"
"630037","0","0","0"
"630039","0","0","0"
"630116","0","0","0"
"640014","0.09375","0.09375","0.09375"
"640034","0.09375","0.09375","0.09375"
"640047","0","0","0"
"640061","0","0","0"
"640138","0.03125","0.03125","0.03125"
"640160","0","0","0"
"650000","0.0625","0.0625","0.0625"
"650005","0.03125","0.03125","0.03125"
"650007","0","0","0"
"650044","0.03125","0.03125","0.03125"
"650059","0","0","0"
"650118","0","0","0"
"660023","0","0","0"
"660031","0.0625","0.0625","0.0625"
"660040","0","0","0"
"660066","0.03125","0.03125","0.03125"
"660138","0.0625","0.0625","0.0625"
"660158","0","0","0"
"670001","0.0625","0.0625","0.0625"
"670004","0","0","0"
"670025","0.03125","0.03125","0.03125"
"670031","0","0","0"
"670068","0.0625","0.0625","0.0625"
"670148","0.03125","0.03125","0.03125"
"680002","0","0","0"
"680011","0.09375","0.09375","0.09375"
"680013","0","0","0"
"680014","0","0","0"
"680016","0.1875","0.1875","0.1875"
"680120","0","0","0"
"690014","0.03125","0.03125","0.03125"
"690017","0.03125","0.03125","0.03125"
"690026","0.03125","0.03125","0.03125"
"690033","0","0","0"
"690056","0","0","0"
"690148","0","0","0"
"700004","0","0","0"
"700009","0.125","0.125","0.125"
"700085","0","0","0"
"700160","0.15625","0.15625","0.15625"
"700162","0","0","0"
"700164","0","0","0"
"710014","0","0","0"
"710018","0.21875","0.21875","0.21875"
"710030","0","0","0"
"710039","0.15625","0.15625","0.15625"
"710115","0","0","0"
"710156","0","0","0"
"720002","0.0625","0.0625","0.0625"
"720006","0","0","0"
"720021","0","0","0"
"720023","0.21875","0.21875","0.21875"
"720026","0","0","0"
"720054","0.09375","0.09375","0.09375"
"730011","0","0","0"
"730016","0.0625","0.0625","0.0625"
"730034","0","0","0"
"730042","0.03125","0.03125","0.03125"
"730049","0.0625","0.0625","0.0625"
"730078","0.0625","0.0625","0.0625"
"740036","0.1875","0.1875","0.1875"
"740046","0.125","0.125","0.125"
"740058","0","0","0"
"740073","0.03125","0.03125","0.03125"
"740108","0","0","0"
"740175","0.0625","0.0625","0.0625"
"750016","0","0","0"
"750020","0.21875","0.21875","0.21875"
"750022","0","0","0"
"750023","0.125","0.125","0.125"
"750032","0.125","0.125","0.125"
"750146","0.15625","0.15625","0.15625"
"760000","0","0","0"
"760011","0","0","0"
"760018","0.09375","0.09375","0.09375"
"760031","0","0","0"
"760037","0.125","0.125","0.125"
"760080","0.03125","0.03125","0.03125"
"770001","0","0","0"
"770003","0.21875","0.21875","0.21875"
"770019","0","0","0"
"770031","0","0","0"
"770036","0.09375","0.09375","0.09375"
"770088","0.03125","0.03125","0.03125"
"780010","0.0625","0.0625","0.0625"
"780022","0.125","0.125","0.125"
"780024","0.0625","0.0625","0.0625"
"780032","0","0","0"
"780150","0.03125","0.03125","0.03125"
"780174","0.0625","0.0625","0.0625"
"790016","0.09375","0.09375","0.09375"
"790022","0.03125","0.03125","0.03125"
"790031","0.28125","0.28125","0.28125"
"790046","0.0625","0.0625","0.0625"
"790080","0.0625","0.0625","0.0625"
"790128","0","0","0"
"800001","0.03125","0.03125","0.03125"
"800006","0.21875","0.21875","0.21875"
"800007","0","0","0"
"800008","0.03125","0.03125","0.03125"
"800044","0","0","0"
"800135","0.03125","0.03125","0.03125"
"810000","0.09375","0","0.1875"
"810013","0","0","0"
"810021","0","0","0"
"810048","0.09375","0.09375","0.09375"
"810098","0.03125","0.03125","0.03125"
"820000","0.125","0.125","0.125"
"820027","0.09375","0.09375","0.09375"
"820048","0.09375","0.09375","0.09375"
"820098","0.03125","0.03125","0.03125"
"820165","0","0","0"
"820166","0.03125","0.03125","0.03125"
"830015","0.15625","0.15625","0.15625"
"830021","0.03125","0.03125","0.03125"
"830025","0.21875","0.21875","0.21875"
"830035","0.0625","0.0625","0.0625"
"830062","0.09375","0.09375","0.09375"
"830103","0.03125","0.03125","0.03125"
"840005","0.09375","0.09375","0.09375"
"840015","0.03125","0.03125","0.03125"
"840017","0.28125","0.28125","0.28125"
"840038","0","0","0"
"840059","0","0","0"
"840091","0.09375","0.09375","0.09375"
"850007","0","0","0"
"850009","0.28125","0.28125","0.28125"
"850020","0","0","0"
"850023","0.0625","0.0625","0.0625"
"850059","0.0625","0.0625","0.0625"
"850110","0.0625","0.0625","0.0625"
"860002","0","0","0"
"860024","0.03125","0.03125","0.03125"
"860039","0.3125","0.3125","0.3125"
"860041","0.375","0.375","0.375"
"860075","0.09375","0.09375","0.09375"
"860100","0.03125","0.03125","0.03125"
"870001","0.25","0.25","0.25"
"870021","0","0","0"
"870039","0.09375","0.09375","0.09375"
"870041","0.0625","0.0625","0.0625"
"870052","0.15625","0.15625","0.15625"
"870078","0.0625","0.0625","0.0625"
"880011","0.03125","0.03125","0.03125"
"880019","0.21875","0.21875","0.21875"
"880028","0.21875","0.21875","0.21875"
"880031","0.09375","0.09375","0.09375"
"880041","0","0","0"
"880141","0.125","0.125","0.125"
"890013","0.09375","0.09375","0.09375"
"890028","0.15625","0.15625","0.15625"
"890037","0.21875","0.21875","0.21875"
"890063","0","0","0"
"890121","0.03125","0.03125","0.03125"
"890138","0","0","0"
"900025","0.0625","0.0625","0.0625"
"900034","0","0","0"
"900044","0.1875","0.1875","0.1875"
"900061","0.125","0.125","0.125"
"900083","0.09375","0.09375","0.09375"
"900098","0.0625","0.0625","0.0625"
"910000","0.09375","0.09375","0.09375"
"910011","0","0","0"
"910019","0.03125","0.03125","0.03125"
"910027","0.21875","0.21875","0.21875"
"910029","0.125","0.125","0.125"
"910036","0.15625","0.15625","0.15625"
"920018","0.03125","0.03125","0.03125"
"920021","0.25","0.25","0.25"
"920038","0.03125","0.03125","0.03125"
"920039","0.15625","0.15625","0.15625"
"920047","0.03125","0.03125","0.03125"
"920074","0.21875","0.21875","0.21875"
"930020","0.0625","0.0625","0.0625"
"930025","0","0","0"
"930051","0.09375","0.09375","0.09375"
"930077","0.09375","0.09375","0.09375"
"930107","0.03125","0.03125","0.03125"
"930142","0.125","0.125","0.125"
"940012","0.0625","0.0625","0.0625"
"940049","0.125","0.09375","0.15625"
"940062","0","0","0"
"940065","0.09375","0.09375","0.09375"
"940122","0.09375","0.09375","0.09375"
"950014","0.0625","0.0625","0.0625"
"950017","0.03125","0.03125","0.03125"
"950029","0.1875","0.1875","0.1875"
"950034","0","0","0"
"950037","0.15625","0.15625","0.15625"
"950151","0","0","0"
"960001","0.09375","0.09375","0.09375"
"960004","0.09375","0.09375","0.09375"
"960010","0.234375","0.125","0.34375"
"960026","0","0","0"
"960056","0.03125","0.03125","0.03125"
"970001","0","0","0"
"970004","0.03125","0.03125","0.03125"
"970042","0.21875","0.21875","0.21875"
"970063","0.09375","0.09375","0.09375"
"970102","0.125","0.125","0.125"
"970126","0.09375","0.09375","0.09375"
"980014","0.28125","0.28125","0.28125"
"980021","0.03125","0.03125","0.03125"
"980031","0.21875","0.21875","0.21875"
"980056","0.0625","0.0625","0.0625"
"980071","0.03125","0.03125","0.03125"
"980075","0.1875","0.1875","0.1875"
"990003","0.09375","0.09375","0.09375"
"990014","0.3125","0.3125","0.3125"
"990025","0.0625","0.0625","0.0625"
"990048","0.4375","0.4375","0.4375"
"990060","0.125","0.125","0.125"
"990076","0.0625","0.0625","0.0625"
"1000002","0.375","0.375","0.375"
"1000013","0.03125","0.03125","0.03125"
"1000097","0.03125","0.03125","0.03125"
"1000101","0.375","0.375","0.375"
"1000118","0.0625","0.0625","0.0625"
"1000163","0.0625","0.0625","0.0625"
"1010003","0.09375","0.09375","0.09375"
"1010004","0.28125","0.28125","0.28125"
"1010013","0.25","0.25","0.25"
"1010031","0.0625","0.0625","0.0625"
"1010058","0.03125","0.03125","0.03125"
"1010088","0.15625","0.15625","0.15625"
"1020016","0.15625","0.15625","0.15625"
"1020028","0.15625","0.15625","0.15625"
"1020060","0.09375","0.09375","0.09375"
"1020131","0.03125","0.03125","0.03125"
"1020144","0.125","0.125","0.125"
"1020165","0.03125","0.03125","0.03125"
"1030011","0.15625","0.15625","0.15625"
"1030030","0.0625","0.0625","0.0625"
"1030042","0.09375","0.09375","0.09375"
"1030075","0.03125","0.03125","0.03125"
"1030076","0.09375","0.09375","0.09375"
"1030116","0.28125","0.28125","0.28125"
"1040012","0.0625","0.0625","0.0625"
"1040014","0.28125","0.28125","0.28125"
"1040021","0.15625","0.15625","0.15625"
"1040034","0","0","0"
"1040038","0.15625","0.15625","0.15625"
"1040053","0.03125","0.03125","0.03125"
"1050000","0.125","0.125","0.125"
"1050004","0.0625","0.0625","0.0625"
"1050005","0.15625","0.15625","0.15625"
"1050022","0.1875","0.1875","0.1875"
"1050048","0","0","0"
"1050155","0.125","0.125","0.125"
"1060009","0.25","0.25","0.25"
"1060011","0.03125","0.03125","0.03125"
"1060035","0.0625","0.0625","0.0625"
"1060043","0.21875","0.21875","0.21875"
"1060051","0.15625","0.15625","0.15625"
"1060138","0.0625","0.0625","0.0625"
"1070007","0.09375","0.09375","0.09375"
"1070014","0.15625","0.15625","0.15625"
"1070043","0.03125","0.03125","0.03125"
"1070046","0.25","0.25","0.25"
"1070061","0.34375","0.34375","0.34375"
"1070102","0.03125","0.03125","0.03125"
"1080000","0.375","0.375","0.375"
"1080019","0.0625","0.0625","0.0625"
"1080031","0.03125","0.03125","0.03125"
"1080038","0","0","0"
"1080099","0.203125","0.125","0.28125"
"1090003","0.40625","0.40625","0.40625"
"1090011","0.03125","0.03125","0.03125"
"1090024","0.03125","0.03125","0.03125"
"1090071","0.25","0.25","0.25"
"1090092","0.0625","0.0625","0.0625"
"1090121","0","0","0"
"1100017","0.4375","0.4375","0.4375"
"1100025","0.15625","0.15625","0.15625"
"1100033","0.03125","0.03125","0.03125"
"1100039","0","0","0"
"1100078","0.34375","0.34375","0.34375"
"1100084","0.09375","0.09375","0.09375"
"1110023","0.0625","0.0625","0.0625"
"1110027","0.4375","0.4375","0.4375"
"1110035","0.09375","0.09375","0.09375"
"1110037","0.09375","0.09375","0.09375"
"1110046","0.46875","0.46875","0.46875"
"1110089","0.0625","0.0625","0.0625"
"1120001","0.03125","0.03125","0.03125"
"1120027","0.0625","0","0.125"
"1120046","0","0","0"
"1120063","0.375","0.375","0.375"
"1120097","0.15625","0.15625","0.15625"
"1130003","0.0625","0.0625","0.0625"
"1130010","0.125","0.125","0.125"
"1130024","0.09375","0.09375","0.09375"
"1130044","0.125","0.125","0.125"
"1130112","0.3125","0.3125","0.3125"
"1130131","0.15625","0.15625","0.15625"
"1140002","0.40625","0.40625","0.40625"
"1140003","0","0","0"
"1140027","0.21875","0.21875","0.21875"
"1140061","0.34375","0.34375","0.34375"
"1140066","0.1875","0.1875","0.1875"
"1140072","0.0625","0.0625","0.0625"
"1150007","0.0625","0.0625","0.0625"
"1150013","0.03125","0.03125","0.03125"
"1150036","0.3125","0.3125","0.3125"
"1150070","0.21875","0.21875","0.21875"
"1150146","0.03125","0.03125","0.03125"
"1150154","0.09375","0.09375","0.09375"
"1160000","0.25","0.25","0.25"
"1160015","0.25","0.25","0.25"
"1160016","0.25","0.25","0.25"
"1160025","0.0625","0.0625","0.0625"
"1160050","0.5","0.5","0.5"
"1160112","0.03125","0.03125","0.03125"
"1170033","0.3125","0.3125","0.3125"
"1170051","0.1875","0.1875","0.1875"
"1170063","0.1875","0.1875","0.1875"
"1170092","0.03125","0.03125","0.03125"
"1170109","0.15625","0.15625","0.15625"
"1170175","0.15625","0.15625","0.15625"
"1180016","0.09375","0.09375","0.09375"
"1180043","0.09375","0.09375","0.09375"
"1180045","0.65625","0.65625","0.65625"
"1180051","0.15625","0.15625","0.15625"
"1180146","0.15625","0.15625","0.15625"
"1180162","0.0625","0.0625","0.0625"
"1190008","0.46875","0.46875","0.46875"
"1190020","0.03125","0.03125","0.03125"
"1190032","0.125","0.125","0.125"
"1190037","0.03125","0.03125","0.03125"
"1190099","0","0","0"
"1190142","0.28125","0.28125","0.28125"
"1200006","0.15625","0.15625","0.15625"
"1200036","0","0","0"
"1200044","0.15625","0.15625","0.15625"
"1200055","0.59375","0.59375","0.59375"
"1200057","0.21875","0.21875","0.21875"
"1200107","0","0","0"
"1210009","0.125","0.125","0.125"
"1210016","0.1875","0.1875","0.1875"
"1210054","0.46875","0.46875","0.46875"
"1210085","0.09375","0.09375","0.09375"
"1210104","0.03125","0.03125","0.03125"
"1210144","0.0625","0.0625","0.0625"
"1220014","0.25","0.25","0.25"
"1220022","0.46875","0.46875","0.46875"
"1220033","0.03125","0.03125","0.03125"
"1220046","0.21875","0.21875","0.21875"
"1220051","0.1875","0.1875","0.1875"
"1220126","0.03125","0.03125","0.03125"
"1230022","0.03125","0.03125","0.03125"
"1230039","0.09375","0.09375","0.09375"
"1230043","0.125","0.125","0.125"
"1230054","0.125","0.125","0.125"
"1230063","0.5625","0.5625","0.5625"
"1230068","0.28125","0.28125","0.28125"
"1240004","0.0625","0.0625","0.0625"
"1240010","0.140625","0.03125","0.25"
"1240027","0.21875","0.21875","0.21875"
"1240034","0.125","0.125","0.125"
"1240053","0.28125","0.28125","0.28125"
"1250007","0.46875","0.46875","0.46875"
"1250017","0.1875","0.1875","0.1875"
"1250038","0.125","0.125","0.125"
"1250045","0.125","0.125","0.125"
"1250046","0.15625","0.15625","0.15625"
"1250082","0.28125","0.28125","0.28125"
"1260002","0.09375","0.09375","0.09375"
"1260008","0.15625","0.15625","0.15625"
"1260020","0","0","0"
"1260028","0.5625","0.5625","0.5625"
"1260035","0.21875","0.21875","0.21875"
"1260118","0.15625","0.15625","0.15625"
"1270007","0.28125","0.28125","0.28125"
"1270013","0.46875","0.46875","0.46875"
"1270018","0.21875","0.21875","0.21875"
"1270044","0.03125","0.03125","0.03125"
"1270076","0.09375","0.09375","0.09375"
"1270163","0","0","0"
"1280022","0.3125","0.3125","0.3125"
"1280034","0.125","0.125","0.125"
"1280040","0.0625","0.0625","0.0625"
"1280096","0.125","0.125","0.125"
"1280139","0.59375","0.59375","0.59375"
"1280152","0.1875","0.1875","0.1875"
"1290002","0.0625","0.0625","0.0625"
"1290014","0.5","0.5","0.5"
"1290020","0.03125","0.03125","0.03125"
"1290030","0.21875","0.21875","0.21875"
"1290042","0.375","0.375","0.375"
"1290053","0.21875","0.21875","0.21875"
"1300000","0.53125","0.53125","0.53125"
"1300032","0.15625","0.15625","0.15625"
"1300037","0.53125","0.53125","0.53125"
"1300049","0.0625","0.0625","0.0625"
"1300127","0.03125","0.03125","0.03125"
"1300144","0.09375","0.09375","0.09375"
"1310005","0.5","0.5","0.5"
"1310007","0.28125","0.28125","0.28125"
"1310033","0.03125","0.03125","0.03125"
"1310063","0.03125","0.03125","0.03125"
"1310133","0.09375","0.09375","0.09375"
"1310135","0.0625","0.0625","0.0625"
"1320001","0.3125","0.3125","0.3125"
"1320014","0.59375","0.59375","0.59375"
"1320019","0.4375","0.4375","0.4375"
"1320041","0.25","0.25","0.25"
"1320053","0.15625","0.15625","0.15625"
"1320119","0.15625","0.15625","0.15625"
"1330009","0.34375","0.34375","0.34375"
"1330014","0.15625","0.15625","0.15625"
"1330025","0.09375","0.09375","0.09375"
"1330048","0.09375","0.09375","0.09375"
"1330067","0","0","0"
"1330116","0.125","0.125","0.125"
"1340016","0.0625","0.0625","0.0625"
"1340026","0.5","0.5","0.5"
"1340032","0.125","0.125","0.125"
"1340056","0.0625","0.0625","0.0625"
"1340063","0.125","0.125","0.125"
"1340104","0.09375","0.09375","0.09375"
"1350002","0","0","0"
"1350014","0.125","0.125","0.125"
"1350039","0.125","0.125","0.125"
"1350047","0.125","0.125","0.125"
"1350051","0.34375","0.34375","0.34375"
"1350054","0.0625","0.0625","0.0625"
"1360013","0.03125","0.03125","0.03125"
"1360016","0.28125","0.28125","0.28125"
"1360033","0.15625","0.15625","0.15625"
"1360039","0.3125","0.3125","0.3125"
"1360042","0.125","0.125","0.125"
"1360048","0.125","0.125","0.125"
"1370005","0.28125","0.28125","0.28125"
"1370010","0.34375","0.34375","0.34375"
"1370017","0.21875","0.21875","0.21875"
"1370040","0.0625","0.0625","0.0625"
"1370056","0.53125","0.53125","0.53125"
"1380007","0.375","0.375","0.375"
"1380014","0.34375","0.34375","0.34375"
"1380032","0.0625","0.0625","0.0625"
"1380041","0.28125","0.28125","0.28125"
"1380116","0.4375","0.4375","0.4375"
"1380164","0.15625","0.15625","0.15625"
"1390001","0.40625","0.40625","0.40625"
"1390003","0.15625","0.15625","0.15625"
"1390009","0.125","0.125","0.125"
"1390010","0.0625","0.0625","0.0625"
"1390051","0.40625","0.40625","0.40625"
"1390159","0.4375","0.4375","0.4375"
"1400002","0.09375","0.09375","0.09375"
"1400003","0.3125","0.3125","0.3125"
"1400012","0.0625","0.0625","0.0625"
"1400030","0.15625","0.15625","0.15625"
"1400031","0.40625","0.40625","0.40625"
"1400151","0.25","0.25","0.25"
"1410002","0.25","0.25","0.25"
"1410013","0.03125","0.03125","0.03125"
"1410016","0.03125","0.03125","0.03125"
"1410020","0.3125","0.3125","0.3125"
"1410026","0.46875","0.46875","0.46875"
"1410065","0.125","0.125","0.125"
"1420008","0","0","0"
"1420022","0.09375","0.09375","0.09375"
"1420032","0.4375","0.4375","0.4375"
"1420034","0.40625","0.40625","0.40625"
"1420054","0.21875","0.21875","0.21875"
"1420138","0.5625","0.5625","0.5625"
"1430003","0.5","0.5","0.5"
"1430012","0.125","0.125","0.125"
"1430040","0.28125","0.28125","0.28125"
"1430045","0.34375","0.34375","0.34375"
"1430067","0.15625","0.15625","0.15625"
"1430154","0.0625","0.0625","0.0625"
"1440032","0.15625","0.15625","0.15625"
"1440052","0.34375","0.34375","0.34375"
"1440068","0.21875","0.21875","0.21875"
"1440075","0.15625","0.15625","0.15625"
"1440137","0.34375","0.34375","0.34375"
"1440143","0.21875","0.21875","0.21875"
"1450003","0.53125","0.53125","0.53125"
"1450018","0.1875","0.1875","0.1875"
"1450035","0.125","0.125","0.125"
"1450042","0.28125","0.28125","0.28125"
"1450049","0.125","0.125","0.125"
"1450051","0.125","0.125","0.125"
"1460000","0.4375","0.4375","0.4375"
"1460009","0.34375","0.15625","0.53125"
"1460012","0","0","0"
"1460027","0.4375","0.4375","0.4375"
"1460082","0.15625","0.15625","0.15625"
"1470023","0.1875","0.1875","0.1875"
"1470027","0.1875","0.1875","0.1875"
"1470050","0.46875","0.46875","0.46875"
"1470055","0.03125","0","0.0625"
"1470077","0.28125","0.28125","0.28125"
"1480005","0.25","0.25","0.25"
"1480020","0","0","0"
"1480022","0.3125","0.3125","0.3125"
"1480036","0.1875","0.1875","0.1875"
"1480055","0.21875","0.21875","0.21875"
"1480060","0.0625","0.0625","0.0625"
"1490029","0.4375","0.4375","0.4375"
"1490043","0.3125","0.3125","0.3125"
"1490057","0.15625","0.15625","0.15625"
"1490068","0.15625","0.15625","0.15625"
"1490117","0.03125","0.03125","0.03125"
"1490122","0.09375","0.09375","0.09375"
"1500009","0.03125","0.03125","0.03125"
"1500018","0.28125","0.28125","0.28125"
"1500027","0.3125","0.3125","0.3125"
"1500032","0.25","0.25","0.25"
"1500062","0.3125","0.3125","0.3125"
"1500113","0.09375","0.09375","0.09375"
"1510008","0.21875","0.21875","0.21875"
"1510010","0.03125","0.03125","0.03125"
"1510024","0.21875","0.21875","0.21875"
"1510054","0.71875","0.71875","0.71875"
"1510060","0.34375","0.34375","0.34375"
"1510157","0.59375","0.59375","0.59375"
"1520005","0.59375","0.59375","0.59375"
"1520055","0.25","0.25","0.25"
"1520113","0.125","0.125","0.125"
"1520119","0.125","0.125","0.125"
"1520144","0.53125","0.53125","0.53125"
"1520177","0.28125","0.28125","0.28125"
"1530005","0","0","0"
"1530026","0.5","0.5","0.5"
"1530031","0.34375","0.34375","0.34375"
"1530041","0.4375","0.4375","0.4375"
"1530045","0.1875","0.1875","0.1875"
"1530099","0.21875","0.21875","0.21875"
"1540003","0.3125","0.3125","0.3125"
"1540029","0.3125","0.3125","0.3125"
"1540031","0.625","0.625","0.625"
"1540045","0.0625","0.0625","0.0625"
"1540086","0.25","0.25","0.25"
"1540126","0.28125","0.28125","0.28125"
"1550014","0.21875","0.21875","0.21875"
"1550018","0.5625","0.5625","0.5625"
"1550037","0.34375","0.34375","0.34375"
"1550043","0.40625","0.40625","0.40625"
"1550063","0.28125","0.28125","0.28125"
"1550140","0.21875","0.21875","0.21875"
"1560002","0.15625","0.15625","0.15625"
"1560008","0.421875","0.40625","0.4375"
"1560016","0.3125","0.3125","0.3125"
"1560019","0.4375","0.4375","0.4375"
"1560045","0.03125","0.03125","0.03125"
"1570017","0.5","0.5","0.5"
"1570023","0.375","0.375","0.375"
"1570028","0.25","0.25","0.25"
"1570034","0.25","0.25","0.25"
"1570037","0.125","0.125","0.125"
"1570061","0.5","0.5","0.5"
"1580008","0.125","0.125","0.125"
"1580019","0.21875","0.21875","0.21875"
"1580030","0.40625","0.40625","0.40625"
"1580039","0.125","0.125","0.125"
"1580076","0.53125","0.53125","0.53125"
"1580128","0.5","0.5","0.5"
"1590003","0.46875","0.46875","0.46875"
"1590010","0.53125","0.53125","0.53125"
"1590030","0.15625","0.15625","0.15625"
"1590031","0.125","0.125","0.125"
"1590061","0.15625","0.15625","0.15625"
"1590136","0.125","0.125","0.125"
"1600005","0.5","0.5","0.5"
"1600022","0.28125","0.28125","0.28125"
"1600029","0.375","0.375","0.375"
"1600034","0.25","0.25","0.25"
"1600038","0.84375","0.84375","0.84375"
"1600044","0.03125","0.03125","0.03125"
"1610002","0.09375","0.09375","0.09375"
"1610008","0.6875","0.6875","0.6875"
"1610015","0.375","0.375","0.375"
"1610027","0.15625","0.15625","0.15625"
"1610046","0.625","0.625","0.625"
"1610064","0.21875","0.21875","0.21875"
"1620010","0.40625","0.40625","0.40625"
"1620019","0.0625","0.0625","0.0625"
"1620030","0.84375","0.84375","0.84375"
"1620033","0.40625","0.40625","0.40625"
"1620044","0.15625","0.15625","0.15625"
"1620081","0.0625","0.0625","0.0625"
"1630000","0.84375","0.84375","0.84375"
"1630001","0.53125","0.53125","0.53125"
"1630006","0.09375","0.09375","0.09375"
"1630007","0.59375","0.59375","0.59375"
"1630033","0.1875","0.1875","0.1875"
"1630169","0.3125","0.3125","0.3125"
"1640001","0.5625","0.5625","0.5625"
"1640002","0.125","0.125","0.125"
"1640004","0.3125","0.3125","0.3125"
"1640043","0.03125","0.03125","0.03125"
"1640046","0.40625","0.40625","0.40625"
"1640050","0.59375","0.59375","0.59375"
"1650015","0.28125","0.28125","0.28125"
"1650016","0.03125","0.03125","0.03125"
"1650034","0.71875","0.71875","0.71875"
"1650048","0.5625","0.5625","0.5625"
"1650061","0.125","0.125","0.125"
"1650073","0.4375","0.4375","0.4375"
"1660016","0.21875","0.21875","0.21875"
"1660028","0.4375","0.4375","0.4375"
"1660034","0.40625","0.40625","0.40625"
"1660036","0.3125","0.3125","0.3125"
"1660046","0.03125","0.03125","0.03125"
"1660067","0.53125","0.53125","0.53125"
"1670013","0.375","0.375","0.375"
"1670032","0.6875","0.6875","0.6875"
"1670033","0.28125","0.28125","0.28125"
"1670047","0.71875","0.71875","0.71875"
"1670056","0.1875","0.1875","0.1875"
"1670072","0.125","0.125","0.125"
"1680017","0.21875","0.21875","0.21875"
"1680034","0.5625","0.5625","0.5625"
"1680035","0.09375","0.09375","0.09375"
"1680043","0.625","0.625","0.625"
"1680047","0.34375","0.34375","0.34375"
"1680152","0.34375","0.34375","0.34375"
"1690025","0.78125","0.78125","0.78125"
"1690028","0.1875","0.1875","0.1875"
"1690044","0.15625","0.15625","0.15625"
"1690049","0.46875","0.46875","0.46875"
"1690052","0.34375","0.25","0.4375"
"1700018","0.34375","0.34375","0.34375"
"1700022","0.5","0.5","0.5"
"1700023","0.03125","0.03125","0.03125"
"1700034","0.71875","0.71875","0.71875"
"1700066","0.1875","0.1875","0.1875"
"1700122","0.15625","0.15625","0.15625"
"1710019","0.15625","0.15625","0.15625"
"1710028","0.25","0.25","0.25"
"1710033","0.25","0.25","0.25"
"1710034","0.46875","0.46875","0.46875"
"1710042","0.625","0.625","0.625"
"1710058","0.15625","0.15625","0.15625"
"1720001","0.28125","0.28125","0.28125"
"1720016","0.625","0.625","0.625"
"1720032","0.1875","0.1875","0.1875"
"1720053","0.40625","0.40625","0.40625"
"1720065","0.0625","0.0625","0.0625"
"1720120","0.21875","0.21875","0.21875"
"1730024","0.34375","0.34375","0.34375"
"1730026","0.28125","0.28125","0.28125"
"1730042","0.21875","0.21875","0.21875"
"1730043","0.34375","0.34375","0.34375"
"1730048","0.1875","0.1875","0.1875"
"1730056","0.65625","0.65625","0.65625"
"1740003","0.28125","0.28125","0.28125"
"1740014","0.34375","0.34375","0.34375"
"1740029","0.5625","0.5625","0.5625"
"1740033","0.15625","0.15625","0.15625"
"1740048","0.25","0.25","0.25"
"1740081","0.21875","0.21875","0.21875"
"1750012","0.4375","0.25","0.625"
"1750030","0.34375","0.34375","0.34375"
"1750038","0.40625","0.40625","0.40625"
"1750057","0.375","0.375","0.375"
"1750069","0.125","0.125","0.125"
"1760017","0.1875","0.1875","0.1875"
"1760022","0.4375","0.4375","0.4375"
"1760029","0.375","0.375","0.375"
"1760057","0.25","0.25","0.25"
"1760064","0.21875","0.21875","0.21875"
"1760073","0.5625","0.5625","0.5625"
"1770006","0.375","0.375","0.375"
"1770033","0.75","0.75","0.75"
"1770046","0.03125","0.03125","0.03125"
"1770071","0.1875","0.1875","0.1875"
"1770147","0.28125","0.28125","0.28125"
"1770157","0.15625","0.15625","0.15625"
"1780039","0.625","0.625","0.625"
"1780040","0.25","0.25","0.25"
"1780048","0.1875","0.1875","0.1875"
"1780062","0.1875","0.1875","0.1875"
"1780165","0.15625","0.15625","0.15625"
"1780169","0.40625","0.40625","0.40625"
"1790038","0.21875","0.21875","0.21875"
"1790039","0.359375","0.28125","0.4375"
"1790051","0.53125","0.53125","0.53125"
"1790062","0.125","0.125","0.125"
"1790171","0.21875","0.21875","0.21875"
"1800010","0.6875","0.6875","0.6875"
"1800017","0.25","0.25","0.25"
"1800034","0.28125","0.1875","0.375"
"1800050","0.6875","0.6875","0.6875"
"1800176","0.125","0.125","0.125"
"1810003","0.5625","0.5625","0.5625"
"1810008","0.28125","0.28125","0.28125"
"1810029","0.625","0.625","0.625"
"1810030","0.1875","0.1875","0.1875"
"1810035","0.375","0.375","0.375"
"1810054","0.15625","0.15625","0.15625"
"1820028","0.65625","0.65625","0.65625"
"1820036","0.28125","0.28125","0.28125"
"1820040","0.1875","0.1875","0.1875"
"1820049","0.625","0.625","0.625"
"1820052","0.15625","0.15625","0.15625"
"1820055","0.40625","0.40625","0.40625"
"1830012","0.71875","0.71875","0.71875"
"1830016","0.5625","0.5625","0.5625"
"1830020","0.21875","0.21875","0.21875"
"1830036","0.46875","0.46875","0.46875"
"1830049","0.125","0.125","0.125"
"1830057","0.75","0.75","0.75"
"1840012","0.28125","0.28125","0.28125"
"1840016","0.375","0.375","0.375"
"1840019","0.3125","0.3125","0.3125"
"1840029","0.25","0.25","0.25"
"1840047","0.65625","0.65625","0.65625"
"1840091","0.46875","0.46875","0.46875"
"1850001","0.375","0.375","0.375"
"1850012","0.25","0.25","0.25"
"1850026","0.84375","0.84375","0.84375"
"1850029","0.3125","0.3125","0.3125"
"1850044","0.1875","0.1875","0.1875"
"1850049","0.40625","0.40625","0.40625"
"1860003","0.28125","0.28125","0.28125"
"1860005","0.5","0.5","0.5"
"1860021","0.46875","0.46875","0.46875"
"1860031","0.125","0.125","0.125"
"1860056","0.40625","0.40625","0.40625"
"1860076","0.25","0.25","0.25"
"1870003","0.75","0.75","0.75"
"1870012","0.5","0.5","0.5"
"1870014","0.34375","0.34375","0.34375"
"1870051","0.03125","0.03125","0.03125"
"1870055","0.4375","0.4375","0.4375"
"1870068","0.59375","0.59375","0.59375"
"1880015","0.4375","0.4375","0.4375"
"1880021","0.1875","0.1875","0.1875"
"1880037","0.40625","0.40625","0.40625"
"1880042","0.625","0.625","0.625"
"1880058","0.3125","0.3125","0.3125"
"1880102","0.5","0.5","0.5"
"1890000","0.3125","0.3125","0.3125"
"1890039","0.34375","0.34375","0.34375"
"1890045","0.5625","0.5625","0.5625"
"1890053","0.453125","0.4375","0.46875"
"1890077","0.4375","0.4375","0.4375"
"1900006","0.78125","0.78125","0.78125"
"1900019","0.5","0.5","0.5"
"1900021","0.3125","0.3125","0.3125"
"1900024","0.5625","0.5625","0.5625"
"1900055","0.53125","0.53125","0.53125"
"1900062","0.3125","0.3125","0.3125"
"1910002","0.28125","0.28125","0.28125"
"1910008","0.625","0.625","0.625"
"1910043","0.65625","0.65625","0.65625"
"1910052","0.375","0.375","0.375"
"1910057","0.25","0.25","0.25"
"1910076","0.375","0.375","0.375"
"1920001","0.375","0.375","0.375"
"1920003","0.21875","0.21875","0.21875"
"1920011","0.375","0.375","0.375"
"1920012","0.5","0.5","0.5"
"1920056","0.5","0.5","0.5"
"1920057","0.53125","0.53125","0.53125"
"1930010","0.375","0.375","0.375"
"1930023","0.5625","0.5625","0.5625"
"1930024","0.40625","0.40625","0.40625"
"1930051","0.09375","0.09375","0.09375"
"1930052","0.59375","0.59375","0.59375"
"1930074","0.5","0.5","0.5"
"1940008","0.46875","0.46875","0.46875"
"1940022","0.34375","0.34375","0.34375"
"1940034","0.15625","0.15625","0.15625"
"1940042","0.28125","0.28125","0.28125"
"1940049","0.34375","0.34375","0.34375"
"1940074","0.53125","0.53125","0.53125"
"1950003","0.375","0.375","0.375"
"1950021","0.40625","0.40625","0.40625"
"1950023","0.3125","0.3125","0.3125"
"1950043","0.625","0.625","0.625"
"1950062","0.65625","0.65625","0.65625"
"1950153","0.40625","0.40625","0.40625"
"1960005","0.40625","0.40625","0.40625"
"1960008","0.25","0.25","0.25"
"1960022","0.6875","0.6875","0.6875"
"1960031","0.375","0.375","0.375"
"1960039","0.40625","0.40625","0.40625"
"1960103","0.40625","0.40625","0.40625"
"1970001","0.125","0.125","0.125"
"1970010","0.375","0.375","0.375"
"1970022","0.125","0.125","0.125"
"1970027","0.3125","0.3125","0.3125"
"1970041","0.5","0.5","0.5"
"1970043","0.34375","0.34375","0.34375"
"1980002","0.46875","0.46875","0.46875"
"1980011","0.21875","0.21875","0.21875"
"1980059","0.34375","0.34375","0.34375"
"1980060","0.59375","0.59375","0.59375"
"1980066","0.4375","0.4375","0.4375"
"1980134","0.0625","0.0625","0.0625"
"1990006","0.25","0.25","0.25"
"1990010","0.1875","0.1875","0.1875"
"1990025","0.25","0.25","0.25"
"1990042","0.78125","0.78125","0.78125"
"1990047","0.375","0.375","0.375"
"1990060","0.40625","0.40625","0.40625"
"2000013","0.1875","0.1875","0.1875"
"2000019","0.40625","0.40625","0.40625"
"2000025","0.75","0.75","0.75"
"2000042","0.28125","0.28125","0.28125"
"2000067","0.65625","0.65625","0.65625"
"2000128","0.375","0.375","0.375"