"Step","Group: zerg_10_vs_11_ACORM - win_rate","Group: zerg_10_vs_11_ACORM - win_rate__MIN","Group: zerg_10_vs_11_ACORM - win_rate__MAX"
"0","0","0","0"
"10220","0","0","0"
"10221","0","0","0"
"10228","0.0625","0.0625","0.0625"
"10229","0","0","0"
"10233","0","0","0"
"10236","0","0","0"
"20221","0.03125","0.03125","0.03125"
"20232","0","0","0"
"20235","0","0","0"
"20238","0.03125","0.03125","0.03125"
"20253","0","0","0"
"20261","0","0","0"
"30222","0","0","0"
"30234","0","0","0"
"30240","0","0","0"
"30247","0","0","0"
"30249","0","0","0"
"30255","0","0","0"
"40231","0","0","0"
"40232","0.03125","0.03125","0.03125"
"40234","0.03125","0.03125","0.03125"
"40236","0","0","0"
"40243","0","0","0"
"40272","0.03125","0.03125","0.03125"
"50222","0","0","0"
"50231","0.03125","0.03125","0.03125"
"50240","0","0","0"
"50242","0","0","0"
"50245","0","0","0"
"50251","0","0","0"
"60220","0","0","0"
"60225","0.015625","0","0.03125"
"60236","0","0","0"
"60240","0","0","0"
"60262","0","0","0"
"70223","0","0","0"
"70237","0.015625","0","0.03125"
"70238","0","0","0"
"70239","0.03125","0.03125","0.03125"
"70254","0","0","0"
"80223","0","0","0"
"80225","0","0","0"
"80239","0","0","0"
"80240","0","0","0"
"80241","0","0","0"
"80276","0.03125","0.03125","0.03125"
"90221","0.03125","0.03125","0.03125"
"90232","0","0","0"
"90233","0","0","0"
"90234","0.03125","0.03125","0.03125"
"90247","0","0","0"
"100226","0","0","0"
"100236","0","0","0"
"100241","0.03125","0.03125","0.03125"
"100242","0","0","0"
"100253","0","0","0"
"110221","0","0","0"
"110222","0","0","0"
"110230","0","0","0"
"110238","0","0","0"
"110243","0","0","0"
"110250","0","0","0"
"120229","0.03125","0.03125","0.03125"
"120231","0","0","0"
"120233","0","0","0"
"120236","0","0","0"
"120247","0.03125","0.03125","0.03125"
"120252","0","0","0"
"130220","0","0","0"
"130230","0","0","0"
"130231","0","0","0"
"130243","0","0","0"
"130256","0","0","0"
"130268","0","0","0"
"140231","0.03125","0.03125","0.03125"
"140233","0.010416666666666666","0","0.03125"
"140249","0.03125","0.03125","0.03125"
"140253","0","0","0"
"150225","0.03125","0.03125","0.03125"
"150226","0.03125","0.03125","0.03125"
"150229","0","0","0"
"150231","0","0","0"
"150233","0","0","0"
"150253","0","0","0"
"160227","0","0","0"
"160231","0","0","0"
"160235","0.03125","0.03125","0.03125"
"160245","0","0","0"
"160259","0","0","0"
"160269","0.03125","0.03125","0.03125"
"170223","0.03125","0.03125","0.03125"
"170227","0","0","0"
"170228","0","0","0"
"170236","0","0","0"
"170245","0","0","0"
"170248","0","0","0"
"180222","0.03125","0.03125","0.03125"
"180232","0.03125","0.03125","0.03125"
"180241","0.03125","0.03125","0.03125"
"180243","0","0","0"
"180253","0","0","0"
"180256","0","0","0"
"190221","0.03125","0.03125","0.03125"
"190224","0","0","0"
"190227","0.03125","0.03125","0.03125"
"190239","0","0","0"
"190248","0.03125","0.03125","0.03125"
"190253","0","0","0"
"200221","0","0","0"
"200226","0.03125","0.03125","0.03125"
"200229","0","0","0"
"200238","0.03125","0.03125","0.03125"
"200239","0","0","0"
"200257","0","0","0"
"210225","0","0","0"
"210227","0","0","0"
"210228","0","0","0"
"210232","0","0","0"
"210234","0","0","0"
"220225","0","0","0"
"220228","0","0","0"
"220233","0","0","0"
"220234","0","0","0"
"220246","0.03125","0.03125","0.03125"
"220265","0","0","0"
"230223","0.03125","0.03125","0.03125"
"230225","0.03125","0.03125","0.03125"
"230233","0","0","0"
"230235","0.0625","0.0625","0.0625"
"230238","0","0","0"
"230249","0","0","0"
"240220","0.03125","0.03125","0.03125"
"240226","0","0","0"
"240235","0","0","0"
"240237","0","0","0"
"240243","0.03125","0.03125","0.03125"
"240252","0.03125","0.03125","0.03125"
"250220","0","0","0"
"250223","0","0","0"
"250229","0","0","0"
"250230","0","0","0"
"250248","0.0625","0.0625","0.0625"
"260229","0.03125","0.03125","0.03125"
"260231","0","0","0"
"260236","0.03125","0.03125","0.03125"
"260237","0.015625","0","0.03125"
"260244","0","0","0"
"270226","0","0","0"
"270231","0","0","0"
"270232","0.0625","0.0625","0.0625"
"270237","0.03125","0.03125","0.03125"
"270242","0.0625","0.0625","0.0625"
"270248","0.0625","0.0625","0.0625"
"280220","0","0","0"
"280224","0","0","0"
"280229","0","0","0"
"280231","0.0625","0.0625","0.0625"
"280243","0.03125","0.03125","0.03125"
"280245","0","0","0"
"290227","0.03125","0.03125","0.03125"
"290236","0","0","0"
"290240","0","0","0"
"290248","0","0","0"
"290251","0.03125","0.03125","0.03125"
"300224","0","0","0"
"300231","0.015625","0","0.03125"
"300236","0.03125","0.03125","0.03125"
"300241","0","0","0"
"310225","0","0","0"
"310227","0.03125","0.03125","0.03125"
"310228","0","0","0"
"310232","0","0","0"
"310233","0.03125","0.03125","0.03125"
"310251","0.0625","0.0625","0.0625"
"320220","0.03125","0.03125","0.03125"
"320226","0","0","0"
"320232","0","0","0"
"320244","0.0625","0.0625","0.0625"
"320246","0","0","0"
"320262","0","0","0"
"330229","0","0","0"
"330234","0","0","0"
"330235","0","0","0"
"330241","0.125","0.125","0.125"
"330244","0","0","0"
"330259","0.03125","0.03125","0.03125"
"340223","0.010416666666666666","0","0.03125"
"340225","0","0","0"
"340242","0","0","0"
"340248","0.03125","0.03125","0.03125"
"350224","0","0","0"
"350229","0","0","0"
"350240","0","0","0"
"350243","0.03125","0.03125","0.03125"
"350261","0","0","0"
"360221","0","0","0"
"360227","0","0","0"
"360232","0.03125","0.03125","0.03125"
"360234","0","0","0"
"360250","0.03125","0.03125","0.03125"
"370234","0.03125","0.03125","0.03125"
"370239","0","0","0"
"370243","0.03125","0","0.0625"
"370247","0","0","0"
"370254","0","0","0"
"380225","0.03125","0.03125","0.03125"
"380228","0","0","0"
"380229","0.0625","0.0625","0.0625"
"380241","0.03125","0.03125","0.03125"
"380248","0","0","0"
"380254","0","0","0"
"390220","0","0","0"
"390222","0.0625","0.0625","0.0625"
"390223","0","0","0"
"390225","0.03125","0.03125","0.03125"
"390244","0","0","0"
"390250","0","0","0"
"400224","0","0","0"
"400227","0.015625","0","0.03125"
"400233","0","0","0"
"400236","0","0","0"
"400249","0.0625","0.0625","0.0625"
"410225","0.03125","0.03125","0.03125"
"410236","0","0","0"
"410239","0","0","0"
"410241","0","0","0"
"410243","0.03125","0.03125","0.03125"
"410244","0","0","0"
"420223","0.0625","0.0625","0.0625"
"420227","0.03125","0.03125","0.03125"
"420231","0","0","0"
"420240","0","0","0"
"420243","0","0","0"
"420245","0.0625","0.0625","0.0625"
"430226","0","0","0"
"430231","0","0","0"
"430236","0.0625","0.0625","0.0625"
"430237","0","0","0"
"430241","0.03125","0.03125","0.03125"
"430253","0","0","0"
"440226","0","0","0"
"440230","0.09375","0.09375","0.09375"
"440234","0.09375","0.09375","0.09375"
"440237","0","0","0"
"440240","0","0","0"
"450220","0.0625","0.0625","0.0625"
"450230","0","0","0"
"450239","0","0","0"
"450240","0.03125","0.03125","0.03125"
"450269","0","0","0"
"460222","0.03125","0.03125","0.03125"
"460234","0.046875","0.03125","0.0625"
"460237","0.0625","0.0625","0.0625"
"460245","0","0","0"
"470220","0.015625","0","0.03125"
"470222","0","0","0"
"470247","0.125","0.125","0.125"
"470261","0","0","0"
"480221","0.03125","0","0.0625"
"480226","0.03125","0.03125","0.03125"
"480241","0","0","0"
"480244","0","0","0"
"490225","0","0","0"
"490227","0","0","0"
"490236","0.03125","0.03125","0.03125"
"490237","0","0","0"
"490259","0","0","0"
"500220","0","0","0"
"500223","0","0","0"
"500229","0.03125","0.03125","0.03125"
"500230","0","0","0"
"500250","0","0","0"
"510229","0.0625","0.0625","0.0625"
"510230","0.03125","0.03125","0.03125"
"510241","0","0","0"
"510246","0.03125","0.03125","0.03125"
"510251","0","0","0"
"520221","0","0","0"
"520228","0","0","0"
"520236","0.03125","0.03125","0.03125"
"520237","0","0","0"
"520243","0","0","0"
"530228","0","0","0"
"530232","0.0625","0.0625","0.0625"
"530235","0.0625","0.0625","0.0625"
"530253","0.03125","0.03125","0.03125"
"530255","0.03125","0.03125","0.03125"
"540223","0","0","0"
"540244","0.0625","0.0625","0.0625"
"540248","0","0","0"
"540276","0","0","0"
"550222","0.09375","0.09375","0.09375"
"550234","0.03125","0","0.0625"
"550236","0","0","0"
"550257","0","0","0"
"560229","0.03125","0.03125","0.03125"
"560231","0","0","0"
"560242","0.03125","0.03125","0.03125"
"560243","0","0","0"
"560245","0.0625","0.0625","0.0625"
"570220","0.03125","0.03125","0.03125"
"570221","0.03125","0.03125","0.03125"
"570229","0","0","0"
"570240","0","0","0"
"570247","0","0","0"
"580223","0.03125","0.03125","0.03125"
"580225","0.0625","0.0625","0.0625"
"580228","0.03125","0.03125","0.03125"
"580229","0","0","0"
"580235","0.09375","0.09375","0.09375"
"590227","0","0","0"
"590234","0.09375","0.09375","0.09375"
"590235","0","0","0"
"590242","0.0625","0.0625","0.0625"
"590279","0.03125","0.03125","0.03125"
"600222","0.0625","0.0625","0.0625"
"600232","0.0625","0.0625","0.0625"
"600240","0","0","0"
"600243","0.03125","0.03125","0.03125"
"600245","0","0","0"
"610224","0","0","0"
"610234","0.03125","0.03125","0.03125"
"610239","0.03125","0.03125","0.03125"
"610241","0.0625","0.0625","0.0625"
"610244","0.03125","0.03125","0.03125"
"620225","0.015625","0","0.03125"
"620227","0.03125","0.03125","0.03125"
"620230","0.03125","0.03125","0.03125"
"620232","0","0","0"
"630221","0","0","0"
"630223","0","0","0"
"630224","0.09375","0.09375","0.09375"
"630231","0.0625","0.0625","0.0625"
"630244","0","0","0"
"640221","0.03125","0.03125","0.03125"
"640226","0","0","0"
"640236","0.03125","0.03125","0.03125"
"640237","0","0","0"
"640241","0.0625","0.0625","0.0625"
"650229","0.015625","0","0.03125"
"650235","0.03125","0.03125","0.03125"
"650237","0.03125","0.03125","0.03125"
"650242","0.03125","0.03125","0.03125"
"660223","0","0","0"
"660225","0.03125","0.03125","0.03125"
"660227","0.0625","0.0625","0.0625"
"660228","0.0625","0.0625","0.0625"
"660229","0.0625","0.0625","0.0625"
"670225","0.03125","0.03125","0.03125"
"670226","0.0625","0.0625","0.0625"
"670240","0","0","0"
"670241","0","0","0"
"670242","0.09375","0.09375","0.09375"
"680227","0.03125","0.03125","0.03125"
"680230","0","0","0"
"680234","0","0","0"
"680237","0.03125","0.03125","0.03125"
"680240","0.03125","0.03125","0.03125"
"690224","0.125","0.125","0.125"
"690232","0","0","0"
"690237","0.03125","0.03125","0.03125"
"690239","0.09375","0.09375","0.09375"
"690254","0.03125","0.03125","0.03125"
"700227","0","0","0"
"700231","0","0","0"
"700232","0.03125","0.03125","0.03125"
"700238","0.03125","0.03125","0.03125"
"700242","0.03125","0.03125","0.03125"
"710221","0","0","0"
"710230","0","0","0"
"710232","0","0","0"
"710235","0.03125","0.03125","0.03125"
"710242","0","0","0"
"720222","0.03125","0.03125","0.03125"
"720234","0.015625","0","0.03125"
"720242","0.03125","0.03125","0.03125"
"720247","0.09375","0.09375","0.09375"
"730221","0.03125","0.03125","0.03125"
"730225","0.09375","0.09375","0.09375"
"730230","0.03125","0.03125","0.03125"
"730239","0.03125","0.03125","0.03125"
"730243","0.0625","0.0625","0.0625"
"740220","0","0","0"
"740228","0.0625","0.0625","0.0625"
"740230","0","0","0"
"740244","0","0","0"
"740262","0.03125","0.03125","0.03125"
"750225","0.03125","0.03125","0.03125"
"750234","0","0","0"
"750239","0.03125","0.03125","0.03125"
"750246","0.09375","0.09375","0.09375"
"750259","0.09375","0.09375","0.09375"
"760226","0.0625","0.0625","0.0625"
"760234","0.03125","0.03125","0.03125"
"760254","0.0625","0.0625","0.0625"
"760265","0.03125","0.03125","0.03125"
"770225","0.03125","0.03125","0.03125"
"770227","0","0","0"
"770235","0","0","0"
"770241","0.03125","0.03125","0.03125"
"770242","0","0","0"
"780233","0.125","0.125","0.125"
"780236","0","0","0"
"780238","0.03125","0.03125","0.03125"
"780245","0.0625","0.0625","0.0625"
"780249","0","0","0"
"790229","0","0","0"
"790231","0.0625","0.0625","0.0625"
"790237","0.03125","0.03125","0.03125"
"790251","0","0","0"
"800223","0.09375","0.09375","0.09375"
"800231","0.0625","0.0625","0.0625"
"800235","0.0625","0.0625","0.0625"
"800238","0.03125","0.03125","0.03125"
"800241","0","0","0"
"810221","0","0","0"
"810223","0.0625","0.0625","0.0625"
"810226","0","0","0"
"810229","0.09375","0.09375","0.09375"
"810232","0.03125","0.03125","0.03125"
"820220","0.0625","0.0625","0.0625"
"820226","0.0625","0.0625","0.0625"
"820229","0.0625","0.0625","0.0625"
"820235","0.09375","0.09375","0.09375"
"820241","0.0625","0.0625","0.0625"
"830220","0","0","0"
"830231","0","0","0"
"830237","0.03125","0.03125","0.03125"
"830240","0.03125","0.03125","0.03125"
"830245","0.03125","0.03125","0.03125"
"840222","0.125","0.125","0.125"
"840228","0.046875","0.03125","0.0625"
"840232","0.0625","0.0625","0.0625"
"840268","0.0625","0.0625","0.0625"
"850222","0","0","0"
"850224","0","0","0"
"850225","0.125","0.125","0.125"
"850232","0.15625","0.15625","0.15625"
"850254","0.03125","0.03125","0.03125"
"860221","0.09375","0.09375","0.09375"
"860234","0","0","0"
"860240","0.09375","0.09375","0.09375"
"860266","0.03125","0.03125","0.03125"
"860292","0","0","0"
"870224","0.03125","0.03125","0.03125"
"870231","0.03125","0.03125","0.03125"
"870232","0","0","0"
"870238","0.03125","0.03125","0.03125"
"870255","0.09375","0.09375","0.09375"
"880225","0.09375","0.09375","0.09375"
"880228","0","0","0"
"880245","0","0","0"
"880246","0.0625","0.0625","0.0625"
"880280","0","0","0"
"890230","0.03125","0.03125","0.03125"
"890231","0.03125","0.03125","0.03125"
"890233","0.15625","0.15625","0.15625"
"890235","0","0","0"
"900220","0.03125","0","0.0625"
"900224","0.03125","0.03125","0.03125"
"900243","0.0625","0.0625","0.0625"
"900244","0.0625","0.0625","0.0625"
"910223","0.03125","0.03125","0.03125"
"910233","0.09375","0.09375","0.09375"
"910235","0.0625","0.0625","0.0625"
"910251","0","0","0"
"910265","0.09375","0.09375","0.09375"
"920222","0.03125","0.03125","0.03125"
"920228","0.0625","0.0625","0.0625"
"920229","0.09375","0.09375","0.09375"
"920230","0.03125","0.03125","0.03125"
"920233","0.03125","0.03125","0.03125"
"930220","0.03125","0.03125","0.03125"
"930221","0.125","0.125","0.125"
"930230","0","0","0"
"930233","0","0","0"
"930234","0.0625","0.0625","0.0625"
"940228","0.03125","0.03125","0.03125"
"940236","0","0","0"
"940240","0.03125","0.03125","0.03125"
"940244","0.125","0.125","0.125"
"940246","0.03125","0.03125","0.03125"
"950226","0.09375","0.09375","0.09375"
"950231","0.0625","0.0625","0.0625"
"950244","0.09375","0.09375","0.09375"
"950248","0.0625","0.0625","0.0625"
"950251","0","0","0"
"960227","0.03125","0.03125","0.03125"
"960243","0.0625","0.0625","0.0625"
"960251","0.0625","0.0625","0.0625"
"960280","0.03125","0.03125","0.03125"
"960286","0.09375","0.09375","0.09375"
"970226","0.15625","0.15625","0.15625"
"970227","0","0","0"
"970232","0.09375","0.09375","0.09375"
"970262","0.09375","0.09375","0.09375"
"980228","0","0","0"
"980229","0.03125","0.03125","0.03125"
"980231","0.046875","0.03125","0.0625"
"980242","0","0","0"
"990233","0.125","0.125","0.125"
"990234","0","0","0"
"990236","0.0625","0.0625","0.0625"
"990245","0.0625","0.0625","0.0625"
"990254","0.125","0.125","0.125"
"1000222","0.0625","0.0625","0.0625"
"1000227","0","0","0"
"1000230","0","0","0"
"1000243","0.09375","0.09375","0.09375"
"1010221","0","0","0"
"1010225","0","0","0"
"1010229","0","0","0"
"1010230","0.0625","0.0625","0.0625"
"1010234","0","0","0"
"1020223","0","0","0"
"1020226","0.09375","0.09375","0.09375"
"1020232","0.0625","0.0625","0.0625"
"1020235","0.0625","0.0625","0.0625"
"1030225","0","0","0"
"1030227","0.03125","0.03125","0.03125"
"1030230","0.09375","0.09375","0.09375"
"1030248","0.0625","0.0625","0.0625"
"1040230","0.09375","0.09375","0.09375"
"1040233","0","0","0"
"1040236","0.125","0.125","0.125"
"1040237","0","0","0"
"1050221","0.03125","0.03125","0.03125"
"1050228","0.09375","0.09375","0.09375"
"1050234","0.03125","0.03125","0.03125"
"1050241","0.125","0.125","0.125"
"1060220","0.03125","0.03125","0.03125"
"1060238","0","0","0"
"1060252","0.0625","0.0625","0.0625"
"1060256","0.0625","0.0625","0.0625"
"1070223","0.09375","0.09375","0.09375"
"1070231","0","0","0"
"1070234","0.09375","0.09375","0.09375"
"1070238","0.0625","0.0625","0.0625"
"1080238","0.03125","0.03125","0.03125"
"1080239","0.125","0.125","0.125"
"1080245","0.0625","0.0625","0.0625"
"1090244","0","0","0"
"1090247","0.125","0.125","0.125"
"1090249","0.09375","0.09375","0.09375"
"1090253","0.09375","0.09375","0.09375"
"1100221","0.0625","0.0625","0.0625"
"1100222","0.09375","0.09375","0.09375"
"1100226","0.03125","0.03125","0.03125"
"1100229","0.0625","0.0625","0.0625"
"1110220","0.03125","0.03125","0.03125"
"1110228","0.03125","0.03125","0.03125"
"1110232","0.0625","0.0625","0.0625"
"1110238","0.125","0.125","0.125"
"1120222","0.03125","0.03125","0.03125"
"1120224","0.03125","0.03125","0.03125"
"1120247","0.21875","0.21875","0.21875"
"1120253","0.09375","0.09375","0.09375"
"1130228","0.125","0.125","0.125"
"1130235","0.0625","0.0625","0.0625"
"1130237","0.0625","0.0625","0.0625"
"1130240","0.09375","0.09375","0.09375"
"1140226","0.03125","0.03125","0.03125"
"1140229","0.0625","0.0625","0.0625"
"1140252","0.09375","0.09375","0.09375"
"1140256","0.09375","0.09375","0.09375"
"1150221","0","0","0"
"1150235","0.09375","0.09375","0.09375"
"1150238","0.09375","0.09375","0.09375"
"1150252","0.21875","0.21875","0.21875"
"1160231","0.21875","0.21875","0.21875"
"1160243","0.09375","0.09375","0.09375"
"1160245","0","0","0"
"1160249","0.21875","0.21875","0.21875"
"1170231","0.03125","0.03125","0.03125"
"1170249","0.09375","0.09375","0.09375"
"1170252","0.21875","0.21875","0.21875"
"1170264","0.0625","0.0625","0.0625"
"1180221","0.1875","0.1875","0.1875"
"1180231","0.0625","0.0625","0.0625"
"1180256","0.15625","0.15625","0.15625"
"1180274","0.125","0.125","0.125"
"1190221","0","0","0"
"1190232","0.09375","0.09375","0.09375"
"1190246","0.09375","0.09375","0.09375"
"1190253","0.1875","0.1875","0.1875"
"1200229","0.1875","0.1875","0.1875"
"1200232","0.09375","0.09375","0.09375"
"1200235","0.03125","0.03125","0.03125"
"1200240","0.09375","0.09375","0.09375"
"1210223","0.125","0.125","0.125"
"1210232","0.125","0.125","0.125"
"1210247","0.03125","0.03125","0.03125"
"1210265","0.125","0.125","0.125"
"1220228","0.09375","0.09375","0.09375"
"1220229","0.125","0.125","0.125"
"1220241","0.03125","0.03125","0.03125"
"1220246","0.15625","0.15625","0.15625"
"1230228","0","0","0"
"1230243","0.140625","0","0.28125"
"1230250","0.09375","0.09375","0.09375"
"1240229","0","0","0"
"1240230","0.15625","0.15625","0.15625"
"1240237","0.09375","0.09375","0.09375"
"1240256","0.25","0.25","0.25"
"1250221","0.125","0.125","0.125"
"1250226","0.03125","0.03125","0.03125"
"1250243","0.09375","0.09375","0.09375"
"1250272","0.09375","0.09375","0.09375"
"1260227","0.09375","0.09375","0.09375"
"1260228","0.03125","0.03125","0.03125"
"1260229","0.09375","0.09375","0.09375"
"1260253","0.03125","0.03125","0.03125"
"1270220","0","0","0"
"1270229","0.09375","0.09375","0.09375"
"1270235","0.1875","0.1875","0.1875"
"1270238","0","0","0"
"1280226","0.09375","0.09375","0.09375"
"1280229","0.15625","0.15625","0.15625"
"1280230","0.03125","0.03125","0.03125"
"1280238","0.1875","0.1875","0.1875"
"1290237","0.09375","0.09375","0.09375"
"1290248","0.03125","0","0.0625"
"1290258","0.21875","0.21875","0.21875"
"1300223","0.03125","0.03125","0.03125"
"1300240","0.1875","0.1875","0.1875"
"1300241","0.09375","0.09375","0.09375"
"1300267","0.0625","0.0625","0.0625"
"1310220","0","0","0"
"1310224","0.25","0.25","0.25"
"1310246","0.0625","0.0625","0.0625"
"1310256","0.125","0.125","0.125"
"1320227","0.28125","0.28125","0.28125"
"1320232","0.1875","0.1875","0.1875"
"1320248","0.0625","0.0625","0.0625"
"1320249","0.0625","0.0625","0.0625"
"1330225","0","0","0"
"1330227","0.0625","0.0625","0.0625"
"1330235","0.09375","0.09375","0.09375"
"1330245","0.125","0.125","0.125"
"1340224","0.03125","0.03125","0.03125"
"1340237","0.09375","0.09375","0.09375"
"1340240","0.1875","0.1875","0.1875"
"1340299","0.09375","0.09375","0.09375"
"1350220","0.21875","0.21875","0.21875"
"1350238","0.03125","0.03125","0.03125"
"1350239","0.15625","0.15625","0.15625"
"1350244","0.0625","0.0625","0.0625"
"1360224","0.09375","0.09375","0.09375"
"1360240","0.03125","0.03125","0.03125"
"1360242","0.125","0.125","0.125"
"1360247","0.28125","0.28125","0.28125"
"1370241","0","0","0"
"1370242","0.1875","0.1875","0.1875"
"1370243","0.1875","0.1875","0.1875"
"1370260","0.1875","0.1875","0.1875"
"1380239","0.21875","0.21875","0.21875"
"1380242","0.09375","0.09375","0.09375"
"1380253","0.03125","0.03125","0.03125"
"1380273","0.1875","0.1875","0.1875"
"1390242","0.125","0.125","0.125"
"1390245","0.03125","0.03125","0.03125"
"1390248","0.125","0.125","0.125"
"1390257","0.25","0.25","0.25"
"1400228","0.09375","0.09375","0.09375"
"1400231","0.15625","0.15625","0.15625"
"1400240","0.15625","0.15625","0.15625"
"1400243","0.1875","0.1875","0.1875"
"1410237","0","0","0"
"1410245","0.15625","0.15625","0.15625"
"1410254","0.25","0.25","0.25"
"1410258","0.28125","0.28125","0.28125"
"1420231","0.09375","0.09375","0.09375"
"1420236","0.1875","0.1875","0.1875"
"1420252","0.09375","0.09375","0.09375"
"1420263","0.1875","0.1875","0.1875"
"1430223","0.21875","0.21875","0.21875"
"1430238","0.21875","0.21875","0.21875"
"1430251","0.0625","0.0625","0.0625"
"1430270","0.1875","0.1875","0.1875"
"1440227","0.15625","0.15625","0.15625"
"1440240","0.1875","0.1875","0.1875"
"1440251","0.3125","0.3125","0.3125"
"1440256","0.0625","0.0625","0.0625"
"1450220","0.21875","0.21875","0.21875"
"1450234","0.1875","0.1875","0.1875"
"1450255","0.09375","0.09375","0.09375"
"1450272","0.03125","0.03125","0.03125"
"1460226","0","0","0"
"1460241","0.1875","0.1875","0.1875"
"1460255","0.1875","0.1875","0.1875"
"1460263","0.125","0.125","0.125"
"1470228","0.21875","0.21875","0.21875"
"1470235","0.03125","0.03125","0.03125"
"1470238","0.125","0.125","0.125"
"1470256","0.25","0.25","0.25"
"1480224","0.3125","0.3125","0.3125"
"1480236","0.0625","0.0625","0.0625"
"1480241","0.15625","0.15625","0.15625"
"1480249","0.15625","0.15625","0.15625"
"1490230","0.25","0.25","0.25"
"1490232","0.28125","0.28125","0.28125"
"1490252","0.0625","0.0625","0.0625"
"1490257","0.03125","0.03125","0.03125"
"1500225","0.0625","0.0625","0.0625"
"1500231","0.03125","0.03125","0.03125"
"1500232","0.25","0.25","0.25"
"1500256","0.3125","0.3125","0.3125"
"1510222","0.0625","0.0625","0.0625"
"1510223","0.0625","0.0625","0.0625"
"1510230","0.1875","0.0625","0.3125"
"1520224","0.03125","0.03125","0.03125"
"1520225","0.15625","0.15625","0.15625"
"1520227","0.1875","0.1875","0.1875"
"1520233","0.1875","0.1875","0.1875"
"1530227","0.09375","0.09375","0.09375"
"1530236","0.15625","0.15625","0.15625"
"1530239","0.125","0.125","0.125"
"1540228","0.21875","0.21875","0.21875"
"1540235","0.21875","0.21875","0.21875"
"1540236","0.03125","0.03125","0.03125"
"1540243","0.28125","0.28125","0.28125"
"1550231","0.21875","0.21875","0.21875"
"1550233","0.21875","0.21875","0.21875"
"1550234","0.0625","0.0625","0.0625"
"1550242","0.25","0.25","0.25"
"1560225","0.25","0.25","0.25"
"1560244","0.0625","0.0625","0.0625"
"1560268","0.03125","0.03125","0.03125"
"1560295","0.1875","0.1875","0.1875"
"1570225","0.09375","0.09375","0.09375"
"1570232","0.21875","0.21875","0.21875"
"1570236","0.25","0.25","0.25"
"1570243","0.15625","0.15625","0.15625"
"1580221","0.125","0.125","0.125"
"1580225","0.03125","0.03125","0.03125"
"1580226","0.125","0.125","0.125"
"1580241","0.09375","0.09375","0.09375"
"1590222","0.21875","0.21875","0.21875"
"1590239","0.1875","0.1875","0.1875"
"1590244","0.09375","0.09375","0.09375"
"1590252","0.15625","0.15625","0.15625"
"1600225","0.03125","0.03125","0.03125"
"1600226","0.21875","0.21875","0.21875"
"1600233","0.125","0.125","0.125"
"1600250","0.1875","0.1875","0.1875"
"1610225","0","0","0"
"1610227","0.28125","0.28125","0.28125"
"1610248","0.1875","0.1875","0.1875"
"1610250","0.125","0.125","0.125"
"1620227","0.15625","0.15625","0.15625"
"1620230","0.3125","0.3125","0.3125"
"1620238","0.0625","0.0625","0.0625"
"1620239","0.15625","0.15625","0.15625"
"1630241","0.1875","0.1875","0.1875"
"1630242","0.09375","0.09375","0.09375"
"1630244","0.125","0.03125","0.21875"
"1640226","0.03125","0.03125","0.03125"
"1640234","0.1875","0.1875","0.1875"
"1640244","0.125","0.125","0.125"
"1640247","0.21875","0.21875","0.21875"
"1650231","0.1875","0.1875","0.1875"
"1650245","0.21875","0.21875","0.21875"
"1650247","0.09375","0.09375","0.09375"
"1650250","0.09375","0.09375","0.09375"
"1660225","0.25","0.25","0.25"
"1660232","0.09375","0.09375","0.09375"
"1660233","0.03125","0.03125","0.03125"
"1660252","0.125","0.125","0.125"
"1670220","0.09375","0.09375","0.09375"
"1670227","0.34375","0.34375","0.34375"
"1670239","0","0","0"
"1670240","0.21875","0.21875","0.21875"
"1680220","0.03125","0.03125","0.03125"
"1680222","0.125","0.125","0.125"
"1680254","0.09375","0.09375","0.09375"
"1680259","0.21875","0.21875","0.21875"
"1690222","0.03125","0.03125","0.03125"
"1690229","0.15625","0.15625","0.15625"
"1690250","0.09375","0.09375","0.09375"
"1690280","0.1875","0.1875","0.1875"
"1700226","0.1875","0.1875","0.1875"
"1700228","0.34375","0.34375","0.34375"
"1700244","0.09375","0.09375","0.09375"
"1700245","0.15625","0.15625","0.15625"
"1710220","0.0625","0.0625","0.0625"
"1710226","0.21875","0.21875","0.21875"
"1710242","0.09375","0.09375","0.09375"
"1710245","0.15625","0.15625","0.15625"
"1720222","0.25","0.25","0.25"
"1720227","0.15625","0.15625","0.15625"
"1720240","0.0625","0.0625","0.0625"
"1720246","0.28125","0.28125","0.28125"
"1730225","0.0625","0.0625","0.0625"
"1730226","0.3125","0.3125","0.3125"
"1730244","0.0625","0.0625","0.0625"
"1730247","0.15625","0.15625","0.15625"
"1740241","0.1875","0.1875","0.1875"
"1740248","0.0625","0.0625","0.0625"
"1740249","0.1875","0.1875","0.1875"
"1740266","0.15625","0.15625","0.15625"
"1750220","0.125","0.125","0.125"
"1750223","0.03125","0.03125","0.03125"
"1750227","0.15625","0.15625","0.15625"
"1750236","0.15625","0.15625","0.15625"
"1760224","0","0","0"
"1760231","0.3125","0.3125","0.3125"
"1760238","0.1875","0.1875","0.1875"
"1760246","0.21875","0.21875","0.21875"
"1770228","0.28125","0.28125","0.28125"
"1770249","0.21875","0.21875","0.21875"
"1770252","0.03125","0.03125","0.03125"
"1770256","0.15625","0.15625","0.15625"
"1780221","0.109375","0.03125","0.1875"
"1780241","0.1875","0.1875","0.1875"
"1780242","0.125","0.125","0.125"
"1790227","0.03125","0.03125","0.03125"
"1790230","0.125","0.125","0.125"
"1790249","0.3125","0.3125","0.3125"
"1790264","0.15625","0.15625","0.15625"
"1800234","0.03125","0.03125","0.03125"
"1800243","0.21875","0.21875","0.21875"
"1800246","0.15625","0.15625","0.15625"
"1800269","0.21875","0.21875","0.21875"
"1810223","0.03125","0.03125","0.03125"
"1810228","0.09375","0.09375","0.09375"
"1810233","0.0625","0.0625","0.0625"
"1810244","0.21875","0.21875","0.21875"
"1820226","0.03125","0.03125","0.03125"
"1820231","0.25","0.25","0.25"
"1820234","0.0625","0.0625","0.0625"
"1820244","0.25","0.25","0.25"
"1830230","0.0625","0.0625","0.0625"
"1830242","0.25","0.25","0.25"
"1830244","0.28125","0.28125","0.28125"
"1830254","0.125","0.125","0.125"
"1840228","0.21875","0.21875","0.21875"
"1840229","0.1875","0.1875","0.1875"
"1840238","0.03125","0.03125","0.03125"
"1840240","0.28125","0.28125","0.28125"
"1850228","0.15625","0.15625","0.15625"
"1850230","0.1875","0.1875","0.1875"
"1850237","0.125","0.125","0.125"
"1850238","0.09375","0.09375","0.09375"
"1860234","0.28125","0.28125","0.28125"
"1860235","0.21875","0.21875","0.21875"
"1860239","0.09375","0.09375","0.09375"
"1860257","0.15625","0.15625","0.15625"
"1870225","0.03125","0.03125","0.03125"
"1870229","0.125","0.125","0.125"
"1870241","0.125","0.125","0.125"
"1870244","0.125","0.125","0.125"
"1880225","0.0625","0.0625","0.0625"
"1880229","0.15625","0.15625","0.15625"
"1880239","0.15625","0.15625","0.15625"
"1880242","0.09375","0.09375","0.09375"
"1890222","0.15625","0.15625","0.15625"
"1890228","0.1875","0.1875","0.1875"
"1890241","0.0625","0.0625","0.0625"
"1890292","0.28125","0.28125","0.28125"
"1900230","0.03125","0.03125","0.03125"
"1900239","0.3125","0.3125","0.3125"
"1900240","0.125","0.125","0.125"
"1900245","0.1875","0.1875","0.1875"
"1910230","0.203125","0.1875","0.21875"
"1910249","0.03125","0.03125","0.03125"
"1910268","0.15625","0.15625","0.15625"
"1920221","0.25","0.25","0.25"
"1920224","0.0625","0.0625","0.0625"
"1920231","0.28125","0.28125","0.28125"
"1920251","0.125","0.125","0.125"
"1930223","0.15625","0.15625","0.15625"
"1930229","0.09375","0.09375","0.09375"
"1930241","0.25","0.25","0.25"
"1930246","0.0625","0.0625","0.0625"
"1940222","0.03125","0.03125","0.03125"
"1940228","0.1875","0.1875","0.1875"
"1940239","0.3125","0.3125","0.3125"
"1940241","0.1875","0.1875","0.1875"
"1950221","0.25","0.25","0.25"
"1950233","0.21875","0.21875","0.21875"
"1950243","0","0","0"
"1950244","0.21875","0.21875","0.21875"
"1960220","0","0","0"
"1960231","0.15625","0.15625","0.15625"
"1960232","0.1875","0.1875","0.1875"
"1960239","0.25","0.25","0.25"
"1970224","0.21875","0.21875","0.21875"
"1970228","0.28125","0.28125","0.28125"
"1970240","0.34375","0.34375","0.34375"
"1970246","0.03125","0.03125","0.03125"
"1980225","0.34375","0.34375","0.34375"
"1980234","0.03125","0.03125","0.03125"
"1980235","0.28125","0.28125","0.28125"
"1980244","0.21875","0.21875","0.21875"
"1990228","0.21875","0.21875","0.21875"
"1990235","0.28125","0.28125","0.28125"
"1990241","0.09375","0.09375","0.09375"
"1990247","0.15625","0.15625","0.15625"
"2000234","0.1875","0.1875","0.1875"
"2000236","0.109375","0.03125","0.1875"
"2000262","0.1875","0.1875","0.1875"
"2010230","0.1875","0.1875","0.1875"
"2010242","0.03125","0.03125","0.03125"
"2010247","0.21875","0.21875","0.21875"
"2010253","0.21875","0.21875","0.21875"
"2020225","0.140625","0.09375","0.1875"
"2020226","0.21875","0.21875","0.21875"
"2020236","0.09375","0.09375","0.09375"
"2030226","0.0625","0.0625","0.0625"
"2030229","0.125","0.125","0.125"
"2030240","0.21875","0.21875","0.21875"
"2030243","0.15625","0.15625","0.15625"
"2040229","0.03125","0.03125","0.03125"
"2040234","0.3125","0.3125","0.3125"
"2040243","0.15625","0.15625","0.15625"
"2040247","0.09375","0.09375","0.09375"
"2050239","0.15625","0.15625","0.15625"
"2050257","0.1875","0.03125","0.34375"
"2050259","0.21875","0.21875","0.21875"
"2060221","0.1875","0.1875","0.1875"
"2060226","0.28125","0.28125","0.28125"
"2060237","0.3125","0.3125","0.3125"
"2060239","0.0625","0.0625","0.0625"
"2070222","0.0625","0.0625","0.0625"
"2070226","0.125","0.125","0.125"
"2070244","0.15625","0.15625","0.15625"
"2070255","0.34375","0.34375","0.34375"
"2080227","0.25","0.25","0.25"
"2080242","0.28125","0.28125","0.28125"
"2080248","0","0","0"
"2080252","0.21875","0.21875","0.21875"
"2090224","0.3125","0.3125","0.3125"
"2090226","0.1875","0.1875","0.1875"
"2090227","0.09375","0.09375","0.09375"
"2090232","0.15625","0.15625","0.15625"
"2100221","0.03125","0.03125","0.03125"
"2100233","0.0625","0.0625","0.0625"
"2100240","0.0625","0.0625","0.0625"
"2100244","0.28125","0.28125","0.28125"
"2110228","0.25","0.25","0.25"
"2110229","0.21875","0.21875","0.21875"
"2110254","0.125","0.125","0.125"
"2110256","0.0625","0.0625","0.0625"
"2120220","0.03125","0.03125","0.03125"
"2120243","0.21875","0.21875","0.21875"
"2120246","0.21875","0.21875","0.21875"
"2120259","0.3125","0.3125","0.3125"
"2130226","0.0625","0.0625","0.0625"
"2130235","0.1875","0.1875","0.1875"
"2130237","0","0","0"
"2130258","0.28125","0.28125","0.28125"
"2140221","0.125","0.125","0.125"
"2140226","0.25","0.25","0.25"
"2140233","0.09375","0.09375","0.09375"
"2140242","0.375","0.375","0.375"
"2150241","0.25","0.25","0.25"
"2150242","0.1875","0.1875","0.1875"
"2150244","0.15625","0.0625","0.25"
"2160225","0.171875","0.09375","0.25"
"2160241","0.3125","0.3125","0.3125"
"2160255","0.25","0.25","0.25"
"2170226","0.34375","0.34375","0.34375"
"2170244","0.09375","0.09375","0.09375"
"2170252","0.15625","0.15625","0.15625"
"2170253","0.03125","0.03125","0.03125"
"2180223","0.15625","0.15625","0.15625"
"2180229","0.09375","0.09375","0.09375"
"2180232","0","0","0"
"2180239","0.09375","0.09375","0.09375"
"2190227","0.15625","0.15625","0.15625"
"2190233","0.09375","0.09375","0.09375"
"2190242","0.1875","0.1875","0.1875"
"2190250","0.15625","0.15625","0.15625"
"2200240","0.15625","0.15625","0.15625"
"2200243","0.0625","0.0625","0.0625"
"2200246","0.25","0.25","0.25"
"2200252","0.21875","0.21875","0.21875"
"2210221","0.09375","0.09375","0.09375"
"2210228","0.125","0.125","0.125"
"2210245","0.1875","0.1875","0.1875"
"2210247","0.03125","0.03125","0.03125"
"2220230","0.3125","0.3125","0.3125"
"2220232","0.0625","0.0625","0.0625"
"2220237","0.15625","0.15625","0.15625"
"2220246","0.1875","0.1875","0.1875"
"2230220","0.09375","0.09375","0.09375"
"2230236","0.0625","0.0625","0.0625"
"2230238","0.1875","0.1875","0.1875"
"2230247","0.3125","0.3125","0.3125"
"2240228","0","0","0"
"2240231","0.1875","0.1875","0.1875"
"2240232","0.15625","0.15625","0.15625"
"2240240","0.3125","0.3125","0.3125"
"2250225","0.28125","0.28125","0.28125"
"2250226","0.25","0.25","0.25"
"2250230","0.375","0.375","0.375"
"2250232","0.03125","0.03125","0.03125"
"2260228","0.25","0.25","0.25"
"2260229","0.21875","0.21875","0.21875"
"2260240","0","0","0"
"2260249","0.1875","0.1875","0.1875"
"2270227","0.15625","0.15625","0.15625"
"2270234","0.125","0.03125","0.21875"
"2270244","0.1875","0.1875","0.1875"
"2280227","0.09375","0.09375","0.09375"
"2280236","0.328125","0.28125","0.375"
"2280246","0.1875","0.1875","0.1875"
"2290237","0.1875","0.1875","0.1875"
"2290244","0.125","0.125","0.125"
"2290246","0.125","0.125","0.125"
"2290261","0.34375","0.34375","0.34375"
"2300224","0.125","0.125","0.125"
"2300235","0.3125","0.3125","0.3125"
"2300236","0.15625","0.15625","0.15625"
"2300245","0.15625","0.15625","0.15625"
"2310227","0.1875","0.1875","0.1875"
"2310231","0.09375","0.09375","0.09375"
"2310244","0.125","0.125","0.125"
"2310246","0.21875","0.21875","0.21875"
"2320229","0.03125","0.03125","0.03125"
"2320234","0.1875","0.1875","0.1875"
"2320247","0.28125","0.28125","0.28125"
"2320252","0.21875","0.21875","0.21875"
"2330221","0.09375","0.09375","0.09375"
"2330228","0.375","0.375","0.375"
"2330235","0.0625","0.0625","0.0625"
"2330238","0.21875","0.21875","0.21875"
"2340234","0.28125","0.28125","0.28125"
"2340238","0.1875","0.1875","0.1875"
"2340239","0.34375","0.34375","0.34375"
"2340250","0","0","0"
"2350234","0.25","0.25","0.25"
"2350242","0.15625","0.15625","0.15625"
"2350253","0.03125","0.03125","0.03125"
"2350256","0.375","0.375","0.375"
"2360230","0.15625","0.15625","0.15625"
"2360234","0.21875","0.21875","0.21875"
"2360247","0.03125","0.03125","0.03125"
"2360248","0.1875","0.1875","0.1875"
"2370220","0.1875","0.1875","0.1875"
"2370221","0.03125","0.03125","0.03125"
"2370225","0.28125","0.28125","0.28125"
"2370229","0.21875","0.21875","0.21875"
"2380230","0.28125","0.28125","0.28125"
"2380233","0.375","0.375","0.375"
"2380235","0.03125","0.03125","0.03125"
"2380268","0.15625","0.15625","0.15625"
"2390232","0.21875","0.21875","0.21875"
"2390235","0.23958333333333334","0.03125","0.40625"
"2400224","0.09375","0.09375","0.09375"
"2400233","0.125","0.125","0.125"
"2400249","0.21875","0.21875","0.21875"
"2400252","0.3125","0.3125","0.3125"
"2410220","0.15625","0.15625","0.15625"
"2410225","0.21875","0.21875","0.21875"
"2410249","0.21875","0.21875","0.21875"
"2410255","0","0","0"
"2420229","0.40625","0.40625","0.40625"
"2420235","0.03125","0.03125","0.03125"
"2420241","0.1875","0.1875","0.1875"
"2420253","0.21875","0.21875","0.21875"
"2430222","0.1875","0.1875","0.1875"
"2430224","0.3125","0.3125","0.3125"
"2430227","0.25","0.25","0.25"
"2430230","0.0625","0.0625","0.0625"
"2440229","0.25","0.25","0.25"
"2440235","0.125","0.03125","0.21875"
"2440237","0.21875","0.21875","0.21875"
"2450221","0","0","0"
"2450235","0.125","0.125","0.125"
"2450242","0.28125","0.28125","0.28125"
"2450245","0.125","0.125","0.125"
"2460223","0.15625","0.15625","0.15625"
"2460234","0.203125","0","0.40625"
"2460239","0.15625","0.15625","0.15625"
"2470227","0.28125","0.28125","0.28125"
"2470231","0.09375","0.09375","0.09375"
"2470233","0.15625","0.15625","0.15625"
"2470240","0.15625","0.15625","0.15625"
"2480222","0","0","0"
"2480234","0.234375","0.21875","0.25"
"2480246","0.25","0.25","0.25"
"2490224","0.28125","0.28125","0.28125"
"2490230","0.15625","0.15625","0.15625"
"2490231","0.0625","0.0625","0.0625"
"2490234","0.34375","0.34375","0.34375"
"2500221","0.21875","0.21875","0.21875"
"2500226","0.3125","0.3125","0.3125"
"2500240","0.34375","0.34375","0.34375"
"2500279","0.15625","0.15625","0.15625"
"2510228","0.03125","0.03125","0.03125"
"2510231","0.3125","0.3125","0.3125"
"2510239","0.3125","0.3125","0.3125"
"2510260","0.1875","0.1875","0.1875"
"2520224","0.21875","0.21875","0.21875"
"2520225","0.125","0.125","0.125"
"2520244","0.03125","0.03125","0.03125"
"2520245","0.21875","0.21875","0.21875"
"2530223","0.21875","0.21875","0.21875"
"2530228","0.03125","0.03125","0.03125"
"2530237","0.25","0.25","0.25"
"2530243","0.3125","0.3125","0.3125"
"2540221","0","0","0"
"2540227","0.25","0.25","0.25"
"2540232","0.15625","0.15625","0.15625"
"2540251","0.25","0.25","0.25"
"2550225","0.3125","0.3125","0.3125"
"2550240","0.0625","0.0625","0.0625"
"2550245","0.3125","0.3125","0.3125"
"2550249","0.21875","0.21875","0.21875"
"2560234","0.28125","0.28125","0.28125"
"2560236","0.125","0.125","0.125"
"2560243","0.28125","0.28125","0.28125"
"2560266","0.1875","0.1875","0.1875"
"2570227","0.34375","0.34375","0.34375"
"2570235","0.125","0.125","0.125"
"2570238","0.125","0.125","0.125"
"2570245","0.21875","0.21875","0.21875"
"2580232","0.3125","0.3125","0.3125"
"2580237","0.1875","0.1875","0.1875"
"2580247","0.34375","0.34375","0.34375"
"2580258","0.0625","0.0625","0.0625"
"2590224","0.40625","0.40625","0.40625"
"2590228","0.03125","0.03125","0.03125"
"2590242","0.21875","0.21875","0.21875"
"2590257","0.21875","0.21875","0.21875"
"2600234","0.171875","0.09375","0.25"
"2600238","0.21875","0.21875","0.21875"
"2600249","0.375","0.375","0.375"
"2610221","0.0625","0.0625","0.0625"
"2610225","0.25","0.25","0.25"
"2610236","0.09375","0.09375","0.09375"
"2610265","0.25","0.25","0.25"
"2620230","0.15625","0.15625","0.15625"
"2620236","0.34375","0.34375","0.34375"
"2620243","0.09375","0.09375","0.09375"
"2620246","0.21875","0.21875","0.21875"
"2630221","0.21875","0.21875","0.21875"
"2630231","0.1875","0.1875","0.1875"
"2630247","0.03125","0.03125","0.03125"
"2630252","0.1875","0.1875","0.1875"
"2640229","0.0625","0.0625","0.0625"
"2640239","0.3125","0.3125","0.3125"
"2640251","0.1875","0.1875","0.1875"
"2640267","0.25","0.25","0.25"
"2650225","0.15625","0.15625","0.15625"
"2650229","0.21875","0.21875","0.21875"
"2650242","0.3125","0.3125","0.3125"
"2650258","0.0625","0.0625","0.0625"
"2660221","0.15625","0.15625","0.15625"
"2660227","0.34375","0.34375","0.34375"
"2660236","0.3125","0.3125","0.3125"
"2660253","0.03125","0.03125","0.03125"
"2670222","0.28125","0.28125","0.28125"
"2670226","0.0625","0.0625","0.0625"
"2670242","0.40625","0.40625","0.40625"
"2670252","0.21875","0.21875","0.21875"
"2680226","0","0","0"
"2680228","0.1875","0.1875","0.1875"
"2680242","0.1875","0.1875","0.1875"
"2680255","0.1875","0.1875","0.1875"
"2690229","0.125","0.125","0.125"
"2690238","0.1875","0.1875","0.1875"
"2690244","0.34375","0.34375","0.34375"
"2690253","0.28125","0.28125","0.28125"
"2700236","0.3125","0.3125","0.3125"
"2700248","0.25","0.25","0.25"
"2700251","0.0625","0.0625","0.0625"
"2700255","0.1875","0.1875","0.1875"
"2710226","0.03125","0.03125","0.03125"
"2710232","0.34375","0.34375","0.34375"
"2710233","0.28125","0.28125","0.28125"
"2710248","0.21875","0.21875","0.21875"
"2720228","0.03125","0.03125","0.03125"
"2720239","0.1875","0.1875","0.1875"
"2720240","0.25","0.25","0.25"
"2720249","0.25","0.25","0.25"
"2730223","0.375","0.375","0.375"
"2730226","0.03125","0.03125","0.03125"
"2730227","0.25","0.25","0.25"
"2730236","0.28125","0.28125","0.28125"
"2740221","0.21875","0.21875","0.21875"
"2740223","0.28125","0.28125","0.28125"
"2740225","0.109375","0.03125","0.1875"
"2750235","0.3125","0.3125","0.3125"
"2750239","0.09375","0.09375","0.09375"
"2750241","0.1875","0.1875","0.1875"
"2750243","0.21875","0.21875","0.21875"
"2760220","0.1875","0.1875","0.1875"
"2760229","0.375","0.375","0.375"
"2760243","0.03125","0.03125","0.03125"
"2760248","0.28125","0.28125","0.28125"
"2770223","0.1875","0.1875","0.1875"
"2770237","0.171875","0.03125","0.3125"
"2770272","0.3125","0.3125","0.3125"
"2780222","0","0","0"
"2780224","0.28125","0.28125","0.28125"
"2780229","0.15625","0.15625","0.15625"
"2780246","0.21875","0.21875","0.21875"
"2790226","0.03125","0.03125","0.03125"
"2790227","0.375","0.375","0.375"
"2790239","0","0","0"
"2790242","0.28125","0.28125","0.28125"
"2800239","0.375","0.375","0.375"
"2800259","0.25","0.09375","0.40625"
"2800270","0.1875","0.1875","0.1875"
"2810221","0.1875","0.1875","0.1875"
"2810223","0.0625","0.0625","0.0625"
"2810245","0.1875","0.1875","0.1875"
"2810262","0.15625","0.15625","0.15625"
"2820229","0.25","0.25","0.25"
"2820231","0.25","0.25","0.25"
"2820248","0.21875","0.21875","0.21875"
"2820250","0.03125","0.03125","0.03125"
"2830224","0.0625","0.0625","0.0625"
"2830228","0.3125","0.1875","0.4375"
"2830246","0.34375","0.34375","0.34375"
"2840222","0.03125","0.03125","0.03125"
"2840230","0.3125","0.3125","0.3125"
"2840238","0.25","0.25","0.25"
"2840242","0.28125","0.28125","0.28125"
"2850227","0.21875","0.21875","0.21875"
"2850241","0.0625","0.0625","0.0625"
"2850245","0.3125","0.3125","0.3125"
"2850251","0.375","0.375","0.375"
"2860237","0.03125","0.03125","0.03125"
"2860243","0.3125","0.3125","0.3125"
"2860244","0.21875","0.21875","0.21875"
"2860253","0.09375","0.09375","0.09375"
"2870222","0.0625","0.0625","0.0625"
"2870234","0.3125","0.3125","0.3125"
"2870245","0.28125","0.28125","0.28125"
"2870249","0.34375","0.34375","0.34375"
"2880226","0.3125","0.28125","0.34375"
"2880229","0.1875","0.1875","0.1875"
"2880249","0.09375","0.09375","0.09375"
"2890220","0.125","0.125","0.125"
"2890223","0.15625","0.15625","0.15625"
"2890234","0.25","0.25","0.25"
"2890245","0.03125","0.03125","0.03125"
"2900234","0.3125","0.3125","0.3125"
"2900239","0.140625","0.0625","0.21875"
"2900246","0.34375","0.34375","0.34375"
"2910220","0.3125","0.3125","0.3125"
"2910223","0.03125","0.03125","0.03125"
"2910243","0.28125","0.28125","0.28125"
"2910257","0.1875","0.1875","0.1875"
"2920221","0.40625","0.40625","0.40625"
"2920232","0.09375","0.09375","0.09375"
"2920244","0.375","0.375","0.375"
"2920322","0.28125","0.28125","0.28125"
"2930231","0.28125","0.28125","0.28125"
"2930238","0.125","0.125","0.125"
"2930250","0.4375","0.4375","0.4375"
"2930255","0.3125","0.3125","0.3125"
"2940221","0.09375","0.09375","0.09375"
"2940222","0.375","0.375","0.375"
"2940228","0.25","0.25","0.25"
"2940256","0.21875","0.21875","0.21875"
"2950226","0.09375","0.09375","0.09375"
"2950240","0.21875","0.21875","0.21875"
"2950248","0.3125","0.3125","0.3125"
"2950249","0.25","0.25","0.25"
"2960232","0.1875","0.1875","0.1875"
"2960238","0.21875","0.21875","0.21875"
"2960239","0.25","0.25","0.25"
"2960242","0.3125","0.3125","0.3125"
"2970221","0.0625","0.0625","0.0625"
"2970223","0.4375","0.4375","0.4375"
"2970232","0.3125","0.3125","0.3125"
"2970243","0.15625","0.15625","0.15625"
"2980233","0.3125","0.25","0.375"
"2980236","0.0625","0.0625","0.0625"
"2980267","0.125","0.125","0.125"
"2990230","0.375","0.375","0.375"
"2990241","0.28125","0.28125","0.28125"
"2990247","0.125","0.125","0.125"
"2990251","0.0625","0.0625","0.0625"
"3000226","0.28125","0.28125","0.28125"
"3000227","0.28125","0.28125","0.28125"
"3000251","0.15625","0.15625","0.15625"
"3000260","0.03125","0.03125","0.03125"