"Step","Group: zerg_10_vs_11_QMIX - win_rate","Group: zerg_10_vs_11_QMIX - win_rate__MIN","Group: zerg_10_vs_11_QMIX - win_rate__MAX"
"0","0","0","0"
"10006","0","0","0"
"10012","0","0","0"
"10013","0","0","0"
"10014","0","0","0"
"10021","0.03125","0.03125","0.03125"
"10025","0","0","0"
"20008","0.03125","0.03125","0.03125"
"20016","0","0","0"
"20018","0","0","0"
"20021","0.03125","0.03125","0.03125"
"20028","0.03125","0.03125","0.03125"
"20031","0","0","0"
"30000","0","0","0"
"30007","0","0","0"
"30008","0","0","0"
"30010","0","0","0"
"30012","0","0","0"
"40001","0","0","0"
"40019","0","0","0"
"40022","0","0","0"
"40023","0","0","0"
"50008","0","0","0"
"50024","0","0","0"
"50026","0","0","0"
"50027","0","0","0"
"50028","0","0","0"
"60001","0","0","0"
"60004","0","0","0"
"60017","0","0","0"
"60025","0","0","0"
"60029","0","0","0"
"60043","0","0","0"
"70003","0","0","0"
"70005","0","0","0"
"70007","0","0","0"
"70012","0","0","0"
"70015","0","0","0"
"70018","0","0","0"
"80010","0","0","0"
"80022","0","0","0"
"80025","0.03125","0.03125","0.03125"
"80029","0","0","0"
"80032","0","0","0"
"90003","0","0","0"
"90010","0","0","0"
"90019","0","0","0"
"90022","0","0","0"
"90029","0","0","0"
"90040","0","0","0"
"100000","0","0","0"
"100003","0","0","0"
"100010","0","0","0"
"100011","0","0","0"
"100025","0","0","0"
"100034","0","0","0"
"110004","0","0","0"
"110013","0","0","0"
"110014","0","0","0"
"110019","0","0","0"
"110030","0.015625","0","0.03125"
"120002","0","0","0"
"120005","0","0","0"
"120015","0","0","0"
"120027","0","0","0"
"120032","0","0","0"
"120051","0","0","0"
"130005","0","0","0"
"130016","0","0","0"
"130017","0","0","0"
"130031","0","0","0"
"130034","0.03125","0.03125","0.03125"
"140005","0.03125","0.03125","0.03125"
"140010","0","0","0"
"140015","0","0","0"
"140022","0","0","0"
"140027","0","0","0"
"140035","0","0","0"
"150005","0","0","0"
"150007","0","0","0"
"150016","0","0","0"
"150026","0","0","0"
"150027","0","0","0"
"150030","0","0","0"
"160005","0","0","0"
"160015","0.03125","0.03125","0.03125"
"160024","0","0","0"
"160027","0.03125","0.03125","0.03125"
"160029","0","0","0"
"160031","0","0","0"
"170001","0.03125","0.03125","0.03125"
"170002","0","0","0"
"170008","0","0","0"
"170016","0","0","0"
"170023","0","0","0"
"170034","0","0","0"
"180001","0","0","0"
"180003","0","0","0"
"180004","0","0","0"
"180012","0","0","0"
"180016","0","0","0"
"180022","0","0","0"
"190001","0","0","0"
"190011","0","0","0"
"190013","0","0","0"
"190021","0","0","0"
"190027","0","0","0"
"190028","0","0","0"
"200001","0","0","0"
"200007","0.03125","0.03125","0.03125"
"200014","0","0","0"
"200029","0.03125","0.03125","0.03125"
"200046","0","0","0"
"200064","0","0","0"
"210002","0","0","0"
"210012","0","0","0"
"210014","0","0","0"
"210023","0","0","0"
"210029","0","0","0"
"210035","0","0","0"
"220009","0.03125","0.03125","0.03125"
"220013","0","0","0"
"220018","0","0","0"
"220029","0","0","0"
"220034","0","0","0"
"220039","0","0","0"
"230000","0.03125","0.03125","0.03125"
"230002","0","0","0"
"230009","0.03125","0.03125","0.03125"
"230010","0.03125","0.03125","0.03125"
"230016","0","0","0"
"230023","0","0","0"
"240011","0","0","0"
"240013","0","0","0"
"240022","0","0","0"
"240028","0.03125","0.03125","0.03125"
"240029","0","0","0"
"240033","0.03125","0.03125","0.03125"
"250006","0","0","0"
"250016","0","0","0"
"250017","0","0","0"
"250029","0","0","0"
"250035","0","0","0"
"250040","0","0","0"
"260001","0","0","0"
"260006","0.03125","0.03125","0.03125"
"260012","0.03125","0.03125","0.03125"
"260023","0","0","0"
"260027","0.03125","0.03125","0.03125"
"260029","0","0","0"
"270002","0","0","0"
"270003","0","0","0"
"270005","0.03125","0.03125","0.03125"
"270030","0","0","0"
"270054","0","0","0"
"280010","0","0","0"
"280011","0","0","0"
"280013","0","0","0"
"280017","0.03125","0.03125","0.03125"
"280028","0","0","0"
"290011","0","0","0"
"290017","0","0","0"
"290024","0","0","0"
"290036","0","0","0"
"290042","0","0","0"
"290048","0","0","0"
"300001","0","0","0"
"300004","0.03125","0.03125","0.03125"
"300007","0","0","0"
"300009","0","0","0"
"300030","0.03125","0.03125","0.03125"
"300045","0.03125","0.03125","0.03125"
"310005","0","0","0"
"310007","0","0","0"
"310010","0","0","0"
"310014","0","0","0"
"310030","0","0","0"
"320012","0","0","0"
"320013","0.0625","0.0625","0.0625"
"320026","0","0","0"
"320036","0.03125","0.03125","0.03125"
"320038","0","0","0"
"320042","0","0","0"
"330010","0.03125","0.03125","0.03125"
"330011","0","0","0"
"330029","0","0","0"
"330042","0","0","0"
"330055","0","0","0"
"330084","0","0","0"
"340001","0.015625","0","0.03125"
"340011","0","0","0"
"340024","0.0625","0.0625","0.0625"
"340028","0","0","0"
"340031","0.03125","0.03125","0.03125"
"350004","0","0","0"
"350016","0.03125","0.03125","0.03125"
"350022","0","0","0"
"350024","0.03125","0.03125","0.03125"
"350028","0.03125","0.03125","0.03125"
"350059","0","0","0"
"360001","0","0","0"
"360002","0.03125","0.03125","0.03125"
"360004","0","0","0"
"360020","0","0","0"
"360021","0.03125","0.03125","0.03125"
"360063","0.03125","0.03125","0.03125"
"370006","0","0","0"
"370008","0","0","0"
"370011","0.03125","0.03125","0.03125"
"370019","0.03125","0.03125","0.03125"
"370038","0","0","0"
"370039","0","0","0"
"380000","0.03125","0.03125","0.03125"
"380004","0","0","0"
"380020","0.03125","0.03125","0.03125"
"380022","0.03125","0.03125","0.03125"
"380032","0","0","0"
"380036","0","0","0"
"390001","0.03125","0.03125","0.03125"
"390010","0","0","0"
"390018","0.046875","0.03125","0.0625"
"390019","0","0","0"
"390023","0","0","0"
"400004","0.03125","0.03125","0.03125"
"400014","0","0","0"
"400020","0.0625","0.0625","0.0625"
"400025","0.03125","0.03125","0.03125"
"400026","0","0","0"
"400053","0","0","0"
"410003","0","0","0"
"410006","0.03125","0.03125","0.03125"
"410012","0.03125","0.03125","0.03125"
"410027","0","0","0"
"410035","0.03125","0.03125","0.03125"
"420001","0.03125","0.03125","0.03125"
"420007","0","0","0"
"420018","0","0","0"
"420019","0.03125","0.03125","0.03125"
"420021","0","0","0"
"420025","0.0625","0.0625","0.0625"
"430013","0.03125","0.03125","0.03125"
"430023","0.03125","0.03125","0.03125"
"430029","0","0","0"
"430039","0","0","0"
"430041","0","0","0"
"430055","0.09375","0.09375","0.09375"
"440009","0.09375","0.09375","0.09375"
"440013","0","0","0"
"440015","0","0","0"
"440020","0","0","0"
"440023","0","0","0"
"440072","0.03125","0.03125","0.03125"
"450004","0","0","0"
"450014","0.03125","0.03125","0.03125"
"450016","0.03125","0.03125","0.03125"
"450032","0.0625","0.0625","0.0625"
"450050","0.03125","0.03125","0.03125"
"450059","0","0","0"
"460000","0.0625","0.0625","0.0625"
"460003","0","0","0"
"460004","0","0","0"
"460006","0.0625","0.0625","0.0625"
"460031","0.0625","0.0625","0.0625"
"460034","0.03125","0.03125","0.03125"
"470010","0","0","0"
"470016","0.03125","0.03125","0.03125"
"470018","0.03125","0.03125","0.03125"
"470034","0","0","0"
"470035","0.03125","0.03125","0.03125"
"470044","0","0","0"
"480000","0","0","0"
"480023","0.03125","0.03125","0.03125"
"480028","0","0","0"
"480029","0.03125","0.03125","0.03125"
"480031","0.03125","0.03125","0.03125"
"480038","0.03125","0.03125","0.03125"
"490002","0","0","0"
"490003","0","0","0"
"490036","0.03125","0.03125","0.03125"
"490047","0","0","0"
"490048","0","0","0"
"490061","0","0","0"
"500001","0.09375","0.09375","0.09375"
"500023","0","0","0"
"500025","0.03125","0.03125","0.03125"
"500028","0.03125","0.03125","0.03125"
"500045","0","0","0"
"500052","0","0","0"
"510001","0.03125","0.03125","0.03125"
"510016","0","0","0"
"510025","0.046875","0.03125","0.0625"
"510038","0","0","0"
"510089","0","0","0"
"520000","0.03125","0.03125","0.03125"
"520009","0","0","0"
"520012","0","0","0"
"520015","0.03125","0.03125","0.03125"
"520025","0.03125","0.03125","0.03125"
"520032","0","0","0"
"530008","0.03125","0.03125","0.03125"
"530021","0.0625","0.0625","0.0625"
"530026","0.03125","0.03125","0.03125"
"530036","0.09375","0.09375","0.09375"
"530037","0","0","0"
"530049","0.03125","0.03125","0.03125"
"540000","0.03125","0.03125","0.03125"
"540007","0.03125","0.03125","0.03125"
"540023","0","0","0"
"540026","0","0","0"
"540036","0.0625","0.0625","0.0625"
"540043","0.03125","0.03125","0.03125"
"550002","0.03125","0.03125","0.03125"
"550003","0.0625","0.0625","0.0625"
"550004","0.03125","0.03125","0.03125"
"550009","0","0","0"
"550020","0","0","0"
"560021","0.03125","0.03125","0.03125"
"560025","0.0625","0.03125","0.09375"
"560042","0","0","0"
"560048","0","0","0"
"560050","0","0","0"
"570006","0","0","0"
"570010","0","0","0"
"570011","0.0625","0.0625","0.0625"
"570021","0.03125","0.03125","0.03125"
"570024","0","0","0"
"570042","0.03125","0.03125","0.03125"
"580000","0.03125","0.03125","0.03125"
"580001","0.03125","0.03125","0.03125"
"580010","0.0625","0.0625","0.0625"
"580020","0.09375","0.09375","0.09375"
"580032","0.0625","0.0625","0.0625"
"580049","0","0","0"
"590000","0","0","0"
"590006","0.03125","0.03125","0.03125"
"590011","0.03125","0.03125","0.03125"
"590014","0.03125","0.03125","0.03125"
"590018","0","0","0"
"590037","0","0","0"
"600009","0.0625","0.0625","0.0625"
"600024","0.046875","0","0.09375"
"600026","0","0","0"
"600027","0","0","0"
"600028","0.03125","0.03125","0.03125"
"610003","0","0","0"
"610022","0","0","0"
"610023","0.09375","0.09375","0.09375"
"610024","0","0","0"
"610030","0.0625","0.0625","0.0625"
"610054","0.0625","0.0625","0.0625"
"620001","0.03125","0.03125","0.03125"
"620011","0","0","0"
"620013","0.125","0.125","0.125"
"620030","0.03125","0.03125","0.03125"
"620039","0","0","0"
"620050","0.03125","0.03125","0.03125"
"630006","0.03125","0.03125","0.03125"
"630011","0","0","0"
"630019","0.0625","0.0625","0.0625"
"630030","0.03125","0.03125","0.03125"
"630037","0","0","0"
"630070","0","0","0"
"640004","0","0","0"
"640009","0.125","0.125","0.125"
"640012","0.03125","0.03125","0.03125"
"640016","0.0625","0.0625","0.0625"
"640019","0","0","0"
"640050","0","0","0"
"650006","0","0","0"
"650013","0.03125","0","0.0625"
"650018","0","0","0"
"650020","0.09375","0.09375","0.09375"
"650023","0","0","0"
"660010","0","0","0"
"660017","0.03125","0.03125","0.03125"
"660018","0.03125","0.03125","0.03125"
"660019","0.03125","0.03125","0.03125"
"660027","0.03125","0.03125","0.03125"
"660044","0.15625","0.15625","0.15625"
"670008","0.0625","0.0625","0.0625"
"670011","0","0","0"
"670022","0.0625","0.0625","0.0625"
"670023","0.03125","0.03125","0.03125"
"670024","0.03125","0.03125","0.03125"
"670032","0.125","0.125","0.125"
"680006","0.03125","0.03125","0.03125"
"680007","0","0","0"
"680016","0.125","0.125","0.125"
"680020","0","0","0"
"680034","0.03125","0.03125","0.03125"
"680050","0","0","0"
"690005","0.03125","0.03125","0.03125"
"690006","0","0","0"
"690013","0.015625","0","0.03125"
"690027","0.0625","0.0625","0.0625"
"690041","0","0","0"
"700003","0","0","0"
"700011","0.03125","0.03125","0.03125"
"700023","0","0","0"
"700028","0","0","0"
"700031","0.03125","0.03125","0.03125"
"700040","0.03125","0.03125","0.03125"
"710009","0.0625","0.0625","0.0625"
"710011","0.0625","0.0625","0.0625"
"710012","0.03125","0.03125","0.03125"
"710013","0","0","0"
"710025","0.03125","0.03125","0.03125"
"710029","0","0","0"
"720002","0","0","0"
"720012","0","0","0"
"720027","0.03125","0.03125","0.03125"
"720030","0.03125","0.03125","0.03125"
"720039","0.0625","0.0625","0.0625"
"720040","0.0625","0.0625","0.0625"
"730008","0","0","0"
"730016","0","0","0"
"730027","0.03125","0.03125","0.03125"
"730028","0","0","0"
"730030","0.125","0.125","0.125"
"730041","0.03125","0.03125","0.03125"
"740021","0","0","0"
"740023","0.03125","0.03125","0.03125"
"740024","0","0","0"
"740025","0","0","0"
"740028","0.03125","0.03125","0.03125"
"740045","0.09375","0.09375","0.09375"
"750000","0.125","0.125","0.125"
"750008","0.09375","0.09375","0.09375"
"750020","0.0625","0.0625","0.0625"
"750028","0.03125","0.03125","0.03125"
"750034","0.03125","0.03125","0.03125"
"750044","0.09375","0.09375","0.09375"
"760001","0.0625","0.0625","0.0625"
"760010","0.0625","0.0625","0.0625"
"760017","0","0","0"
"760021","0.03125","0.03125","0.03125"
"760029","0.0625","0.0625","0.0625"
"760043","0","0","0"
"770002","0.03125","0.03125","0.03125"
"770009","0.0625","0.0625","0.0625"
"770010","0.03125","0.03125","0.03125"
"770018","0.0625","0.0625","0.0625"
"770034","0.125","0.125","0.125"
"770040","0","0","0"
"780017","0.03125","0.03125","0.03125"
"780026","0.09375","0.09375","0.09375"
"780027","0","0","0"
"780028","0.03125","0.03125","0.03125"
"780031","0.0625","0.0625","0.0625"
"780041","0.0625","0.0625","0.0625"
"790000","0.125","0.125","0.125"
"790002","0","0","0"
"790011","0.125","0.125","0.125"
"790026","0","0","0"
"790028","0","0","0"
"790032","0.09375","0.09375","0.09375"
"800001","0.09375","0.09375","0.09375"
"800003","0","0","0"
"800004","0.0625","0.0625","0.0625"
"800011","0.0625","0.0625","0.0625"
"800023","0.0625","0.0625","0.0625"
"800076","0.0625","0.0625","0.0625"
"810001","0.03125","0.03125","0.03125"
"810003","0.09375","0.09375","0.09375"
"810009","0","0","0"
"810013","0.0625","0.0625","0.0625"
"810023","0.09375","0.09375","0.09375"
"810032","0.03125","0.03125","0.03125"
"820014","0.03125","0.03125","0.03125"
"820016","0.03125","0.03125","0.03125"
"820024","0.0625","0.0625","0.0625"
"820025","0.0625","0.0625","0.0625"
"820027","0.09375","0.09375","0.09375"
"830000","0.03125","0.03125","0.03125"
"830014","0.046875","0.03125","0.0625"
"830017","0","0","0"
"830036","0","0","0"
"840003","0.09375","0.09375","0.09375"
"840012","0.0625","0.0625","0.0625"
"840013","0.03125","0.03125","0.03125"
"840020","0.03125","0.03125","0.03125"
"840026","0.0625","0.0625","0.0625"
"840030","0.15625","0.15625","0.15625"
"850001","0.0625","0.0625","0.0625"
"850002","0.09375","0.09375","0.09375"
"850005","0.03125","0.03125","0.03125"
"850008","0.03125","0.03125","0.03125"
"850024","0.125","0.125","0.125"
"850025","0.0625","0.0625","0.0625"
"860002","0.0625","0.0625","0.0625"
"860004","0.03125","0.03125","0.03125"
"860006","0.0625","0.0625","0.0625"
"860015","0","0","0"
"860016","0","0","0"
"860033","0.03125","0.03125","0.03125"
"870005","0","0","0"
"870008","0.03125","0.03125","0.03125"
"870016","0.125","0.125","0.125"
"870027","0.0625","0.0625","0.0625"
"870031","0","0","0"
"870051","0.03125","0.03125","0.03125"
"880003","0.03125","0.03125","0.03125"
"880009","0","0","0"
"880018","0","0","0"
"880020","0.03125","0.03125","0.03125"
"880027","0.03125","0.03125","0.03125"
"880063","0.0625","0.0625","0.0625"
"890001","0.09375","0.09375","0.09375"
"890007","0.0625","0.0625","0.0625"
"890011","0","0","0"
"890017","0.125","0.125","0.125"
"890022","0","0","0"
"890024","0","0","0"
"900004","0.0625","0.0625","0.0625"
"900008","0.09375","0.09375","0.09375"
"900009","0.0625","0.0625","0.0625"
"900010","0.0625","0.0625","0.0625"
"900021","0.09375","0.09375","0.09375"
"900036","0","0","0"
"910000","0.03125","0.03125","0.03125"
"910014","0.09375","0.09375","0.09375"
"910023","0","0","0"
"910034","0","0","0"
"910037","0.09375","0.09375","0.09375"
"910050","0","0","0"
"920013","0","0","0"
"920022","0","0","0"
"920032","0","0","0"
"920036","0.078125","0.0625","0.09375"
"920037","0","0","0"
"930000","0","0","0"
"930004","0.09375","0.09375","0.09375"
"930017","0.0625","0.0625","0.0625"
"930033","0","0","0"
"930038","0.09375","0.09375","0.09375"
"930039","0.15625","0.15625","0.15625"
"940005","0.0625","0.0625","0.0625"
"940018","0.0625","0.0625","0.0625"
"940020","0.0625","0.0625","0.0625"
"940021","0.03125","0.03125","0.03125"
"940025","0.03125","0.03125","0.03125"
"940051","0.15625","0.15625","0.15625"
"950014","0","0","0"
"950016","0.0625","0.0625","0.0625"
"950023","0.03125","0.03125","0.03125"
"950029","0.03125","0.03125","0.03125"
"950030","0.03125","0.03125","0.03125"
"950031","0.09375","0.09375","0.09375"
"960001","0.03125","0.03125","0.03125"
"960014","0","0","0"
"960019","0.03125","0.03125","0.03125"
"960025","0.03125","0.03125","0.03125"
"960032","0","0","0"
"960035","0","0","0"
"970011","0","0","0"
"970015","0.0625","0.0625","0.0625"
"970027","0.09375","0.09375","0.09375"
"970029","0.125","0.125","0.125"
"970032","0.03125","0.03125","0.03125"
"970036","0.09375","0.09375","0.09375"
"980005","0","0","0"
"980018","0.03125","0.03125","0.03125"
"980019","0","0","0"
"980026","0.0625","0.0625","0.0625"
"980028","0","0","0"
"980032","0.09375","0.09375","0.09375"
"990001","0.03125","0.03125","0.03125"
"990007","0.03125","0.03125","0.03125"
"990010","0.125","0.125","0.125"
"990012","0.0625","0.0625","0.0625"
"990021","0.03125","0.03125","0.03125"
"990034","0.125","0.125","0.125"
"1000010","0.03125","0.03125","0.03125"
"1000020","0.09375","0.09375","0.09375"
"1000024","0.03125","0.03125","0.03125"
"1000025","0.03125","0.03125","0.03125"
"1000026","0.03125","0.03125","0.03125"
"1000050","0.03125","0.03125","0.03125"
"1010000","0.0625","0.0625","0.0625"
"1010011","0.0625","0.0625","0.0625"
"1010017","0.09375","0.09375","0.09375"
"1010020","0","0","0"
"1010029","0.125","0.125","0.125"
"1010038","0.125","0.125","0.125"
"1020005","0.03125","0.03125","0.03125"
"1020012","0.0625","0.03125","0.09375"
"1020014","0.03125","0.03125","0.03125"
"1020015","0","0","0"
"1020027","0","0","0"
"1030003","0.03125","0.03125","0.03125"
"1030010","0.03125","0.03125","0.03125"
"1030025","0","0","0"
"1030027","0.03125","0.03125","0.03125"
"1030029","0.0625","0.0625","0.0625"
"1030043","0.03125","0.03125","0.03125"
"1040002","0","0","0"
"1040006","0.09375","0.09375","0.09375"
"1040007","0.03125","0.03125","0.03125"
"1040030","0.03125","0.03125","0.03125"
"1040033","0.03125","0.03125","0.03125"
"1040036","0","0","0"
"1050004","0.09375","0.09375","0.09375"
"1050006","0.09375","0.09375","0.09375"
"1050014","0.125","0.125","0.125"
"1050018","0.03125","0.03125","0.03125"
"1050022","0.03125","0.03125","0.03125"
"1050038","0.03125","0.03125","0.03125"
"1060013","0","0","0"
"1060017","0.125","0.125","0.125"
"1060021","0.03125","0.03125","0.03125"
"1060030","0.046875","0","0.09375"
"1060038","0.09375","0.09375","0.09375"
"1070017","0.09375","0.09375","0.09375"
"1070025","0.03125","0.03125","0.03125"
"1070029","0.03125","0.03125","0.03125"
"1070036","0.0625","0.0625","0.0625"
"1070051","0.03125","0.03125","0.03125"
"1070066","0","0","0"
"1080007","0.03125","0.03125","0.03125"
"1080011","0","0","0"
"1080022","0","0","0"
"1080037","0.03125","0.03125","0.03125"
"1080038","0.03125","0.03125","0.03125"
"1080046","0.09375","0.09375","0.09375"
"1090004","0.03125","0.03125","0.03125"
"1090010","0.0625","0.0625","0.0625"
"1090011","0.0625","0.0625","0.0625"
"1090029","0.125","0.125","0.125"
"1090031","0","0","0"
"1090042","0.09375","0.09375","0.09375"
"1100004","0.03125","0.03125","0.03125"
"1100008","0","0","0"
"1100010","0.15625","0.15625","0.15625"
"1100021","0.0625","0.0625","0.0625"
"1100043","0.09375","0.09375","0.09375"
"1100049","0.03125","0.03125","0.03125"
"1110003","0.03125","0.03125","0.03125"
"1110004","0.0625","0.0625","0.0625"
"1110012","0.09375","0.09375","0.09375"
"1110018","0.03125","0.03125","0.03125"
"1110023","0.09375","0.09375","0.09375"
"1110035","0.0625","0.0625","0.0625"
"1120004","0.0625","0.0625","0.0625"
"1120006","0.0625","0.0625","0.0625"
"1120008","0.03125","0.03125","0.03125"
"1120010","0","0","0"
"1120011","0.0625","0","0.125"
"1130003","0.15625","0.15625","0.15625"
"1130005","0","0","0"
"1130010","0.0625","0.0625","0.0625"
"1130027","0.03125","0.03125","0.03125"
"1130029","0","0","0"
"1130038","0.03125","0.03125","0.03125"
"1140000","0.0625","0.0625","0.0625"
"1140017","0","0","0"
"1140022","0.0625","0.0625","0.0625"
"1140026","0.15625","0.15625","0.15625"
"1140027","0","0","0"
"1140033","0.03125","0.03125","0.03125"
"1150003","0.03125","0.03125","0.03125"
"1150005","0.0625","0.0625","0.0625"
"1150011","0","0","0"
"1150013","0.125","0.125","0.125"
"1150028","0.03125","0.03125","0.03125"
"1150047","0.03125","0.03125","0.03125"
"1160001","0.0625","0.0625","0.0625"
"1160005","0.0625","0.0625","0.0625"
"1160006","0","0","0"
"1160010","0.03125","0.03125","0.03125"
"1160012","0","0","0"
"1170001","0.0625","0.0625","0.0625"
"1170003","0.0625","0.0625","0.0625"
"1170006","0","0","0"
"1170009","0.0625","0.0625","0.0625"
"1170010","0.03125","0.03125","0.03125"
"1170022","0.03125","0.03125","0.03125"
"1180000","0.03125","0","0.0625"
"1180001","0.0625","0.03125","0.09375"
"1180015","0.03125","0.03125","0.03125"
"1180037","0.03125","0.03125","0.03125"
"1190013","0.0625","0.0625","0.0625"
"1190019","0.03125","0.03125","0.03125"
"1190020","0.15625","0.15625","0.15625"
"1190023","0.125","0.125","0.125"
"1190032","0.03125","0.03125","0.03125"
"1190033","0.15625","0.15625","0.15625"
"1200001","0.0625","0.0625","0.0625"
"1200003","0.0625","0.0625","0.0625"
"1200004","0.09375","0.09375","0.09375"
"1200015","0.15625","0.15625","0.15625"
"1200027","0.0625","0.0625","0.0625"
"1200040","0.03125","0.03125","0.03125"
"1210005","0.0625","0.0625","0.0625"
"1210007","0.0625","0.0625","0.0625"
"1210017","0.125","0.125","0.125"
"1210027","0.0625","0.0625","0.0625"
"1210035","0.09375","0.09375","0.09375"
"1210042","0","0","0"
"1220002","0","0","0"
"1220003","0","0","0"
"1220009","0.125","0.125","0.125"
"1220011","0.03125","0.03125","0.03125"
"1220025","0.0625","0.0625","0.0625"
"1220028","0.15625","0.15625","0.15625"
"1230006","0.0625","0.0625","0.0625"
"1230007","0.0625","0.0625","0.0625"
"1230014","0.03125","0.03125","0.03125"
"1230018","0.03125","0.03125","0.03125"
"1230022","0.03125","0.03125","0.03125"
"1230027","0.03125","0.03125","0.03125"
"1240004","0.0625","0.0625","0.0625"
"1240006","0.09375","0.09375","0.09375"
"1240013","0.09375","0.09375","0.09375"
"1240020","0.0625","0.0625","0.0625"
"1240021","0.03125","0.03125","0.03125"
"1240028","0.0625","0.0625","0.0625"
"1250007","0.09375","0.09375","0.09375"
"1250012","0.03125","0.03125","0.03125"
"1250014","0.03125","0.03125","0.03125"
"1250018","0.0625","0.0625","0.0625"
"1250034","0","0","0"
"1250036","0.0625","0.0625","0.0625"
"1260010","0.0625","0.0625","0.0625"
"1260014","0.125","0.125","0.125"
"1260016","0.0625","0.0625","0.0625"
"1260017","0","0","0"
"1260019","0.09375","0.09375","0.09375"
"1260025","0.0625","0.0625","0.0625"
"1270000","0.078125","0.0625","0.09375"
"1270005","0.03125","0.03125","0.03125"
"1270010","0.09375","0.09375","0.09375"
"1270018","0.03125","0.03125","0.03125"
"1270055","0.125","0.125","0.125"
"1280005","0.125","0.125","0.125"
"1280012","0.03125","0.03125","0.03125"
"1280015","0","0","0"
"1280052","0.03125","0.03125","0.03125"
"1280053","0.03125","0.03125","0.03125"
"1290000","0","0","0"
"1290011","0.03125","0.03125","0.03125"
"1290028","0","0","0"
"1290029","0.09375","0.09375","0.09375"
"1290031","0.03125","0.03125","0.03125"
"1290038","0.0625","0.0625","0.0625"
"1300012","0.09375","0.09375","0.09375"
"1300026","0.046875","0.03125","0.0625"
"1300036","0.125","0.125","0.125"
"1300039","0.0625","0.0625","0.0625"
"1300049","0.03125","0.03125","0.03125"
"1310017","0.0625","0.0625","0.0625"
"1310021","0.03125","0.03125","0.03125"
"1310026","0.03125","0.03125","0.03125"
"1310029","0","0","0"
"1310042","0.03125","0.03125","0.03125"
"1310063","0.03125","0.03125","0.03125"
"1320002","0.03125","0","0.0625"
"1320005","0.09375","0.09375","0.09375"
"1320010","0.15625","0.15625","0.15625"
"1320016","0.03125","0.03125","0.03125"
"1320050","0.0625","0.0625","0.0625"
"1330009","0.09375","0.09375","0.09375"
"1330014","0.0625","0.0625","0.0625"
"1330016","0.03125","0.03125","0.03125"
"1330032","0.125","0.125","0.125"
"1330037","0","0","0"
"1330041","0.125","0.125","0.125"
"1340000","0.0625","0.0625","0.0625"
"1340003","0.03125","0.03125","0.03125"
"1340015","0.0625","0.0625","0.0625"
"1340016","0","0","0"
"1340019","0","0","0"
"1340020","0.0625","0.0625","0.0625"
"1350004","0.03125","0.03125","0.03125"
"1350011","0","0","0"
"1350021","0.09375","0.09375","0.09375"
"1350035","0","0","0"
"1350053","0.09375","0.09375","0.09375"
"1360001","0.0625","0.0625","0.0625"
"1360009","0.03125","0.03125","0.03125"
"1360024","0.03125","0.03125","0.03125"
"1360025","0.0625","0.0625","0.0625"
"1360030","0.0625","0.0625","0.0625"
"1360046","0.0625","0.0625","0.0625"
"1370003","0","0","0"
"1370004","0.0625","0.0625","0.0625"
"1370007","0","0","0"
"1370021","0.0625","0.0625","0.0625"
"1370026","0","0","0"
"1370029","0.03125","0.03125","0.03125"
"1380008","0.015625","0","0.03125"
"1380015","0.0625","0.0625","0.0625"
"1380022","0","0","0"
"1380037","0.125","0.125","0.125"
"1380041","0.09375","0.09375","0.09375"
"1390001","0.0625","0.0625","0.0625"
"1390015","0.125","0.125","0.125"
"1390016","0.0625","0.0625","0.0625"
"1390025","0.125","0.125","0.125"
"1390035","0","0","0"
"1390038","0.03125","0.03125","0.03125"
"1400004","0.09375","0.09375","0.09375"
"1400009","0.0625","0.0625","0.0625"
"1400027","0.03125","0.03125","0.03125"
"1400032","0","0","0"
"1400034","0.15625","0.15625","0.15625"
"1400069","0","0","0"
"1410005","0.09375","0.09375","0.09375"
"1410020","0","0","0"
"1410028","0.0625","0.0625","0.0625"
"1410032","0","0","0"
"1410036","0.0625","0.0625","0.0625"
"1410040","0.125","0.125","0.125"
"1420000","0.09375","0.09375","0.09375"
"1420008","0.03125","0.03125","0.03125"
"1420010","0","0","0"
"1420012","0","0","0"
"1420022","0.09375","0.09375","0.09375"
"1420027","0.0625","0.0625","0.0625"
"1430010","0.03125","0.03125","0.03125"
"1430011","0.125","0.125","0.125"
"1430015","0.03125","0.03125","0.03125"
"1430036","0.015625","0","0.03125"
"1440006","0.03125","0.03125","0.03125"
"1440021","0","0","0"
"1440025","0.03125","0.03125","0.03125"
"1440031","0.09375","0.09375","0.09375"
"1440038","0.03125","0.03125","0.03125"
"1440056","0.0625","0.0625","0.0625"
"1450001","0.03125","0.03125","0.03125"
"1450010","0.09375","0.09375","0.09375"
"1450012","0.0625","0.0625","0.0625"
"1450016","0.03125","0.03125","0.03125"
"1450047","0.125","0.125","0.125"
"1450049","0.125","0.125","0.125"
"1460004","0.03125","0.03125","0.03125"
"1460006","0.03125","0.03125","0.03125"
"1460016","0.03125","0.03125","0.03125"
"1460022","0.03125","0.03125","0.03125"
"1460024","0.0625","0.0625","0.0625"
"1460068","0.03125","0.03125","0.03125"
"1470006","0.0625","0.0625","0.0625"
"1470031","0.09375","0.09375","0.09375"
"1470032","0.03125","0.03125","0.03125"
"1470035","0.046875","0.03125","0.0625"
"1470045","0.09375","0.09375","0.09375"
"1480000","0.1875","0.1875","0.1875"
"1480001","0.078125","0.0625","0.09375"
"1480011","0.03125","0.03125","0.03125"
"1480028","0","0","0"
"1480033","0.09375","0.09375","0.09375"
"1490004","0.0625","0.0625","0.0625"
"1490014","0.0625","0.0625","0.0625"
"1490015","0.09375","0.09375","0.09375"
"1490023","0.09375","0.09375","0.09375"
"1490026","0.03125","0.03125","0.03125"
"1490060","0.125","0.125","0.125"
"1500011","0","0","0"
"1500019","0.125","0.125","0.125"
"1500020","0.0625","0.0625","0.0625"
"1500026","0.0625","0.0625","0.0625"
"1500033","0.125","0.125","0.125"
"1500053","0","0","0"
"1510006","0.015625","0","0.03125"
"1510011","0.09375","0.09375","0.09375"
"1510019","0.015625","0","0.03125"
"1510024","0.0625","0.0625","0.0625"
"1520002","0","0","0"
"1520008","0.03125","0.03125","0.03125"
"1520009","0","0","0"
"1520026","0","0","0"
"1520033","0.15625","0.15625","0.15625"
"1520040","0","0","0"
"1530001","0.0625","0.0625","0.0625"
"1530011","0.0625","0.0625","0.0625"
"1530013","0.09375","0.09375","0.09375"
"1530034","0","0","0"
"1530040","0.0625","0.0625","0.0625"
"1530054","0.09375","0.09375","0.09375"
"1540000","0.03125","0.03125","0.03125"
"1540004","0.09375","0.0625","0.125"
"1540014","0","0","0"
"1540021","0.03125","0.03125","0.03125"
"1540056","0.03125","0.03125","0.03125"
"1550000","0.03125","0.03125","0.03125"
"1550002","0.03125","0.03125","0.03125"
"1550013","0.03125","0.03125","0.03125"
"1550017","0.09375","0.09375","0.09375"
"1550020","0.03125","0.03125","0.03125"
"1550033","0","0","0"
"1560001","0.03125","0.03125","0.03125"
"1560005","0.03125","0.03125","0.03125"
"1560011","0.03125","0.03125","0.03125"
"1560026","0.0625","0.0625","0.0625"
"1560034","0.0625","0.0625","0.0625"
"1560056","0","0","0"
"1570008","0.03125","0.03125","0.03125"
"1570009","0.03125","0","0.0625"
"1570016","0.125","0.125","0.125"
"1570041","0.03125","0.03125","0.03125"
"1570046","0.09375","0.09375","0.09375"
"1580010","0","0","0"
"1580011","0.09375","0.09375","0.09375"
"1580028","0.09375","0.09375","0.09375"
"1580030","0.03125","0.03125","0.03125"
"1580035","0.09375","0.09375","0.09375"
"1580060","0.0625","0.0625","0.0625"
"1590008","0.03125","0.03125","0.03125"
"1590024","0.0625","0.0625","0.0625"
"1590028","0.09375","0.09375","0.09375"
"1590034","0.03125","0.03125","0.03125"
"1590037","0","0","0"
"1590047","0","0","0"
"1600002","0.125","0.125","0.125"
"1600007","0.03125","0.03125","0.03125"
"1600012","0.03125","0.03125","0.03125"
"1600022","0.03125","0.03125","0.03125"
"1600024","0.09375","0.09375","0.09375"
"1600047","0","0","0"
"1610006","0.125","0.125","0.125"
"1610007","0.09375","0.09375","0.09375"
"1610033","0","0","0"
"1610037","0.0625","0.0625","0.0625"
"1610038","0.078125","0.03125","0.125"
"1620000","0.0625","0.0625","0.0625"
"1620001","0","0","0"
"1620017","0","0","0"
"1620020","0.125","0.125","0.125"
"1620025","0.09375","0.09375","0.09375"
"1620057","0.09375","0.09375","0.09375"
"1630007","0.0625","0.0625","0.0625"
"1630029","0.03125","0.03125","0.03125"
"1630031","0.0625","0.0625","0.0625"
"1630034","0.03125","0.03125","0.03125"
"1630040","0.03125","0.03125","0.03125"
"1630067","0.0625","0.0625","0.0625"
"1640000","0.09375","0.09375","0.09375"
"1640010","0.03125","0.03125","0.03125"
"1640013","0","0","0"
"1640024","0.0625","0.0625","0.0625"
"1640033","0.0625","0.0625","0.0625"
"1640040","0.09375","0.09375","0.09375"
"1650000","0","0","0"
"1650001","0","0","0"
"1650011","0.09375","0.03125","0.15625"
"1650013","0.03125","0.03125","0.03125"
"1650044","0.0625","0.0625","0.0625"
"1660004","0","0","0"
"1660010","0","0","0"
"1660011","0.09375","0.09375","0.09375"
"1660024","0.078125","0.03125","0.125"
"1660029","0","0","0"
"1670007","0.03125","0","0.0625"
"1670014","0.09375","0.09375","0.09375"
"1670020","0.0625","0.0625","0.0625"
"1670025","0.0625","0.0625","0.0625"
"1670034","0","0","0"
"1680000","0.03125","0.03125","0.03125"
"1680002","0","0","0"
"1680007","0.03125","0.03125","0.03125"
"1680033","0.125","0.125","0.125"
"1680038","0.09375","0.09375","0.09375"
"1680047","0.03125","0.03125","0.03125"
"1690000","0.09375","0.09375","0.09375"
"1690008","0.0625","0.0625","0.0625"
"1690009","0","0","0"
"1690018","0","0","0"
"1690019","0.09375","0.09375","0.09375"
"1690024","0.0625","0.0625","0.0625"
"1700000","0.0625","0.0625","0.0625"
"1700001","0.0625","0.0625","0.0625"
"1700015","0.09375","0.09375","0.09375"
"1700025","0.09375","0.09375","0.09375"
"1700027","0.0625","0.0625","0.0625"
"1700043","0.09375","0.09375","0.09375"
"1710007","0.078125","0.0625","0.09375"
"1710021","0.09375","0.09375","0.09375"
"1710026","0.03125","0.03125","0.03125"
"1710028","0.03125","0.03125","0.03125"
"1710059","0.0625","0.0625","0.0625"
"1720006","0.03125","0.03125","0.03125"
"1720011","0.03125","0.03125","0.03125"
"1720022","0.125","0.125","0.125"
"1720039","0.15625","0.15625","0.15625"
"1730002","0.0625","0.0625","0.0625"
"1730013","0.03125","0.03125","0.03125"
"1730018","0.0625","0.0625","0.0625"
"1730020","0.09375","0.09375","0.09375"
"1730026","0","0","0"
"1730027","0.0625","0.0625","0.0625"
"1740006","0.0625","0.0625","0.0625"
"1740008","0.03125","0.03125","0.03125"
"1740015","0.03125","0.03125","0.03125"
"1740019","0","0","0"
"1740022","0.03125","0.03125","0.03125"
"1740056","0.125","0.125","0.125"
"1750001","0.03125","0.03125","0.03125"
"1750006","0.03125","0.03125","0.03125"
"1750009","0","0","0"
"1750015","0.09375","0.09375","0.09375"
"1750016","0.0625","0.0625","0.0625"
"1750019","0.0625","0.0625","0.0625"
"1760008","0.09375","0.09375","0.09375"
"1760010","0.0625","0.0625","0.0625"
"1760016","0.09375","0.09375","0.09375"
"1760018","0.03125","0.03125","0.03125"
"1760049","0.0625","0.0625","0.0625"
"1760050","0.09375","0.09375","0.09375"
"1770004","0.09375","0.09375","0.09375"
"1770008","0.09375","0.09375","0.09375"
"1770011","0.03125","0.03125","0.03125"
"1770016","0.09375","0.09375","0.09375"
"1770017","0.0625","0.0625","0.0625"
"1770030","0","0","0"
"1780003","0.03125","0.03125","0.03125"
"1780004","0.03125","0.03125","0.03125"
"1780014","0.0625","0.0625","0.0625"
"1780024","0.125","0.125","0.125"
"1780027","0.0625","0.0625","0.0625"
"1780038","0","0","0"
"1790003","0.03125","0.03125","0.03125"
"1790004","0","0","0"
"1790006","0","0","0"
"1790019","0.125","0.125","0.125"
"1790022","0.0625","0.0625","0.0625"
"1790025","0.09375","0.09375","0.09375"
"1800002","0.0625","0.0625","0.0625"
"1800011","0.0625","0.0625","0.0625"
"1800013","0.0625","0.0625","0.0625"
"1800024","0.03125","0.03125","0.03125"
"1800033","0","0","0"
"1800113","0.03125","0.03125","0.03125"
"1810007","0.09375","0.09375","0.09375"
"1810011","0.03125","0.03125","0.03125"
"1810014","0.03125","0.03125","0.03125"
"1810020","0.09375","0.09375","0.09375"
"1810032","0.09375","0.09375","0.09375"
"1810033","0.03125","0.03125","0.03125"
"1820003","0.03125","0.03125","0.03125"
"1820010","0.125","0.125","0.125"
"1820018","0.03125","0.03125","0.03125"
"1820028","0.09375","0.09375","0.09375"
"1820040","0.0625","0.0625","0.0625"
"1820063","0.125","0.125","0.125"
"1830021","0.15625","0.15625","0.15625"
"1830024","0.0625","0.0625","0.0625"
"1830025","0.0625","0.0625","0.0625"
"1830034","0.03125","0.03125","0.03125"
"1830040","0.0625","0.0625","0.0625"
"1830042","0.03125","0.03125","0.03125"
"1840000","0.125","0.125","0.125"
"1840028","0.09375","0.09375","0.09375"
"1840030","0.09375","0.09375","0.09375"
"1840031","0.03125","0.03125","0.03125"
"1840035","0.09375","0.09375","0.09375"
"1840048","0","0","0"
"1850011","0.0625","0.0625","0.0625"
"1850014","0.125","0.125","0.125"
"1850015","0.09375","0.09375","0.09375"
"1850018","0.09375","0.09375","0.09375"
"1850024","0.1875","0.1875","0.1875"
"1850037","0.09375","0.09375","0.09375"
"1860009","0.03125","0.03125","0.03125"
"1860011","0.125","0.125","0.125"
"1860014","0.125","0.125","0.125"
"1860017","0","0","0"
"1860018","0.03125","0.03125","0.03125"
"1860029","0.03125","0.03125","0.03125"
"1870001","0.0625","0.0625","0.0625"
"1870013","0.09375","0.09375","0.09375"
"1870021","0.078125","0.0625","0.09375"
"1870039","0.03125","0.03125","0.03125"
"1870048","0.0625","0.0625","0.0625"
"1880012","0.15625","0.15625","0.15625"
"1880017","0.0625","0.0625","0.0625"
"1880018","0.0625","0.0625","0.0625"
"1880022","0.03125","0.03125","0.03125"
"1880025","0","0","0"
"1880037","0.125","0.125","0.125"
"1890002","0.125","0.125","0.125"
"1890010","0.03125","0.03125","0.03125"
"1890017","0.03125","0.03125","0.03125"
"1890030","0","0","0"
"1890034","0.03125","0.03125","0.03125"
"1890041","0.125","0.125","0.125"
"1900001","0.03125","0.03125","0.03125"
"1900011","0","0","0"
"1900017","0","0","0"
"1900049","0.03125","0.03125","0.03125"
"1900056","0","0","0"
"1900060","0.0625","0.0625","0.0625"
"1910000","0.03125","0.03125","0.03125"
"1910005","0","0","0"
"1910013","0.0625","0.0625","0.0625"
"1910023","0.03125","0.03125","0.03125"
"1910038","0.03125","0.03125","0.03125"
"1910042","0.09375","0.09375","0.09375"
"1920007","0","0","0"
"1920010","0","0","0"
"1920012","0.03125","0.03125","0.03125"
"1920034","0.03125","0.03125","0.03125"
"1920045","0.15625","0.15625","0.15625"
"1920061","0.09375","0.09375","0.09375"
"1930003","0","0","0"
"1930005","0.0625","0.0625","0.0625"
"1930026","0.046875","0","0.09375"
"1930037","0.03125","0.03125","0.03125"
"1930049","0.125","0.125","0.125"
"1940003","0.0625","0.0625","0.0625"
"1940004","0.0625","0.0625","0.0625"
"1940006","0.125","0.125","0.125"
"1940007","0.0625","0.0625","0.0625"
"1940008","0.09375","0.09375","0.09375"
"1940019","0.09375","0.09375","0.09375"
"1950006","0","0","0"
"1950007","0.125","0.125","0.125"
"1950009","0.03125","0.03125","0.03125"
"1950022","0.09375","0.09375","0.09375"
"1950037","0.03125","0.03125","0.03125"
"1950041","0.09375","0.09375","0.09375"
"1960008","0.03125","0","0.0625"
"1960016","0.125","0.125","0.125"
"1960019","0.03125","0.03125","0.03125"
"1960022","0.09375","0.09375","0.09375"
"1960025","0.03125","0.03125","0.03125"
"1970004","0.15625","0.15625","0.15625"
"1970005","0.03125","0.03125","0.03125"
"1970020","0.0625","0.0625","0.0625"
"1970029","0.125","0.125","0.125"
"1970030","0.15625","0.15625","0.15625"
"1970050","0.125","0.125","0.125"
"1980006","0","0","0"
"1980009","0.03125","0.03125","0.03125"
"1980017","0.03125","0.03125","0.03125"
"1980019","0.03125","0.03125","0.03125"
"1980031","0","0","0"
"1980063","0.1875","0.1875","0.1875"
"1990014","0.03125","0.03125","0.03125"
"1990015","0.0625","0.0625","0.0625"
"1990022","0.0625","0.0625","0.0625"
"1990024","0.0625","0.0625","0.0625"
"1990027","0.09375","0.09375","0.09375"
"1990088","0.125","0.125","0.125"
"2000000","0.03125","0.03125","0.03125"
"2000012","0.09375","0","0.1875"
"2000013","0","0","0"
"2000035","0.09375","0.09375","0.09375"
"2010013","0.0625","0.0625","0.0625"
"2010014","0.09375","0.03125","0.15625"
"2010017","0.09375","0.09375","0.09375"
"2010035","0","0","0"
"2010050","0.125","0.125","0.125"
"2020008","0.1875","0.1875","0.1875"
"2020009","0.03125","0.03125","0.03125"
"2020011","0.0625","0.0625","0.0625"
"2020020","0.03125","0.03125","0.03125"
"2020034","0.125","0.125","0.125"
"2020062","0.03125","0.03125","0.03125"
"2030015","0.0625","0.0625","0.0625"
"2030016","0.03125","0.03125","0.03125"
"2030025","0.0625","0.0625","0.0625"
"2030026","0.09375","0.09375","0.09375"
"2030058","0.09375","0.09375","0.09375"
"2040019","0.09375","0.09375","0.09375"
"2040020","0.03125","0.03125","0.03125"
"2040031","0.0625","0.0625","0.0625"
"2040033","0.03125","0.03125","0.03125"
"2040050","0.0625","0.0625","0.0625"
"2040056","0.0625","0.0625","0.0625"
"2050001","0.25","0.25","0.25"
"2050007","0.03125","0.03125","0.03125"
"2050011","0.0625","0.0625","0.0625"
"2050029","0","0","0"
"2050038","0.0625","0.0625","0.0625"
"2050041","0.09375","0.09375","0.09375"
"2060004","0.09375","0.09375","0.09375"
"2060006","0.03125","0.03125","0.03125"
"2060026","0.03125","0.03125","0.03125"
"2060027","0.03125","0.03125","0.03125"
"2060037","0.09375","0.09375","0.09375"
"2070006","0.0625","0.0625","0.0625"
"2070008","0.0625","0.0625","0.0625"
"2070023","0.03125","0.03125","0.03125"
"2070024","0.03125","0.03125","0.03125"
"2070033","0.03125","0.03125","0.03125"
"2080003","0","0","0"
"2080014","0.15625","0.15625","0.15625"
"2080017","0.09375","0.09375","0.09375"
"2080020","0.09375","0.09375","0.09375"
"2080021","0.15625","0.15625","0.15625"
"2080037","0.09375","0.09375","0.09375"
"2090002","0.125","0.125","0.125"
"2090006","0.09375","0.09375","0.09375"
"2090008","0.03125","0.03125","0.03125"
"2090009","0.0625","0.0625","0.0625"
"2090012","0.09375","0.09375","0.09375"
"2090041","0.1875","0.1875","0.1875"
"2100001","0","0","0"
"2100013","0.03125","0.03125","0.03125"
"2100020","0.03125","0.03125","0.03125"
"2100023","0.15625","0.15625","0.15625"
"2100031","0.0625","0.0625","0.0625"
"2100038","0.03125","0.03125","0.03125"
"2110024","0.03125","0.03125","0.03125"
"2110028","0.09375","0.09375","0.09375"
"2110030","0.09375","0.09375","0.09375"
"2110031","0.03125","0.03125","0.03125"
"2110032","0.0625","0.0625","0.0625"
"2110033","0.09375","0.09375","0.09375"
"2120004","0.03125","0.03125","0.03125"
"2120008","0.09375","0.09375","0.09375"
"2120013","0.0625","0.0625","0.0625"
"2120022","0","0","0"
"2120032","0.09375","0.09375","0.09375"
"2120046","0.0625","0.0625","0.0625"
"2130002","0.03125","0.03125","0.03125"
"2130007","0.15625","0.15625","0.15625"
"2130015","0","0","0"
"2130020","0.125","0.125","0.125"
"2130032","0.03125","0.03125","0.03125"
"2130044","0","0","0"
"2140001","0.0625","0.0625","0.0625"
"2140010","0.09375","0.09375","0.09375"
"2140013","0","0","0"
"2140037","0","0","0"
"2140038","0.0625","0.0625","0.0625"
"2140073","0.0625","0.0625","0.0625"
"2150005","0.0625","0.0625","0.0625"
"2150021","0.0625","0.0625","0.0625"
"2150022","0.0625","0.0625","0.0625"
"2150031","0.09375","0.09375","0.09375"
"2150052","0.09375","0.09375","0.09375"
"2150060","0.09375","0.09375","0.09375"
"2160001","0.03125","0.03125","0.03125"
"2160003","0.125","0.125","0.125"
"2160023","0.0625","0.0625","0.0625"
"2160031","0.125","0.125","0.125"
"2160047","0.046875","0.03125","0.0625"
"2170003","0.0625","0.0625","0.0625"
"2170006","0.125","0.125","0.125"
"2170015","0.09375","0.09375","0.09375"
"2170025","0.03125","0.03125","0.03125"
"2170031","0.09375","0.09375","0.09375"
"2170042","0","0","0"
"2180007","0.09375","0.09375","0.09375"
"2180009","0.125","0.125","0.125"
"2180024","0.09375","0.09375","0.09375"
"2180028","0","0","0"
"2180047","0","0","0"
"2180048","0.03125","0.03125","0.03125"
"2190008","0.09375","0.09375","0.09375"
"2190009","0.0625","0.03125","0.09375"
"2190010","0.09375","0.09375","0.09375"
"2190017","0.03125","0.03125","0.03125"
"2190024","0.09375","0.09375","0.09375"
"2200008","0.125","0.125","0.125"
"2200010","0.09375","0.09375","0.09375"
"2200027","0.125","0.125","0.125"
"2200032","0.0625","0.0625","0.0625"
"2200035","0.03125","0.03125","0.03125"
"2200036","0.03125","0.03125","0.03125"
"2210001","0","0","0"
"2210002","0","0","0"
"2210014","0.09375","0.09375","0.09375"
"2210030","0.09375","0.09375","0.09375"
"2210031","0.0625","0.0625","0.0625"
"2210040","0.03125","0.03125","0.03125"
"2220002","0.03125","0.03125","0.03125"
"2220007","0.0625","0.0625","0.0625"
"2220012","0.03125","0.03125","0.03125"
"2220023","0.03125","0.03125","0.03125"
"2220031","0.09375","0.09375","0.09375"
"2220033","0.15625","0.15625","0.15625"
"2230018","0.09375","0.09375","0.09375"
"2230034","0.041666666666666664","0.03125","0.0625"
"2230041","0.0625","0.0625","0.0625"
"2230059","0.03125","0.03125","0.03125"
"2240002","0.03125","0.03125","0.03125"
"2240005","0.0625","0.0625","0.0625"
"2240013","0.125","0.125","0.125"
"2240014","0.03125","0.03125","0.03125"
"2240016","0.125","0.125","0.125"
"2240044","0.09375","0.09375","0.09375"
"2250005","0.125","0.125","0.125"
"2250013","0.0625","0.0625","0.0625"
"2250020","0.1875","0.1875","0.1875"
"2250033","0.0625","0.0625","0.0625"
"2250041","0","0","0"
"2250042","0.125","0.125","0.125"
"2260000","0.03125","0.03125","0.03125"
"2260004","0.0625","0.0625","0.0625"
"2260005","0.15625","0.15625","0.15625"
"2260028","0.03125","0.03125","0.03125"
"2260037","0.03125","0.03125","0.03125"
"2260040","0.03125","0.03125","0.03125"
"2270014","0.0625","0.0625","0.0625"
"2270019","0.0625","0.0625","0.0625"
"2270027","0.09375","0.09375","0.09375"
"2270029","0.09375","0.09375","0.09375"
"2270035","0.09375","0.09375","0.09375"
"2280000","0.09375","0.09375","0.09375"
"2280006","0.0625","0.0625","0.0625"
"2280010","0.125","0.125","0.125"
"2280013","0.09375","0.09375","0.09375"
"2280014","0.03125","0.03125","0.03125"
"2280029","0","0","0"
"2290005","0.125","0.125","0.125"
"2290010","0.03125","0.03125","0.03125"
"2290015","0","0","0"
"2290025","0.125","0.125","0.125"
"2290027","0","0","0"
"2290039","0.0625","0.0625","0.0625"
"2300004","0.03125","0.03125","0.03125"
"2300012","0.0625","0.0625","0.0625"
"2300013","0.09375","0.09375","0.09375"
"2300030","0.03125","0.03125","0.03125"
"2300033","0.0625","0.0625","0.0625"
"2300051","0.0625","0.0625","0.0625"
"2310000","0.09375","0.09375","0.09375"
"2310005","0.125","0.125","0.125"
"2310023","0.09375","0.09375","0.09375"
"2310025","0.03125","0.03125","0.03125"
"2310028","0.125","0.125","0.125"
"2310038","0.1875","0.1875","0.1875"
"2320003","0.03125","0.03125","0.03125"
"2320005","0.03125","0.03125","0.03125"
"2320012","0.09375","0.09375","0.09375"
"2320015","0.09375","0.09375","0.09375"
"2320023","0.09375","0.09375","0.09375"
"2320031","0.125","0.125","0.125"
"2330001","0.078125","0.03125","0.125"
"2330002","0.0625","0.0625","0.0625"
"2330021","0.03125","0.03125","0.03125"
"2330026","0.1875","0.1875","0.1875"
"2330035","0.09375","0.09375","0.09375"
"2340002","0","0","0"
"2340011","0.09375","0.09375","0.09375"
"2340013","0.125","0.125","0.125"
"2340017","0.09375","0.09375","0.09375"
"2340019","0.03125","0.03125","0.03125"
"2340063","0.03125","0.03125","0.03125"
"2350005","0.03125","0.03125","0.03125"
"2350012","0.09375","0.09375","0.09375"
"2350017","0.0625","0.0625","0.0625"
"2350020","0.0625","0.0625","0.0625"
"2350021","0.03125","0.03125","0.03125"
"2350024","0.09375","0.09375","0.09375"
"2360000","0.09375","0.09375","0.09375"
"2360001","0.09375","0.09375","0.09375"
"2360006","0.21875","0.21875","0.21875"
"2360021","0.21875","0.21875","0.21875"
"2360040","0.03125","0.03125","0.03125"
"2370001","0.0625","0.0625","0.0625"
"2370004","0.09375","0.09375","0.09375"
"2370012","0.0625","0.0625","0.0625"
"2370020","0","0","0"
"2370025","0","0","0"
"2370036","0.125","0.125","0.125"
"2380006","0.0625","0.0625","0.0625"
"2380018","0.0625","0.0625","0.0625"
"2380024","0.03125","0.03125","0.03125"
"2380025","0.0625","0.0625","0.0625"
"2380034","0.0625","0.0625","0.0625"
"2380050","0.09375","0.09375","0.09375"
"2390017","0.09375","0.09375","0.09375"
"2390018","0.0625","0.0625","0.0625"
"2390023","0.0625","0.0625","0.0625"
"2390025","0.1875","0.1875","0.1875"
"2390038","0.15625","0.15625","0.15625"
"2390063","0.03125","0.03125","0.03125"
"2400003","0.03125","0.03125","0.03125"
"2400009","0.03125","0.03125","0.03125"
"2400014","0.125","0.125","0.125"
"2400020","0.0625","0.0625","0.0625"
"2400021","0.09375","0.09375","0.09375"
"2400025","0.09375","0.09375","0.09375"
"2410005","0.0625","0.0625","0.0625"
"2410010","0.109375","0.09375","0.125"
"2410018","0.125","0.125","0.125"
"2410024","0.09375","0.09375","0.09375"
"2410058","0.0625","0.0625","0.0625"
"2420004","0.125","0.125","0.125"
"2420013","0.0625","0.0625","0.0625"
"2420015","0.0625","0.0625","0.0625"
"2420019","0.125","0.125","0.125"
"2420027","0.15625","0.15625","0.15625"
"2420030","0.03125","0.03125","0.03125"
"2430006","0.0625","0.0625","0.0625"
"2430008","0.0625","0.0625","0.0625"
"2430019","0.15625","0.15625","0.15625"
"2430028","0.15625","0.15625","0.15625"
"2430043","0.03125","0.03125","0.03125"
"2430051","0.09375","0.09375","0.09375"
"2440011","0.09375","0.09375","0.09375"
"2440014","0.03125","0.03125","0.03125"
"2440016","0.03125","0.03125","0.03125"
"2440031","0.0625","0.0625","0.0625"
"2440045","0.0625","0.0625","0.0625"
"2440059","0.0625","0.0625","0.0625"
"2450011","0.09375","0.09375","0.09375"
"2450016","0.125","0.125","0.125"
"2450019","0.09375","0.09375","0.09375"
"2450025","0.0625","0.0625","0.0625"
"2450029","0.0625","0.0625","0.0625"
"2450051","0.09375","0.09375","0.09375"
"2460009","0.21875","0.21875","0.21875"
"2460012","0.03125","0.03125","0.03125"
"2460015","0.125","0.125","0.125"
"2460016","0.15625","0.15625","0.15625"
"2460022","0.1875","0.1875","0.1875"
"2460039","0.15625","0.15625","0.15625"
"2470000","0.09375","0.09375","0.09375"
"2470009","0.078125","0","0.15625"
"2470010","0.0625","0.0625","0.0625"
"2470034","0.0625","0.0625","0.0625"
"2470039","0.09375","0.09375","0.09375"
"2480011","0.125","0.125","0.125"
"2480022","0.0625","0.0625","0.0625"
"2480026","0.09375","0.09375","0.09375"
"2480027","0.09375","0.09375","0.09375"
"2480030","0.125","0.125","0.125"
"2480053","0.09375","0.09375","0.09375"
"2490009","0.21875","0.21875","0.21875"
"2490012","0.1875","0.1875","0.1875"
"2490013","0","0","0"
"2490020","0.09375","0.09375","0.09375"
"2490021","0.03125","0.03125","0.03125"
"2490030","0.125","0.125","0.125"
"2500010","0.1875","0.1875","0.1875"
"2500015","0.125","0.125","0.125"
"2500016","0.03125","0.03125","0.03125"
"2500018","0.03125","0.03125","0.03125"
"2500039","0.0625","0.0625","0.0625"
"2500045","0.125","0.125","0.125"
"2510004","0.09375","0.09375","0.09375"
"2510009","0.09375","0.09375","0.09375"
"2510013","0.15625","0.15625","0.15625"
"2510018","0.0625","0.0625","0.0625"
"2510023","0.125","0.125","0.125"
"2510040","0.125","0.125","0.125"
"2520003","0.0625","0.0625","0.0625"
"2520006","0","0","0"
"2520011","0.09375","0.09375","0.09375"
"2520012","0.15625","0.15625","0.15625"
"2520021","0.09375","0.09375","0.09375"
"2520060","0.1875","0.1875","0.1875"
"2530001","0.09375","0.09375","0.09375"
"2530016","0.03125","0.03125","0.03125"
"2530025","0.0625","0.0625","0.0625"
"2530035","0","0","0"
"2530039","0.0625","0.03125","0.09375"
"2540007","0.09375","0.09375","0.09375"
"2540011","0.03125","0.03125","0.03125"
"2540025","0.0625","0.0625","0.0625"
"2540026","0.15625","0.15625","0.15625"
"2540035","0.03125","0.03125","0.03125"
"2540037","0.125","0.125","0.125"
"2550002","0.0625","0.0625","0.0625"
"2550003","0.03125","0.03125","0.03125"
"2550022","0.0625","0.0625","0.0625"
"2550025","0.0625","0.0625","0.0625"
"2550037","0.09375","0.09375","0.09375"
"2560001","0.0625","0.0625","0.0625"
"2560011","0.25","0.25","0.25"
"2560022","0.03125","0.03125","0.03125"
"2560024","0.09375","0.09375","0.09375"
"2560036","0.03125","0.03125","0.03125"
"2560078","0.0625","0.0625","0.0625"
"2570017","0.1875","0.1875","0.1875"
"2570019","0.09375","0.09375","0.09375"
"2570021","0.03125","0.03125","0.03125"
"2570024","0.1875","0.1875","0.1875"
"2570027","0","0","0"
"2570039","0.125","0.125","0.125"
"2580016","0.0625","0.0625","0.0625"
"2580025","0.15625","0.15625","0.15625"
"2580029","0.15625","0.15625","0.15625"
"2580031","0.078125","0.0625","0.09375"
"2580041","0.15625","0.15625","0.15625"
"2590001","0.09375","0.09375","0.09375"
"2590011","0.03125","0.03125","0.03125"
"2590017","0.03125","0.03125","0.03125"
"2590026","0.03125","0.03125","0.03125"
"2590027","0","0","0"
"2590029","0.03125","0.03125","0.03125"
"2600007","0.09375","0.09375","0.09375"
"2600011","0.125","0.125","0.125"
"2600013","0.09375","0.09375","0.09375"
"2600024","0.0625","0.03125","0.09375"
"2600029","0","0","0"
"2610000","0.09375","0.09375","0.09375"
"2610005","0.09375","0.09375","0.09375"
"2610006","0.03125","0.03125","0.03125"
"2610016","0.0625","0.0625","0.0625"
"2610019","0","0","0"
"2610024","0.0625","0.0625","0.0625"
"2620009","0.03125","0.03125","0.03125"
"2620010","0.03125","0.03125","0.03125"
"2620015","0.09375","0.09375","0.09375"
"2620017","0.09375","0.09375","0.09375"
"2620030","0.125","0.125","0.125"
"2620036","0.0625","0.0625","0.0625"
"2630005","0.03125","0.03125","0.03125"
"2630009","0.21875","0.21875","0.21875"
"2630013","0.03125","0.03125","0.03125"
"2630015","0.125","0.125","0.125"
"2630026","0.0625","0.0625","0.0625"
"2630040","0.0625","0.0625","0.0625"
"2640005","0.09375","0.09375","0.09375"
"2640019","0.0625","0.0625","0.0625"
"2640022","0.09375","0.09375","0.09375"
"2640023","0.0625","0.0625","0.0625"
"2640026","0.03125","0.03125","0.03125"
"2650013","0.09375","0.09375","0.09375"
"2650025","0.0625","0.0625","0.0625"
"2650026","0.125","0.125","0.125"
"2650029","0.09375","0.09375","0.09375"
"2650030","0.09375","0.09375","0.09375"
"2650032","0.15625","0.15625","0.15625"
"2660006","0.0625","0.0625","0.0625"
"2660010","0.03125","0.03125","0.03125"
"2660025","0.03125","0.03125","0.03125"
"2660028","0.09375","0.09375","0.09375"
"2660033","0.09375","0.09375","0.09375"
"2660035","0","0","0"
"2670001","0.0625","0.0625","0.0625"
"2670007","0.0625","0.0625","0.0625"
"2670010","0.0625","0.0625","0.0625"
"2670012","0.0625","0.0625","0.0625"
"2670027","0.15625","0.15625","0.15625"
"2670032","0.03125","0.03125","0.03125"
"2680015","0.0625","0.0625","0.0625"
"2680024","0.09375","0.09375","0.09375"
"2680025","0.09375","0.09375","0.09375"
"2680028","0.03125","0.03125","0.03125"
"2680030","0.21875","0.21875","0.21875"
"2680040","0.15625","0.15625","0.15625"
"2690015","0.15625","0.15625","0.15625"
"2690019","0.0625","0.0625","0.0625"
"2690030","0.0625","0.0625","0.0625"
"2690034","0.0625","0.0625","0.0625"
"2690035","0.0625","0.0625","0.0625"
"2690040","0.03125","0.03125","0.03125"
"2700009","0.09375","0.09375","0.09375"
"2700011","0.0625","0.0625","0.0625"
"2700013","0.09375","0.09375","0.09375"
"2700014","0.0625","0.0625","0.0625"
"2700018","0.09375","0.09375","0.09375"
"2700025","0.0625","0.0625","0.0625"
"2710003","0.0625","0.0625","0.0625"
"2710005","0.09375","0.09375","0.09375"
"2710022","0.0625","0.0625","0.0625"
"2710023","0.0625","0.0625","0.0625"
"2710051","0.046875","0.03125","0.0625"
"2720006","0.3125","0.3125","0.3125"
"2720007","0.09375","0.09375","0.09375"
"2720021","0.0625","0.0625","0.0625"
"2720027","0.09375","0.09375","0.09375"
"2720039","0.03125","0.03125","0.03125"
"2720041","0.09375","0.09375","0.09375"
"2730001","0.125","0.125","0.125"
"2730006","0.03125","0.03125","0.03125"
"2730007","0.0625","0.0625","0.0625"
"2730012","0.09375","0.09375","0.09375"
"2730030","0.0625","0.0625","0.0625"
"2730031","0.09375","0.09375","0.09375"
"2740009","0.09375","0.09375","0.09375"
"2740011","0.125","0.125","0.125"
"2740019","0.078125","0.03125","0.125"
"2740033","0.15625","0.15625","0.15625"
"2740038","0.15625","0.15625","0.15625"
"2750009","0.1875","0.1875","0.1875"
"2750022","0.09375","0.09375","0.09375"
"2750024","0.09375","0.09375","0.09375"
"2750026","0.125","0.125","0.125"
"2750027","0.09375","0.09375","0.09375"
"2750034","0.03125","0.03125","0.03125"
"2760001","0.09375","0.09375","0.09375"
"2760011","0.09375","0.09375","0.09375"
"2760020","0.15625","0.15625","0.15625"
"2760023","0.03125","0.03125","0.03125"
"2760027","0.1875","0.1875","0.1875"
"2760040","0.09375","0.09375","0.09375"
"2770005","0.09375","0.09375","0.09375"
"2770006","0.140625","0.09375","0.1875"
"2770042","0.0625","0.0625","0.0625"
"2770044","0.1875","0.1875","0.1875"
"2770053","0.03125","0.03125","0.03125"
"2780000","0.125","0.125","0.125"
"2780004","0","0","0"
"2780018","0.0625","0.0625","0.0625"
"2780019","0.125","0.125","0.125"
"2780030","0.03125","0.03125","0.03125"
"2790007","0.09375","0.09375","0.09375"
"2790010","0.09375","0.09375","0.09375"
"2790021","0.09375","0.09375","0.09375"
"2790022","0.125","0.125","0.125"
"2790024","0.0625","0.0625","0.0625"
"2790033","0.125","0.125","0.125"
"2800015","0.0625","0.0625","0.0625"
"2800016","0.03125","0.03125","0.03125"
"2800030","0.09375","0.0625","0.15625"
"2800032","0.0625","0.0625","0.0625"
"2810006","0.03125","0.03125","0.03125"
"2810010","0.21875","0.21875","0.21875"
"2810015","0.125","0.09375","0.15625"
"2810033","0","0","0"
"2810036","0.03125","0.03125","0.03125"
"2820000","0.125","0.125","0.125"
"2820001","0.0625","0.0625","0.0625"
"2820011","0.03125","0.03125","0.03125"
"2820013","0.0625","0.0625","0.0625"
"2820018","0.0625","0.0625","0.0625"
"2820027","0.0625","0.0625","0.0625"
"2830001","0.03125","0.03125","0.03125"
"2830005","0.09375","0.09375","0.09375"
"2830016","0.03125","0.03125","0.03125"
"2830019","0.125","0.125","0.125"
"2830033","0.125","0.125","0.125"
"2830035","0.03125","0.03125","0.03125"
"2840001","0.09375","0.09375","0.09375"
"2840002","0.0625","0.0625","0.0625"
"2840006","0.03125","0.03125","0.03125"
"2840030","0.0625","0.0625","0.0625"
"2840050","0.09375","0.09375","0.09375"
"2840062","0.0625","0.0625","0.0625"
"2850007","0.15625","0.15625","0.15625"
"2850011","0","0","0"
"2850016","0.03125","0.03125","0.03125"
"2850019","0.09375","0.09375","0.09375"
"2850020","0.09375","0.09375","0.09375"
"2850041","0.125","0.125","0.125"
"2860004","0.0625","0.0625","0.0625"
"2860005","0.125","0.125","0.125"
"2860019","0.0625","0.0625","0.0625"
"2860021","0.125","0.125","0.125"
"2860034","0.03125","0.03125","0.03125"
"2860058","0.1875","0.1875","0.1875"
"2870000","0","0","0"
"2870003","0.046875","0","0.09375"
"2870014","0.09375","0.09375","0.09375"
"2870015","0.09375","0.09375","0.09375"
"2870021","0.03125","0.03125","0.03125"
"2880004","0.03125","0.03125","0.03125"
"2880006","0.1875","0.1875","0.1875"
"2880008","0.125","0.125","0.125"
"2880027","0.078125","0.0625","0.09375"
"2880039","0.0625","0.0625","0.0625"
"2890008","0.09375","0.09375","0.09375"
"2890023","0.09375","0.09375","0.09375"
"2890024","0.0625","0.0625","0.0625"
"2890035","0.0625","0","0.125"
"2890074","0.0625","0.0625","0.0625"
"2900006","0.125","0.125","0.125"
"2900008","0.0625","0.0625","0.0625"
"2900010","0.1875","0.1875","0.1875"
"2900011","0.0625","0.0625","0.0625"
"2900030","0.125","0.125","0.125"
"2900035","0.125","0.125","0.125"
"2910004","0.125","0.125","0.125"
"2910008","0.03125","0.03125","0.03125"
"2910009","0.15625","0.15625","0.15625"
"2910012","0.125","0.125","0.125"
"2910017","0","0","0"
"2910061","0.09375","0.09375","0.09375"
"2920007","0.03125","0.03125","0.03125"
"2920023","0","0","0"
"2920027","0.03125","0.03125","0.03125"
"2920034","0.1875","0.1875","0.1875"
"2920036","0.1875","0.1875","0.1875"
"2920046","0.09375","0.09375","0.09375"
"2930016","0.0625","0.0625","0.0625"
"2930024","0.09375","0.09375","0.09375"
"2930026","0.0625","0.0625","0.0625"
"2930029","0.09375","0.09375","0.09375"
"2930033","0.0625","0.0625","0.0625"
"2930041","0.125","0.125","0.125"
"2940006","0","0","0"
"2940015","0.15625","0.15625","0.15625"
"2940018","0.15625","0.15625","0.15625"
"2940021","0.09375","0.09375","0.09375"
"2940024","0.09375","0.09375","0.09375"
"2940047","0.0625","0.0625","0.0625"
"2950005","0.125","0.125","0.125"
"2950011","0.0625","0.0625","0.0625"
"2950023","0.09375","0.09375","0.09375"
"2950033","0.09375","0.09375","0.09375"
"2950039","0.125","0.125","0.125"
"2950044","0.03125","0.03125","0.03125"
"2960000","0.125","0.125","0.125"
"2960009","0.0625","0","0.125"
"2960021","0.0625","0.0625","0.0625"
"2960048","0.0625","0.0625","0.0625"
"2970018","0.15625","0.15625","0.15625"
"2970020","0.125","0.125","0.125"
"2970021","0.125","0.125","0.125"
"2970023","0.0625","0.0625","0.0625"
"2970028","0.0625","0.0625","0.0625"
"2970037","0.125","0.125","0.125"
"2980002","0.03125","0.03125","0.03125"
"2980003","0.125","0.125","0.125"
"2980014","0.0625","0.03125","0.09375"
"2980017","0.15625","0.15625","0.15625"
"2980047","0.03125","0.03125","0.03125"
"2990011","0","0","0"
"2990020","0.09375","0.09375","0.09375"
"2990025","0.0625","0.0625","0.0625"
"2990037","0.125","0.125","0.125"
"2990039","0.125","0.125","0.125"
"2990046","0.09375","0.09375","0.09375"
"3000008","0.09375","0.09375","0.09375"
"3000009","0","0","0"
"3000019","0.0625","0.0625","0.0625"
"3000023","0.09375","0.09375","0.09375"
"3000029","0.09375","0.09375","0.09375"
"3000034","0.15625","0.15625","0.15625"