"Step","Group: zerg_10_vs_11_ACORM_WM - win_rate","Group: zerg_10_vs_11_ACORM_WM - win_rate__MIN","Group: zerg_10_vs_11_ACORM_WM - win_rate__MAX"
"0","0.00625","0","0.03125"
"10222","0","0","0"
"10227","0","0","0"
"10228","0","0","0"
"10230","0","0","0"
"10243","0","0","0"
"20220","0","0","0"
"20228","0","0","0"
"20230","0","0","0"
"20234","0","0","0"
"20242","0.03125","0.03125","0.03125"
"30225","0","0","0"
"30229","0","0","0"
"30235","0","0","0"
"30244","0.03125","0.03125","0.03125"
"30249","0","0","0"
"40220","0","0","0"
"40233","0","0","0"
"40240","0","0","0"
"40245","0","0","0"
"40253","0","0","0"
"50225","0","0","0"
"50226","0","0","0"
"50237","0","0","0"
"50245","0","0","0"
"50247","0","0","0"
"60220","0.03125","0","0.0625"
"60237","0","0","0"
"60249","0","0","0"
"60253","0","0","0"
"70220","0","0","0"
"70234","0","0","0"
"70237","0","0","0"
"70240","0","0","0"
"70244","0.03125","0.03125","0.03125"
"80224","0","0","0"
"80227","0","0","0"
"80235","0","0","0"
"80255","0","0","0"
"90222","0","0","0"
"90231","0","0","0"
"90237","0","0","0"
"90241","0","0","0"
"90246","0","0","0"
"100227","0","0","0"
"100234","0","0","0"
"100235","0","0","0"
"100239","0.03125","0.03125","0.03125"
"100240","0.0625","0.0625","0.0625"
"110227","0","0","0"
"110229","0","0","0"
"110230","0","0","0"
"110239","0.0625","0.0625","0.0625"
"110265","0","0","0"
"120232","0","0","0"
"120238","0","0","0"
"120239","0","0","0"
"120248","0","0","0"
"120261","0","0","0"
"130220","0","0","0"
"130225","0","0","0"
"130227","0.03125","0.03125","0.03125"
"130231","0","0","0"
"130236","0","0","0"
"140233","0.03125","0.03125","0.03125"
"140237","0","0","0"
"140239","0","0","0"
"140241","0","0","0"
"140249","0.03125","0.03125","0.03125"
"150220","0","0","0"
"150223","0","0","0"
"150242","0.09375","0.09375","0.09375"
"150243","0.03125","0.03125","0.03125"
"150254","0","0","0"
"160221","0.0625","0.0625","0.0625"
"160228","0.03125","0.03125","0.03125"
"160229","0","0","0"
"160235","0","0","0"
"160238","0","0","0"
"170224","0","0","0"
"170225","0","0","0"
"170238","0.03125","0.03125","0.03125"
"170246","0","0","0"
"170258","0","0","0"
"180220","0","0","0"
"180230","0.03125","0.03125","0.03125"
"180234","0","0","0"
"180235","0","0","0"
"180242","0","0","0"
"190221","0","0","0"
"190234","0","0","0"
"190236","0","0","0"
"190241","0.03125","0.03125","0.03125"
"190244","0","0","0"
"200224","0.03125","0.03125","0.03125"
"200228","0","0","0"
"200231","0","0","0"
"200247","0","0","0"
"200257","0.03125","0.03125","0.03125"
"210220","0.0625","0.0625","0.0625"
"210235","0","0","0"
"210240","0.03125","0.03125","0.03125"
"210243","0","0","0"
"210255","0.03125","0.03125","0.03125"
"220220","0","0","0"
"220229","0","0","0"
"220243","0.03125","0.03125","0.03125"
"220252","0","0","0"
"220259","0","0","0"
"230221","0","0","0"
"230226","0","0","0"
"230227","0","0","0"
"230231","0.03125","0.03125","0.03125"
"230248","0","0","0"
"240226","0.03125","0.03125","0.03125"
"240244","0.0625","0.0625","0.0625"
"240250","0","0","0"
"240251","0","0","0"
"240279","0","0","0"
"250221","0","0","0"
"250230","0","0","0"
"250238","0","0","0"
"250261","0","0","0"
"250270","0.03125","0.03125","0.03125"
"260234","0.03125","0.03125","0.03125"
"260243","0.0625","0.0625","0.0625"
"260252","0.125","0.125","0.125"
"260261","0","0","0"
"260266","0","0","0"
"270222","0.0625","0.0625","0.0625"
"270224","0","0","0"
"270236","0.09375","0.09375","0.09375"
"270245","0.015625","0","0.03125"
"280233","0.0625","0.0625","0.0625"
"280238","0.015625","0","0.03125"
"280240","0.03125","0.03125","0.03125"
"280260","0","0","0"
"290223","0.09375","0.09375","0.09375"
"290224","0","0","0"
"290234","0.03125","0.03125","0.03125"
"290238","0.03125","0.03125","0.03125"
"290255","0","0","0"
"300221","0.03125","0.03125","0.03125"
"300226","0.09375","0.09375","0.09375"
"300227","0","0","0"
"300234","0.03125","0.03125","0.03125"
"300269","0","0","0"
"310223","0","0","0"
"310225","0.09375","0.09375","0.09375"
"310233","0.0625","0.0625","0.0625"
"310257","0.0625","0.0625","0.0625"
"310306","0.0625","0.0625","0.0625"
"320221","0.03125","0.03125","0.03125"
"320226","0.0625","0.0625","0.0625"
"320235","0.03125","0.03125","0.03125"
"320244","0","0","0"
"320272","0.03125","0.03125","0.03125"
"330230","0","0","0"
"330234","0.0625","0.0625","0.0625"
"330235","0","0","0"
"330238","0.03125","0.03125","0.03125"
"330243","0.0625","0.0625","0.0625"
"340223","0.03125","0.03125","0.03125"
"340228","0.03125","0.03125","0.03125"
"340250","0.03125","0.03125","0.03125"
"340261","0","0","0"
"350221","0.03125","0.03125","0.03125"
"350224","0.03125","0.03125","0.03125"
"350225","0.0625","0.0625","0.0625"
"350246","0","0","0"
"350250","0.0625","0.0625","0.0625"
"360229","0.046875","0.03125","0.0625"
"360232","0.03125","0.03125","0.03125"
"360235","0.09375","0.09375","0.09375"
"360245","0","0","0"
"370227","0.03125","0","0.0625"
"370232","0.03125","0.03125","0.03125"
"370243","0.09375","0.09375","0.09375"
"370256","0.125","0.125","0.125"
"380225","0.15625","0.15625","0.15625"
"380227","0.0625","0.0625","0.0625"
"380234","0.0625","0.0625","0.0625"
"380246","0","0","0"
"380257","0.0625","0.0625","0.0625"
"390220","0.0625","0.0625","0.0625"
"390222","0.03125","0.03125","0.03125"
"390240","0.0625","0.0625","0.0625"
"390250","0.03125","0.03125","0.03125"
"390255","0.0625","0.0625","0.0625"
"400225","0.28125","0.28125","0.28125"
"400228","0.09375","0.09375","0.09375"
"400230","0.125","0.125","0.125"
"400239","0.0625","0.0625","0.0625"
"400266","0.09375","0.09375","0.09375"
"410220","0.1875","0.1875","0.1875"
"410222","0.03125","0.03125","0.03125"
"410239","0.125","0.125","0.125"
"410260","0.15625","0.15625","0.15625"
"410263","0.0625","0.0625","0.0625"
"420226","0.125","0.125","0.125"
"420233","0.09375","0.09375","0.09375"
"420251","0.125","0.125","0.125"
"420253","0.15625","0.15625","0.15625"
"420260","0.0625","0.0625","0.0625"
"430221","0.03125","0.03125","0.03125"
"430232","0.0625","0.0625","0.0625"
"430233","0.0625","0.0625","0.0625"
"430235","0.0625","0.0625","0.0625"
"430251","0.03125","0.03125","0.03125"
"440222","0.0625","0.0625","0.0625"
"440228","0","0","0"
"440233","0.03125","0.03125","0.03125"
"440237","0.15625","0.15625","0.15625"
"440260","0.15625","0.15625","0.15625"
"450221","0.15625","0.15625","0.15625"
"450223","0.1875","0.1875","0.1875"
"450248","0.1875","0.1875","0.1875"
"450258","0.125","0.125","0.125"
"450272","0.15625","0.15625","0.15625"
"460225","0.1875","0.09375","0.28125"
"460239","0.1875","0.1875","0.1875"
"460259","0.15625","0.15625","0.15625"
"460261","0.21875","0.21875","0.21875"
"470226","0.25","0.25","0.25"
"470230","0.125","0.125","0.125"
"470246","0.15625","0.15625","0.15625"
"470255","0.125","0.125","0.125"
"470256","0.15625","0.15625","0.15625"
"480225","0.09375","0.09375","0.09375"
"480239","0.15625","0.15625","0.15625"
"480244","0.09375","0.09375","0.09375"
"480247","0.0625","0.0625","0.0625"
"480252","0.21875","0.21875","0.21875"
"490231","0.125","0.125","0.125"
"490243","0.09375","0.09375","0.09375"
"490244","0.125","0.125","0.125"
"490256","0.28125","0.28125","0.28125"
"490280","0.0625","0.0625","0.0625"
"500223","0.0625","0.0625","0.0625"
"500225","0.1875","0.1875","0.1875"
"500243","0.1875","0.1875","0.1875"
"500256","0.09375","0.09375","0.09375"
"500260","0.15625","0.15625","0.15625"
"510222","0.28125","0.28125","0.28125"
"510227","0.09375","0.09375","0.09375"
"510233","0.0625","0.0625","0.0625"
"510239","0.0625","0.0625","0.0625"
"510258","0.15625","0.15625","0.15625"
"520224","0.25","0.25","0.25"
"520235","0.09375","0.09375","0.09375"
"520237","0.0625","0.0625","0.0625"
"520243","0.09375","0.09375","0.09375"
"520252","0.1875","0.1875","0.1875"
"530220","0.109375","0.09375","0.125"
"530225","0.21875","0.21875","0.21875"
"530236","0.1875","0.1875","0.1875"
"530281","0.0625","0.0625","0.0625"
"540233","0.21875","0.21875","0.21875"
"540234","0.15625","0.15625","0.15625"
"540236","0.125","0.125","0.125"
"540240","0.125","0.125","0.125"
"540241","0.09375","0.09375","0.09375"
"550221","0.125","0.125","0.125"
"550235","0.21875","0.21875","0.21875"
"550243","0.15625","0.15625","0.15625"
"550244","0.15625","0.15625","0.15625"
"550262","0.3125","0.3125","0.3125"
"560220","0.15625","0.15625","0.15625"
"560223","0.1875","0.1875","0.1875"
"560237","0.3125","0.3125","0.3125"
"560244","0.25","0.25","0.25"
"560248","0.25","0.25","0.25"
"570225","0.1875","0.1875","0.1875"
"570231","0.15625","0.15625","0.15625"
"570242","0.21875","0.21875","0.21875"
"570243","0.1875","0.1875","0.1875"
"570254","0.125","0.125","0.125"
"580225","0.25","0.25","0.25"
"580244","0.1875","0.1875","0.1875"
"580246","0.0625","0.0625","0.0625"
"580247","0.15625","0.15625","0.15625"
"580267","0.15625","0.15625","0.15625"
"590220","0.15625","0.15625","0.15625"
"590228","0.1875","0.1875","0.1875"
"590231","0.125","0.125","0.125"
"590247","0.0625","0.0625","0.0625"
"590273","0.21875","0.21875","0.21875"
"600233","0.09375","0.09375","0.09375"
"600238","0.1875","0.1875","0.1875"
"600245","0.1875","0.1875","0.1875"
"600266","0.15625","0.15625","0.15625"
"600291","0.125","0.125","0.125"
"610230","0.125","0","0.25"
"610234","0.21875","0.21875","0.21875"
"610235","0.15625","0.15625","0.15625"
"610237","0.21875","0.21875","0.21875"
"620224","0.21875","0.21875","0.21875"
"620226","0","0","0"
"620233","0.1875","0.1875","0.1875"
"620237","0.1875","0.1875","0.1875"
"620238","0.125","0.125","0.125"
"630224","0.1875","0.1875","0.1875"
"630233","0.125","0.125","0.125"
"630242","0.125","0.125","0.125"
"630243","0.21875","0.21875","0.21875"
"630245","0.15625","0.15625","0.15625"
"640238","0.125","0.125","0.125"
"640239","0.125","0.125","0.125"
"640243","0.125","0.125","0.125"
"640244","0.15625","0.15625","0.15625"
"640259","0.21875","0.21875","0.21875"
"650234","0.21875","0.15625","0.28125"
"650238","0.125","0.125","0.125"
"650245","0.15625","0.15625","0.15625"
"650252","0.15625","0.15625","0.15625"
"660230","0.1875","0.1875","0.1875"
"660231","0.1875","0.1875","0.1875"
"660237","0.15625","0.15625","0.15625"
"660238","0.09375","0.09375","0.09375"
"660264","0.1875","0.1875","0.1875"
"670222","0.25","0.25","0.25"
"670236","0.21875","0.21875","0.21875"
"670238","0.28125","0.28125","0.28125"
"670245","0.125","0.125","0.125"
"670247","0.09375","0.09375","0.09375"
"680224","0.1875","0.1875","0.1875"
"680243","0.25","0.25","0.25"
"680251","0.15625","0.15625","0.15625"
"680256","0.34375","0.34375","0.34375"
"680261","0.21875","0.21875","0.21875"
"690233","0.15625","0.09375","0.21875"
"690239","0.0625","0.0625","0.0625"
"690240","0.15625","0.15625","0.15625"
"690243","0.125","0.125","0.125"
"700225","0.15625","0.15625","0.15625"
"700245","0.234375","0.09375","0.375"
"700256","0.125","0.125","0.125"
"700271","0.09375","0.09375","0.09375"
"710223","0.25","0.25","0.25"
"710230","0.1875","0.1875","0.1875"
"710232","0.1875","0.1875","0.1875"
"710235","0.0625","0.0625","0.0625"
"710252","0.15625","0.15625","0.15625"
"720235","0.1875","0.1875","0.1875"
"720241","0.21875","0.21875","0.21875"
"720244","0.125","0.125","0.125"
"720250","0.1875","0.1875","0.1875"
"720252","0","0","0"
"730235","0.1875","0.1875","0.1875"
"730239","0.3125","0.3125","0.3125"
"730241","0.34375","0.34375","0.34375"
"730244","0.09375","0.09375","0.09375"
"730271","0.15625","0.15625","0.15625"
"740229","0.09375","0.09375","0.09375"
"740230","0.15625","0.15625","0.15625"
"740231","0.21875","0.21875","0.21875"
"740241","0.1875","0.1875","0.1875"
"740244","0.21875","0.21875","0.21875"
"750230","0.1875","0.1875","0.1875"
"750245","0.28125","0.28125","0.28125"
"750248","0.25","0.25","0.25"
"750256","0.0625","0.0625","0.0625"
"750267","0.15625","0.15625","0.15625"
"760221","0.21875","0.21875","0.21875"
"760222","0.125","0.125","0.125"
"760228","0.25","0.25","0.25"
"760240","0.25","0.25","0.25"
"760248","0.1875","0.1875","0.1875"
"770221","0.15625","0.15625","0.15625"
"770229","0.15625","0.15625","0.15625"
"770231","0.15625","0.15625","0.15625"
"770239","0.25","0.25","0.25"
"770242","0.28125","0.28125","0.28125"
"780221","0.171875","0.0625","0.28125"
"780224","0.21875","0.21875","0.21875"
"780226","0.125","0.125","0.125"
"780256","0.25","0.25","0.25"
"790223","0.0625","0.0625","0.0625"
"790228","0.1875","0.1875","0.1875"
"790235","0.3125","0.3125","0.3125"
"790237","0.25","0.25","0.25"
"790255","0.3125","0.3125","0.3125"
"800221","0.3125","0.3125","0.3125"
"800230","0.203125","0.125","0.28125"
"800231","0.21875","0.21875","0.21875"
"800256","0.09375","0.09375","0.09375"
"810222","0.0625","0.0625","0.0625"
"810228","0.125","0.125","0.125"
"810229","0.3125","0.3125","0.3125"
"810233","0.1875","0.1875","0.1875"
"810241","0.28125","0.28125","0.28125"
"820232","0.25","0.25","0.25"
"820238","0.15625","0.15625","0.15625"
"820245","0.28125","0.28125","0.28125"
"820263","0.0625","0.0625","0.0625"
"820266","0.1875","0.1875","0.1875"
"830222","0.21875","0.21875","0.21875"
"830227","0.21875","0.21875","0.21875"
"830263","0.1875","0.1875","0.1875"
"830272","0.3125","0.3125","0.3125"
"830289","0.375","0.375","0.375"
"840220","0.28125","0.28125","0.28125"
"840222","0.375","0.375","0.375"
"840232","0.28125","0.28125","0.28125"
"840248","0.09375","0.09375","0.09375"
"840269","0.125","0.125","0.125"
"850221","0.1875","0.1875","0.1875"
"850231","0.1875","0.1875","0.1875"
"850233","0.125","0.125","0.125"
"850237","0","0","0"
"850251","0.34375","0.34375","0.34375"
"860224","0.234375","0.21875","0.25"
"860235","0.09375","0.09375","0.09375"
"860237","0.03125","0.03125","0.03125"
"860238","0.25","0.25","0.25"
"870221","0.125","0.125","0.125"
"870241","0.25","0.25","0.25"
"870246","0.0625","0.0625","0.0625"
"870251","0.25","0.1875","0.3125"
"880220","0.28125","0.15625","0.40625"
"880235","0.15625","0.15625","0.15625"
"880251","0.265625","0.21875","0.3125"
"890226","0.21875","0.21875","0.21875"
"890238","0.15625","0.15625","0.15625"
"890247","0.25","0.25","0.25"
"890256","0.15625","0.15625","0.15625"
"890258","0.25","0.25","0.25"
"900234","0.15625","0.15625","0.15625"
"900247","0.09375","0.09375","0.09375"
"900248","0.125","0.125","0.125"
"900250","0.28125","0.28125","0.28125"
"900256","0.28125","0.28125","0.28125"
"910227","0.125","0.125","0.125"
"910236","0.1875","0.1875","0.1875"
"910241","0.25","0.25","0.25"
"910245","0.1875","0.1875","0.1875"
"910267","0.25","0.25","0.25"
"920228","0.21875","0.21875","0.21875"
"920231","0.1875","0.1875","0.1875"
"920232","0.1875","0.1875","0.1875"
"920240","0.125","0.125","0.125"
"920273","0.25","0.25","0.25"
"930230","0.0625","0.0625","0.0625"
"930235","0.234375","0.15625","0.3125"
"930237","0.375","0.375","0.375"
"930243","0.28125","0.28125","0.28125"
"940223","0.125","0.125","0.125"
"940225","0.15625","0.15625","0.15625"
"940239","0.09375","0.09375","0.09375"
"940248","0.25","0.25","0.25"
"940251","0.0625","0.0625","0.0625"
"950222","0.21875","0.21875","0.21875"
"950234","0.28125","0.28125","0.28125"
"950246","0.25","0.25","0.25"
"950252","0.15625","0.15625","0.15625"
"950296","0.34375","0.34375","0.34375"
"960221","0.15625","0.15625","0.15625"
"960228","0.125","0.125","0.125"
"960237","0.15625","0.15625","0.15625"
"960242","0.21875","0.21875","0.21875"
"960244","0.25","0.25","0.25"
"970220","0.15625","0.15625","0.15625"
"970231","0.21875","0.21875","0.21875"
"970232","0.15625","0.15625","0.15625"
"970233","0.25","0.25","0.25"
"970239","0.1875","0.1875","0.1875"
"980224","0.28125","0.28125","0.28125"
"980229","0.21875","0.21875","0.21875"
"980243","0.15625","0.15625","0.15625"
"980244","0.25","0.25","0.25"
"980247","0.25","0.25","0.25"
"990222","0.21875","0.21875","0.21875"
"990226","0.1875","0.1875","0.1875"
"990229","0.09375","0.09375","0.09375"
"990252","0.1875","0.1875","0.1875"
"990256","0.3125","0.3125","0.3125"
"1000221","0.46875","0.46875","0.46875"
"1000223","0.28125","0.28125","0.28125"
"1000228","0.09375","0.09375","0.09375"
"1000238","0.3125","0.3125","0.3125"
"1000265","0.28125","0.28125","0.28125"
"1010224","0.3125","0.3125","0.3125"
"1010226","0.15625","0.15625","0.15625"
"1010235","0.21875","0.21875","0.21875"
"1010236","0.3125","0.3125","0.3125"
"1010257","0.1875","0.1875","0.1875"
"1020235","0.15625","0.15625","0.15625"
"1020237","0.15625","0.15625","0.15625"
"1020241","0.28125","0.28125","0.28125"
"1020246","0.21875","0.21875","0.21875"
"1020266","0.34375","0.34375","0.34375"
"1030222","0.0625","0.0625","0.0625"
"1030223","0.21875","0.21875","0.21875"
"1030232","0.1875","0.1875","0.1875"
"1030233","0.1875","0.1875","0.1875"
"1030261","0.25","0.25","0.25"
"1040228","0.28125","0.28125","0.28125"
"1040240","0.1875","0.1875","0.1875"
"1040244","0.28125","0.28125","0.28125"
"1040247","0.21875","0.21875","0.21875"
"1040251","0.25","0.25","0.25"
"1050227","0.09375","0.09375","0.09375"
"1050229","0.25","0.25","0.25"
"1050235","0.25","0.25","0.25"
"1050249","0.21875","0.21875","0.21875"
"1050257","0.34375","0.34375","0.34375"
"1060236","0.28125","0.28125","0.28125"
"1060238","0.21875","0.21875","0.21875"
"1060239","0.3125","0.3125","0.3125"
"1060251","0.34375","0.34375","0.34375"
"1060256","0.15625","0.15625","0.15625"
"1070231","0.3125","0.3125","0.3125"
"1070243","0.1875","0.1875","0.1875"
"1070252","0.4375","0.4375","0.4375"
"1070256","0.25","0.25","0.25"
"1070257","0.125","0.125","0.125"
"1080221","0.125","0.125","0.125"
"1080226","0.1875","0.1875","0.1875"
"1080227","0.28125","0.28125","0.28125"
"1080254","0.1875","0.1875","0.1875"
"1080269","0.0625","0.0625","0.0625"
"1090220","0.25","0.25","0.25"
"1090222","0.15625","0.15625","0.15625"
"1090224","0.15625","0.15625","0.15625"
"1090230","0.25","0.25","0.25"
"1090253","0.15625","0.15625","0.15625"
"1100225","0.15625","0.15625","0.15625"
"1100226","0.28125","0.28125","0.28125"
"1100228","0.3125","0.3125","0.3125"
"1100236","0.09375","0.09375","0.09375"
"1100249","0.3125","0.3125","0.3125"
"1110220","0.265625","0.1875","0.34375"
"1110222","0.15625","0.15625","0.15625"
"1110226","0.1875","0.1875","0.1875"
"1110246","0.34375","0.34375","0.34375"
"1120220","0.28125","0.21875","0.34375"
"1120223","0.21875","0.21875","0.21875"
"1120228","0.1875","0.1875","0.1875"
"1120241","0.15625","0.15625","0.15625"
"1130224","0.375","0.375","0.375"
"1130226","0.25","0.25","0.25"
"1130230","0.25","0.25","0.25"
"1130234","0.21875","0.1875","0.25"
"1140223","0.15625","0.15625","0.15625"
"1140230","0.21875","0.21875","0.21875"
"1140234","0.3125","0.3125","0.3125"
"1140237","0.28125","0.28125","0.28125"
"1140251","0.21875","0.21875","0.21875"
"1150223","0.3125","0.3125","0.3125"
"1150227","0.125","0.125","0.125"
"1150238","0.28125","0.28125","0.28125"
"1150244","0.21875","0.21875","0.21875"
"1150264","0.15625","0.15625","0.15625"
"1160220","0.28125","0.28125","0.28125"
"1160231","0.28125","0.28125","0.28125"
"1160247","0.28125","0.28125","0.28125"
"1160248","0.25","0.25","0.25"
"1160253","0.25","0.25","0.25"
"1170223","0.09375","0.09375","0.09375"
"1170227","0.09375","0.09375","0.09375"
"1170242","0.1875","0.1875","0.1875"
"1170251","0.21875","0.21875","0.21875"
"1170252","0.21875","0.21875","0.21875"
"1180220","0.3125","0.3125","0.3125"
"1180223","0.21875","0.21875","0.21875"
"1180227","0.3125","0.3125","0.3125"
"1180232","0.21875","0.21875","0.21875"
"1180243","0.25","0.25","0.25"
"1190226","0.15625","0.15625","0.15625"
"1190234","0.234375","0.1875","0.28125"
"1190247","0.25","0.25","0.25"
"1190259","0.1875","0.1875","0.1875"
"1200240","0.25","0.25","0.25"
"1200244","0.21875","0.21875","0.21875"
"1200246","0.25","0.25","0.25"
"1200252","0.28125","0.28125","0.28125"
"1200254","0.3125","0.3125","0.3125"
"1210223","0.125","0.125","0.125"
"1210228","0.3125","0.3125","0.3125"
"1210256","0.21875","0.21875","0.21875"
"1210264","0.09375","0.09375","0.09375"
"1210270","0.375","0.375","0.375"
"1220236","0.21875","0.21875","0.21875"
"1220237","0.15625","0.15625","0.15625"
"1220250","0.1875","0.1875","0.1875"
"1220262","0.15625","0.15625","0.15625"
"1220291","0.21875","0.21875","0.21875"
"1230223","0.125","0.125","0.125"
"1230226","0.1875","0.1875","0.1875"
"1230243","0.203125","0.15625","0.25"
"1230252","0.1875","0.1875","0.1875"
"1240223","0.1875","0.1875","0.1875"
"1240225","0.28125","0.28125","0.28125"
"1240226","0.15625","0.15625","0.15625"
"1240232","0.125","0.09375","0.15625"
"1250224","0.34375","0.34375","0.34375"
"1250228","0.21875","0.21875","0.21875"
"1250230","0.375","0.375","0.375"
"1250238","0.1875","0.1875","0.1875"
"1250245","0.1875","0.1875","0.1875"
"1260227","0.125","0.125","0.125"
"1260241","0.3125","0.3125","0.3125"
"1260242","0.28125","0.28125","0.28125"
"1260244","0.15625","0.15625","0.15625"
"1260271","0.15625","0.15625","0.15625"
"1270238","0.15625","0.15625","0.15625"
"1270243","0.25","0.25","0.25"
"1270250","0.34375","0.34375","0.34375"
"1270255","0.1875","0.1875","0.1875"
"1270289","0.28125","0.28125","0.28125"
"1280221","0.15625","0.15625","0.15625"
"1280226","0.3125","0.3125","0.3125"
"1280250","0.21875","0.21875","0.21875"
"1280253","0.1875","0.1875","0.1875"
"1280257","0.09375","0.09375","0.09375"
"1290222","0.28125","0.28125","0.28125"
"1290231","0.15625","0.15625","0.15625"
"1290238","0.21875","0.21875","0.21875"
"1290252","0.25","0.25","0.25"
"1290270","0.34375","0.34375","0.34375"
"1300221","0.15625","0.15625","0.15625"
"1300227","0.28125","0.28125","0.28125"
"1300235","0.25","0.25","0.25"
"1300251","0.0625","0.0625","0.0625"
"1300265","0.09375","0.09375","0.09375"
"1310227","0.28125","0.28125","0.28125"
"1310228","0.25","0.25","0.25"
"1310245","0.1875","0.1875","0.1875"
"1310251","0.15625","0.15625","0.15625"
"1310259","0.21875","0.21875","0.21875"
"1320224","0.1875","0.1875","0.1875"
"1320225","0.34375","0.34375","0.34375"
"1320231","0.1875","0.1875","0.1875"
"1320244","0.34375","0.34375","0.34375"
"1320277","0.1875","0.1875","0.1875"
"1330236","0.3125","0.3125","0.3125"
"1330240","0.25","0.25","0.25"
"1330242","0.03125","0.03125","0.03125"
"1330252","0.25","0.25","0.25"
"1330254","0.15625","0.15625","0.15625"
"1340223","0.25","0.25","0.25"
"1340228","0.1875","0.1875","0.1875"
"1340236","0.28125","0.28125","0.28125"
"1340251","0.3125","0.3125","0.3125"
"1340257","0.1875","0.1875","0.1875"
"1350224","0.125","0.125","0.125"
"1350225","0.40625","0.40625","0.40625"
"1350229","0.28125","0.28125","0.28125"
"1350249","0.09375","0.09375","0.09375"
"1350261","0.1875","0.1875","0.1875"
"1360227","0.28125","0.28125","0.28125"
"1360236","0.25","0.25","0.25"
"1360244","0.4375","0.4375","0.4375"
"1360256","0.28125","0.28125","0.28125"
"1360259","0.4375","0.4375","0.4375"
"1370234","0.21875","0.21875","0.21875"
"1370236","0.40625","0.40625","0.40625"
"1370238","0.25","0.25","0.25"
"1370243","0.3125","0.3125","0.3125"
"1370252","0.3125","0.3125","0.3125"
"1380220","0.40625","0.40625","0.40625"
"1380227","0.34375","0.34375","0.34375"
"1380233","0.40625","0.40625","0.40625"
"1380247","0.1875","0.1875","0.1875"
"1380250","0.15625","0.15625","0.15625"
"1390221","0.21875","0.21875","0.21875"
"1390223","0.40625","0.40625","0.40625"
"1390229","0.28125","0.28125","0.28125"
"1390234","0.21875","0.21875","0.21875"
"1390246","0.28125","0.28125","0.28125"
"1400224","0.1875","0.1875","0.1875"
"1400227","0.28125","0.28125","0.28125"
"1400248","0.125","0.125","0.125"
"1400255","0.15625","0.15625","0.15625"
"1400256","0.0625","0.0625","0.0625"
"1410225","0.171875","0.15625","0.1875"
"1410230","0.21875","0.21875","0.21875"
"1410238","0.1875","0.1875","0.1875"
"1410247","0.28125","0.28125","0.28125"
"1420222","0.25","0.25","0.25"
"1420225","0.3125","0.3125","0.3125"
"1420239","0.28125","0.28125","0.28125"
"1420243","0.21875","0.21875","0.21875"
"1420256","0.15625","0.15625","0.15625"
"1430221","0.4375","0.4375","0.4375"
"1430225","0.1875","0.1875","0.1875"
"1430228","0.25","0.25","0.25"
"1430236","0.25","0.25","0.25"
"1430258","0.25","0.25","0.25"
"1440245","0.28125","0.28125","0.28125"
"1440248","0.375","0.375","0.375"
"1440252","0.15625","0.15625","0.15625"
"1440263","0.1875","0.1875","0.1875"
"1440267","0.15625","0.15625","0.15625"
"1450221","0.1875","0.1875","0.1875"
"1450222","0.40625","0.40625","0.40625"
"1450226","0.28125","0.28125","0.28125"
"1450253","0.28125","0.28125","0.28125"
"1450264","0.3125","0.3125","0.3125"
"1460230","0.28125","0.28125","0.28125"
"1460232","0.3125","0.3125","0.3125"
"1460235","0.28125","0.28125","0.28125"
"1460238","0.25","0.25","0.25"
"1460239","0.21875","0.21875","0.21875"
"1470227","0.375","0.375","0.375"
"1470231","0.28125","0.28125","0.28125"
"1470246","0.28125","0.28125","0.28125"
"1470255","0.25","0.25","0.25"
"1470277","0.34375","0.34375","0.34375"
"1480221","0.28125","0.28125","0.28125"
"1480229","0.28125","0.28125","0.28125"
"1480239","0.21875","0.21875","0.21875"
"1480240","0.25","0.21875","0.28125"
"1490225","0.28125","0.28125","0.28125"
"1490233","0.21875","0.21875","0.21875"
"1490238","0.15625","0.15625","0.15625"
"1490243","0.25","0.25","0.25"
"1490248","0.40625","0.40625","0.40625"
"1500225","0.125","0.125","0.125"
"1500233","0.296875","0.28125","0.3125"
"1500255","0.1875","0.1875","0.1875"
"1500264","0.125","0.125","0.125"
"1510221","0.375","0.375","0.375"
"1510225","0.25","0.25","0.25"
"1510226","0.1875","0.1875","0.1875"
"1510254","0.25","0.25","0.25"
"1510268","0.34375","0.34375","0.34375"
"1520220","0.28125","0.28125","0.28125"
"1520221","0.34375","0.34375","0.34375"
"1520230","0.28125","0.28125","0.28125"
"1520234","0.21875","0.21875","0.21875"
"1530220","0.21875","0.21875","0.21875"
"1530231","0.1875","0.1875","0.1875"
"1530249","0.34375","0.34375","0.34375"
"1530251","0.40625","0.40625","0.40625"
"1530252","0.21875","0.21875","0.21875"
"1540224","0.28125","0.28125","0.28125"
"1540236","0.1875","0.1875","0.1875"
"1540242","0.28125","0.28125","0.28125"
"1540246","0.3125","0.3125","0.3125"
"1540262","0.34375","0.34375","0.34375"
"1550226","0.34375","0.34375","0.34375"
"1550232","0.09375","0.09375","0.09375"
"1550244","0.25","0.25","0.25"
"1550247","0.46875","0.46875","0.46875"
"1550272","0.21875","0.21875","0.21875"
"1560221","0.53125","0.53125","0.53125"
"1560225","0.28125","0.28125","0.28125"
"1560228","0.359375","0.34375","0.375"
"1560254","0.40625","0.40625","0.40625"
"1570220","0.375","0.375","0.375"
"1570237","0.34375","0.34375","0.34375"
"1570240","0.28125","0.28125","0.28125"
"1570256","0.34375","0.34375","0.34375"
"1570284","0.21875","0.21875","0.21875"
"1580224","0.21875","0.21875","0.21875"
"1580232","0.25","0.25","0.25"
"1580239","0.15625","0.15625","0.15625"
"1580243","0.3125","0.3125","0.3125"
"1580291","0.1875","0.1875","0.1875"
"1590229","0.09375","0.09375","0.09375"
"1590233","0.375","0.375","0.375"
"1590247","0.21875","0.21875","0.21875"
"1590251","0.15625","0.15625","0.15625"
"1590262","0.3125","0.3125","0.3125"
"1600231","0.25","0.25","0.25"
"1600244","0.15625","0.15625","0.15625"
"1600245","0.125","0.125","0.125"
"1600247","0.25","0.25","0.25"
"1600251","0.28125","0.28125","0.28125"
"1610231","0.21875","0.21875","0.21875"
"1610232","0.28125","0.28125","0.28125"
"1610236","0.1875","0.1875","0.1875"
"1610237","0.25","0.25","0.25"
"1610259","0.3125","0.3125","0.3125"
"1620222","0.21875","0.21875","0.21875"
"1620240","0.28125","0.28125","0.28125"
"1620252","0.21875","0.21875","0.21875"
"1620257","0.40625","0.40625","0.40625"
"1620267","0.1875","0.1875","0.1875"
"1630220","0.34375","0.34375","0.34375"
"1630224","0.3125","0.3125","0.3125"
"1630241","0.21875","0.21875","0.21875"
"1630244","0.15625","0.15625","0.15625"
"1630247","0.40625","0.40625","0.40625"
"1640221","0.25","0.25","0.25"
"1640242","0.3125","0.3125","0.3125"
"1640247","0.375","0.375","0.375"
"1640252","0.3125","0.3125","0.3125"
"1640262","0.25","0.25","0.25"
"1650224","0.21875","0.21875","0.21875"
"1650231","0.3125","0.3125","0.3125"
"1650232","0.21875","0.21875","0.21875"
"1650241","0.34375","0.34375","0.34375"
"1650255","0.28125","0.28125","0.28125"
"1660222","0.28125","0.28125","0.28125"
"1660246","0.15625","0.15625","0.15625"
"1660248","0.1875","0.1875","0.1875"
"1660250","0.21875","0.21875","0.21875"
"1660254","0.34375","0.34375","0.34375"
"1670225","0.1875","0.1875","0.1875"
"1670228","0.34375","0.34375","0.34375"
"1670246","0.25","0.25","0.25"
"1670258","0.25","0.25","0.25"
"1670268","0.28125","0.28125","0.28125"
"1680229","0.3125","0.3125","0.3125"
"1680240","0.375","0.375","0.375"
"1680251","0.21875","0.21875","0.21875"
"1680263","0.25","0.25","0.25"
"1680279","0.1875","0.1875","0.1875"
"1690221","0.28125","0.28125","0.28125"
"1690226","0.125","0.125","0.125"
"1690250","0.375","0.375","0.375"
"1690260","0.1875","0.1875","0.1875"
"1690273","0.3125","0.3125","0.3125"
"1700221","0.34375","0.34375","0.34375"
"1700237","0.28125","0.28125","0.28125"
"1700250","0.21875","0.21875","0.21875"
"1700257","0.375","0.375","0.375"
"1700274","0.4375","0.4375","0.4375"
"1710230","0.34375","0.3125","0.375"
"1710244","0.40625","0.40625","0.40625"
"1710254","0.28125","0.28125","0.28125"
"1710278","0.25","0.25","0.25"
"1720220","0.375","0.375","0.375"
"1720224","0.1875","0.1875","0.1875"
"1720228","0.21875","0.21875","0.21875"
"1720248","0.21875","0.21875","0.21875"
"1720257","0.375","0.375","0.375"
"1730230","0.3125","0.3125","0.3125"
"1730231","0.3125","0.3125","0.3125"
"1730242","0.25","0.25","0.25"
"1730245","0.21875","0.21875","0.21875"
"1730255","0.25","0.25","0.25"
"1740227","0.15625","0.15625","0.15625"
"1740229","0.4375","0.4375","0.4375"
"1740238","0.375","0.375","0.375"
"1740242","0.28125","0.28125","0.28125"
"1740260","0.21875","0.21875","0.21875"
"1750222","0.4375","0.4375","0.4375"
"1750226","0.34375","0.34375","0.34375"
"1750230","0.25","0.25","0.25"
"1750239","0.375","0.375","0.375"
"1750246","0.3125","0.3125","0.3125"
"1760223","0.25","0.25","0.25"
"1760228","0.3125","0.3125","0.3125"
"1760234","0.125","0.125","0.125"
"1760236","0.15625","0.15625","0.15625"
"1760241","0.1875","0.1875","0.1875"
"1770231","0.40625","0.40625","0.40625"
"1770234","0.25","0.25","0.25"
"1770246","0.375","0.375","0.375"
"1770248","0.40625","0.40625","0.40625"
"1770262","0.28125","0.28125","0.28125"
"1780225","0.25","0.25","0.25"
"1780231","0.3125","0.3125","0.3125"
"1780247","0.28125","0.28125","0.28125"
"1780249","0.3125","0.3125","0.3125"
"1780253","0.25","0.25","0.25"
"1790220","0.40625","0.40625","0.40625"
"1790227","0.21875","0.21875","0.21875"
"1790245","0.125","0.125","0.125"
"1790257","0.375","0.375","0.375"
"1790267","0.25","0.25","0.25"
"1800234","0.28125","0.28125","0.28125"
"1800237","0.4375","0.4375","0.4375"
"1800238","0.28125","0.28125","0.28125"
"1800241","0.4375","0.4375","0.4375"
"1800247","0.125","0.125","0.125"
"1810221","0.40625","0.40625","0.40625"
"1810222","0.28125","0.28125","0.28125"
"1810244","0.1875","0.1875","0.1875"
"1810251","0.3125","0.3125","0.3125"
"1810260","0.34375","0.34375","0.34375"
"1820221","0.1875","0.1875","0.1875"
"1820230","0.25","0.25","0.25"
"1820239","0.34375","0.34375","0.34375"
"1820241","0.21875","0.21875","0.21875"
"1820257","0.21875","0.21875","0.21875"
"1830230","0.375","0.375","0.375"
"1830236","0.3125","0.3125","0.3125"
"1830237","0.34375","0.28125","0.40625"
"1830242","0.125","0.125","0.125"
"1840222","0.3125","0.3125","0.3125"
"1840227","0.21875","0.21875","0.21875"
"1840229","0.21875","0.21875","0.21875"
"1840231","0.15625","0.15625","0.15625"
"1840266","0.40625","0.40625","0.40625"
"1850222","0.21875","0.21875","0.21875"
"1850225","0.25","0.25","0.25"
"1850244","0.34375","0.34375","0.34375"
"1850252","0.15625","0.15625","0.15625"
"1850264","0.25","0.25","0.25"
"1860228","0.4375","0.4375","0.4375"
"1860237","0.34375","0.34375","0.34375"
"1860239","0.34375","0.3125","0.375"
"1860249","0.40625","0.40625","0.40625"
"1870230","0.4375","0.4375","0.4375"
"1870233","0.25","0.25","0.25"
"1870234","0.34375","0.34375","0.34375"
"1870239","0.3125","0.3125","0.3125"
"1870267","0.21875","0.21875","0.21875"
"1880220","0.125","0.125","0.125"
"1880248","0.1875","0.1875","0.1875"
"1880251","0.34375","0.34375","0.34375"
"1880252","0.3125","0.3125","0.3125"
"1880270","0.25","0.25","0.25"
"1890228","0.28125","0.28125","0.28125"
"1890231","0.3125","0.3125","0.3125"
"1890233","0.265625","0.25","0.28125"
"1890258","0.34375","0.34375","0.34375"
"1900231","0.40625","0.40625","0.40625"
"1900234","0.25","0.25","0.25"
"1900239","0.5","0.5","0.5"
"1900241","0.1875","0.1875","0.1875"
"1900260","0.34375","0.34375","0.34375"
"1910224","0.34375","0.34375","0.34375"
"1910225","0.3125","0.3125","0.3125"
"1910230","0.34375","0.34375","0.34375"
"1910237","0.125","0.125","0.125"
"1910250","0.4375","0.4375","0.4375"
"1920222","0.21875","0.21875","0.21875"
"1920232","0.40625","0.40625","0.40625"
"1920235","0.3125","0.3125","0.3125"
"1920243","0.15625","0.15625","0.15625"
"1920247","0.34375","0.34375","0.34375"
"1930226","0.5","0.5","0.5"
"1930230","0.40625","0.40625","0.40625"
"1930231","0.28125","0.28125","0.28125"
"1930233","0.28125","0.28125","0.28125"
"1930257","0.5","0.5","0.5"
"1940224","0.34375","0.34375","0.34375"
"1940238","0.375","0.375","0.375"
"1940241","0.375","0.34375","0.40625"
"1940266","0.34375","0.34375","0.34375"
"1950246","0.3125","0.3125","0.3125"
"1950252","0.375","0.3125","0.4375"
"1950258","0.375","0.375","0.375"
"1950270","0.15625","0.15625","0.15625"
"1960233","0.34375","0.34375","0.34375"
"1960238","0.328125","0.28125","0.375"
"1960252","0.3125","0.3125","0.3125"
"1960265","0.1875","0.1875","0.1875"
"1970232","0.1875","0.1875","0.1875"
"1970233","0.28125","0.28125","0.28125"
"1970237","0.25","0.25","0.25"
"1970246","0.40625","0.40625","0.40625"
"1970269","0.25","0.25","0.25"
"1980224","0.21875","0.21875","0.21875"
"1980244","0.15625","0.15625","0.15625"
"1980251","0.375","0.375","0.375"
"1980253","0.40625","0.40625","0.40625"
"1980255","0.25","0.25","0.25"
"1990220","0.28125","0.28125","0.28125"
"1990228","0.34375","0.34375","0.34375"
"1990233","0.3125","0.3125","0.3125"
"1990235","0.375","0.375","0.375"
"1990249","0.21875","0.21875","0.21875"
"2000225","0.40625","0.40625","0.40625"
"2000243","0.34375","0.34375","0.34375"
"2000249","0.21875","0.21875","0.21875"
"2000253","0.28125","0.28125","0.28125"
"2000282","0.34375","0.34375","0.34375"
"2010224","0.25","0.25","0.25"
"2010227","0.4375","0.4375","0.4375"
"2010236","0.28125","0.28125","0.28125"
"2010241","0.3125","0.3125","0.3125"
"2010265","0.34375","0.34375","0.34375"
"2020222","0.21875","0.21875","0.21875"
"2020225","0.359375","0.3125","0.40625"
"2020238","0.25","0.25","0.25"
"2020260","0.34375","0.34375","0.34375"
"2030226","0.21875","0.21875","0.21875"
"2030233","0.28125","0.28125","0.28125"
"2030254","0.21875","0.21875","0.21875"
"2030258","0.21875","0.21875","0.21875"
"2030267","0.375","0.375","0.375"
"2040223","0.3125","0.3125","0.3125"
"2040231","0.375","0.375","0.375"
"2040232","0.25","0.25","0.25"
"2040236","0.25","0.25","0.25"
"2040238","0.34375","0.34375","0.34375"
"2050222","0.1875","0.1875","0.1875"
"2050252","0.375","0.375","0.375"
"2050255","0.1875","0.1875","0.1875"
"2050264","0.21875","0.21875","0.21875"
"2050281","0.375","0.375","0.375"
"2060220","0.34375","0.34375","0.34375"
"2060224","0.1875","0.1875","0.1875"
"2060225","0.1875","0.1875","0.1875"
"2060231","0.375","0.375","0.375"
"2060262","0.3125","0.3125","0.3125"
"2070238","0.28125","0.28125","0.28125"
"2070241","0.34375","0.34375","0.34375"
"2070252","0.375","0.28125","0.46875"
"2070260","0.15625","0.15625","0.15625"
"2080224","0.21875","0.21875","0.21875"
"2080225","0.375","0.375","0.375"
"2080240","0.40625","0.40625","0.40625"
"2080243","0.5","0.5","0.5"
"2080262","0.3125","0.3125","0.3125"
"2090227","0.28125","0.28125","0.28125"
"2090234","0.21875","0.21875","0.21875"
"2090247","0.34375","0.34375","0.34375"
"2090253","0.34375","0.34375","0.34375"
"2090279","0.28125","0.28125","0.28125"
"2100222","0.3125","0.3125","0.3125"
"2100227","0.28125","0.28125","0.28125"
"2100232","0.28125","0.28125","0.28125"
"2100239","0.3125","0.3125","0.3125"
"2100252","0.21875","0.21875","0.21875"
"2110221","0.25","0.25","0.25"
"2110224","0.34375","0.34375","0.34375"
"2110225","0.28125","0.28125","0.28125"
"2110247","0.4375","0.4375","0.4375"
"2110257","0.25","0.25","0.25"
"2120224","0.375","0.375","0.375"
"2120235","0.34375","0.34375","0.34375"
"2120237","0.34375","0.34375","0.34375"
"2120246","0.1875","0.1875","0.1875"
"2120251","0.28125","0.28125","0.28125"
"2130225","0.34375","0.34375","0.34375"
"2130226","0.25","0.25","0.25"
"2130231","0.25","0.25","0.25"
"2130242","0.265625","0.25","0.28125"
"2140230","0.34375","0.34375","0.34375"
"2140231","0.375","0.375","0.375"
"2140244","0.34375","0.34375","0.34375"
"2140246","0.3125","0.3125","0.3125"
"2140256","0.28125","0.28125","0.28125"
"2150231","0.21875","0.21875","0.21875"
"2150241","0.46875","0.46875","0.46875"
"2150246","0.3125","0.3125","0.3125"
"2150265","0.375","0.375","0.375"
"2150272","0.34375","0.34375","0.34375"
"2160232","0.21875","0.21875","0.21875"
"2160243","0.28125","0.28125","0.28125"
"2160249","0.28125","0.25","0.3125"
"2160253","0.125","0.125","0.125"
"2170221","0.21875","0.21875","0.21875"
"2170237","0.21875","0.21875","0.21875"
"2170240","0.25","0.25","0.25"
"2170247","0.1875","0.1875","0.1875"
"2170254","0.21875","0.21875","0.21875"
"2180229","0.28125","0.28125","0.28125"
"2180231","0.25","0.25","0.25"
"2180242","0.34375","0.34375","0.34375"
"2180254","0.3125","0.3125","0.3125"
"2180274","0.28125","0.28125","0.28125"
"2190224","0.34375","0.34375","0.34375"
"2190227","0.3125","0.3125","0.3125"
"2190240","0.21875","0.21875","0.21875"
"2190241","0.375","0.375","0.375"
"2190253","0.34375","0.34375","0.34375"
"2200220","0.296875","0.1875","0.40625"
"2200241","0.34375","0.34375","0.34375"
"2200247","0.25","0.1875","0.3125"
"2210236","0.375","0.375","0.375"
"2210242","0.34375","0.34375","0.34375"
"2210251","0.28125","0.28125","0.28125"
"2210257","0.25","0.25","0.25"
"2210266","0.3125","0.3125","0.3125"
"2220229","0.21875","0.21875","0.21875"
"2220241","0.40625","0.40625","0.40625"
"2220245","0.15625","0.15625","0.15625"
"2220247","0.34375","0.34375","0.34375"
"2220250","0.375","0.375","0.375"
"2230220","0.4375","0.4375","0.4375"
"2230225","0.375","0.375","0.375"
"2230232","0.28125","0.28125","0.28125"
"2230250","0.40625","0.40625","0.40625"
"2230252","0.21875","0.21875","0.21875"
"2240223","0.34375","0.34375","0.34375"
"2240225","0.28125","0.28125","0.28125"
"2240230","0.21875","0.21875","0.21875"
"2240242","0.3125","0.3125","0.3125"
"2240246","0.28125","0.28125","0.28125"
"2250225","0.375","0.375","0.375"
"2250230","0.34375","0.34375","0.34375"
"2250234","0.25","0.25","0.25"
"2250235","0.28125","0.28125","0.28125"
"2250239","0.375","0.375","0.375"
"2260226","0.34375","0.34375","0.34375"
"2260231","0.28125","0.28125","0.28125"
"2260239","0.375","0.375","0.375"
"2260243","0.34375","0.34375","0.34375"
"2270221","0.3125","0.3125","0.3125"
"2270230","0.25","0.25","0.25"
"2270231","0.28125","0.28125","0.28125"
"2270241","0.25","0.25","0.25"
"2270257","0.34375","0.34375","0.34375"
"2280220","0.28125","0.28125","0.28125"
"2280228","0.359375","0.3125","0.40625"
"2280232","0.34375","0.34375","0.34375"
"2280248","0.46875","0.46875","0.46875"
"2290221","0.34375","0.34375","0.34375"
"2290222","0.34375","0.34375","0.34375"
"2290230","0.40625","0.40625","0.40625"
"2290233","0.28125","0.28125","0.28125"
"2290255","0.375","0.375","0.375"
"2300226","0.28125","0.28125","0.28125"
"2300227","0.3125","0.3125","0.3125"
"2300240","0.34375","0.34375","0.34375"
"2300245","0.40625","0.40625","0.40625"
"2300263","0.46875","0.46875","0.46875"
"2310220","0.3125","0.3125","0.3125"
"2310221","0.28125","0.28125","0.28125"
"2310228","0.40625","0.40625","0.40625"
"2310232","0.25","0.25","0.25"
"2310235","0.34375","0.34375","0.34375"
"2320223","0.25","0.25","0.25"
"2320226","0.375","0.375","0.375"
"2320229","0.375","0.375","0.375"
"2320246","0.25","0.25","0.25"
"2320249","0.125","0.125","0.125"
"2330223","0.3125","0.3125","0.3125"
"2330225","0.375","0.375","0.375"
"2330234","0.34375","0.34375","0.34375"
"2330258","0.28125","0.28125","0.28125"
"2330259","0.34375","0.34375","0.34375"
"2340227","0.5","0.5","0.5"
"2340230","0.34375","0.34375","0.34375"
"2340235","0.46875","0.46875","0.46875"
"2340237","0.5","0.5","0.5"
"2340257","0.3125","0.3125","0.3125"
"2350237","0.34375","0.34375","0.34375"
"2350259","0.3125","0.3125","0.3125"
"2350263","0.40625","0.40625","0.40625"
"2350264","0.4375","0.4375","0.4375"
"2350273","0.21875","0.21875","0.21875"
"2360220","0.40625","0.40625","0.40625"
"2360222","0.15625","0.15625","0.15625"
"2360230","0.34375","0.34375","0.34375"
"2360235","0.1875","0.1875","0.1875"
"2360253","0.1875","0.1875","0.1875"
"2370229","0.375","0.375","0.375"
"2370235","0.40625","0.40625","0.40625"
"2370243","0.40625","0.40625","0.40625"
"2370250","0.21875","0.21875","0.21875"
"2370275","0.28125","0.28125","0.28125"
"2380240","0.3125","0.3125","0.3125"
"2380245","0.25","0.25","0.25"
"2380246","0.34375","0.34375","0.34375"
"2380249","0.46875","0.46875","0.46875"
"2380271","0.40625","0.40625","0.40625"
"2390223","0.25","0.25","0.25"
"2390224","0.25","0.25","0.25"
"2390240","0.28125","0.28125","0.28125"
"2390249","0.375","0.375","0.375"
"2390252","0.28125","0.28125","0.28125"
"2400223","0.0625","0.0625","0.0625"
"2400226","0.34375","0.34375","0.34375"
"2400237","0.25","0.25","0.25"
"2400242","0.375","0.375","0.375"
"2400245","0.21875","0.21875","0.21875"
"2410220","0.40625","0.40625","0.40625"
"2410241","0.34375","0.34375","0.34375"
"2410248","0.46875","0.46875","0.46875"
"2410252","0.46875","0.46875","0.46875"
"2410258","0.40625","0.40625","0.40625"
"2420220","0.3125","0.3125","0.3125"
"2420223","0.375","0.375","0.375"
"2420236","0.25","0.25","0.25"
"2420244","0.25","0.25","0.25"
"2420264","0.4375","0.4375","0.4375"
"2430226","0.1875","0.1875","0.1875"
"2430241","0.25","0.25","0.25"
"2430253","0.375","0.375","0.375"
"2430260","0.25","0.25","0.25"
"2430264","0.34375","0.34375","0.34375"
"2440223","0.375","0.375","0.375"
"2440231","0.4375","0.4375","0.4375"
"2440244","0.3125","0.3125","0.3125"
"2440250","0.375","0.375","0.375"
"2440252","0.375","0.375","0.375"
"2450222","0.1875","0.1875","0.1875"
"2450236","0.125","0.125","0.125"
"2450251","0.375","0.375","0.375"
"2450256","0.1875","0.1875","0.1875"
"2450259","0.375","0.375","0.375"
"2460222","0.21875","0.21875","0.21875"
"2460239","0.375","0.34375","0.40625"
"2460248","0.3125","0.3125","0.3125"
"2460267","0.3125","0.3125","0.3125"
"2470229","0.34375","0.34375","0.34375"
"2470244","0.3125","0.3125","0.3125"
"2470245","0.34375","0.21875","0.46875"
"2470255","0.28125","0.28125","0.28125"
"2480220","0.28125","0.28125","0.28125"
"2480223","0.25","0.25","0.25"
"2480236","0.34375","0.34375","0.34375"
"2480241","0.25","0.25","0.25"
"2480257","0.21875","0.21875","0.21875"
"2490221","0.46875","0.46875","0.46875"
"2490234","0.21875","0.21875","0.21875"
"2490236","0.3125","0.3125","0.3125"
"2490240","0.40625","0.40625","0.40625"
"2490259","0.28125","0.28125","0.28125"
"2500221","0.28125","0.28125","0.28125"
"2500222","0.3125","0.3125","0.3125"
"2500232","0.3125","0.3125","0.3125"
"2500255","0.28125","0.28125","0.28125"
"2500259","0.3125","0.3125","0.3125"
"2510233","0.125","0.125","0.125"
"2510234","0.3125","0.3125","0.3125"
"2510236","0.34375","0.34375","0.34375"
"2510261","0.34375","0.34375","0.34375"
"2510268","0.3125","0.3125","0.3125"
"2520232","0.375","0.34375","0.40625"
"2520240","0.4375","0.4375","0.4375"
"2520245","0.21875","0.21875","0.21875"
"2520246","0.53125","0.53125","0.53125"
"2530220","0.3125","0.3125","0.3125"
"2530230","0.375","0.375","0.375"
"2530236","0.21875","0.21875","0.21875"
"2530238","0.34375","0.34375","0.34375"
"2530244","0.4375","0.4375","0.4375"
"2540225","0.1875","0.1875","0.1875"
"2540230","0.25","0.25","0.25"
"2540236","0.3125","0.3125","0.3125"
"2540253","0.40625","0.40625","0.40625"
"2550224","0.34375","0.34375","0.34375"
"2550227","0.34375","0.34375","0.34375"
"2550250","0.40625","0.40625","0.40625"
"2550256","0.40625","0.40625","0.40625"
"2550262","0.25","0.25","0.25"
"2560226","0.40625","0.40625","0.40625"
"2560229","0.3125","0.3125","0.3125"
"2560230","0.4375","0.4375","0.4375"
"2560235","0.25","0.25","0.25"
"2560237","0.15625","0.15625","0.15625"
"2570228","0.34375","0.34375","0.34375"
"2570229","0.375","0.375","0.375"
"2570244","0.28125","0.28125","0.28125"
"2570253","0.375","0.375","0.375"
"2570261","0.3125","0.3125","0.3125"
"2580225","0.375","0.375","0.375"
"2580230","0.40625","0.40625","0.40625"
"2580251","0.40625","0.40625","0.40625"
"2580256","0.34375","0.34375","0.34375"
"2580265","0.46875","0.46875","0.46875"
"2590225","0.40625","0.40625","0.40625"
"2590226","0.40625","0.40625","0.40625"
"2590232","0.15625","0.15625","0.15625"
"2590234","0.28125","0.28125","0.28125"
"2600235","0.28125","0.28125","0.28125"
"2600237","0.21875","0.21875","0.21875"
"2600246","0.25","0.25","0.25"
"2600258","0.3125","0.3125","0.3125"
"2600265","0.25","0.25","0.25"
"2610223","0.3125","0.3125","0.3125"
"2610224","0.40625","0.40625","0.40625"
"2610230","0.3125","0.3125","0.3125"
"2610239","0.34375","0.34375","0.34375"
"2610276","0.21875","0.21875","0.21875"
"2620228","0.34375","0.34375","0.34375"
"2620234","0.4375","0.4375","0.4375"
"2620236","0.40625","0.40625","0.40625"
"2620249","0.40625","0.40625","0.40625"
"2620256","0.21875","0.21875","0.21875"
"2630229","0.28125","0.28125","0.28125"
"2630239","0.28125","0.28125","0.28125"
"2630251","0.28125","0.28125","0.28125"
"2630257","0.46875","0.46875","0.46875"
"2630260","0.1875","0.1875","0.1875"
"2640227","0.28125","0.28125","0.28125"
"2640233","0.4375","0.4375","0.4375"
"2640241","0.34375","0.34375","0.34375"
"2640252","0.375","0.375","0.375"
"2640277","0.34375","0.34375","0.34375"
"2650226","0.296875","0.25","0.34375"
"2650243","0.375","0.375","0.375"
"2650245","0.3125","0.3125","0.3125"
"2650277","0.40625","0.40625","0.40625"
"2660222","0.28125","0.28125","0.28125"
"2660243","0.28125","0.28125","0.28125"
"2660246","0.4375","0.4375","0.4375"
"2660250","0.40625","0.40625","0.40625"
"2660261","0.4375","0.4375","0.4375"
"2670220","0.40625","0.40625","0.40625"
"2670221","0.375","0.375","0.375"
"2670239","0.375","0.375","0.375"
"2670240","0.3125","0.3125","0.3125"
"2670243","0.25","0.25","0.25"
"2680224","0.25","0.25","0.25"
"2680225","0.34375","0.34375","0.34375"
"2680230","0.4375","0.4375","0.4375"
"2680238","0.1875","0.1875","0.1875"
"2680270","0.21875","0.21875","0.21875"
"2690234","0.28125","0.28125","0.28125"
"2690235","0.28125","0.28125","0.28125"
"2690238","0.28125","0.28125","0.28125"
"2690244","0.375","0.375","0.375"
"2690265","0.375","0.375","0.375"
"2700225","0.21875","0.21875","0.21875"
"2700248","0.375","0.375","0.375"
"2700258","0.4375","0.4375","0.4375"
"2700259","0.375","0.375","0.375"
"2700272","0.375","0.375","0.375"
"2710222","0.28125","0.28125","0.28125"
"2710231","0.4375","0.4375","0.4375"
"2710232","0.34375","0.34375","0.34375"
"2710255","0.34375","0.34375","0.34375"
"2710278","0.40625","0.40625","0.40625"
"2720233","0.25","0.25","0.25"
"2720236","0.3125","0.3125","0.3125"
"2720249","0.46875","0.46875","0.46875"
"2720251","0.21875","0.21875","0.21875"
"2720254","0.40625","0.40625","0.40625"
"2730221","0.34375","0.34375","0.34375"
"2730223","0.3125","0.3125","0.3125"
"2730227","0.28125","0.28125","0.28125"
"2730229","0.375","0.375","0.375"
"2730231","0.28125","0.28125","0.28125"
"2740234","0.34375","0.34375","0.34375"
"2740238","0.40625","0.40625","0.40625"
"2740240","0.265625","0.25","0.28125"
"2740249","0.34375","0.34375","0.34375"
"2750224","0.4375","0.4375","0.4375"
"2750228","0.375","0.375","0.375"
"2750234","0.21875","0.21875","0.21875"
"2750238","0.46875","0.46875","0.46875"
"2750253","0.46875","0.46875","0.46875"
"2760223","0.34375","0.34375","0.34375"
"2760230","0.21875","0.21875","0.21875"
"2760241","0.46875","0.46875","0.46875"
"2760254","0.3125","0.3125","0.3125"
"2760274","0.25","0.25","0.25"
"2770231","0.375","0.375","0.375"
"2770233","0.28125","0.28125","0.28125"
"2770239","0.1875","0.1875","0.1875"
"2770241","0.21875","0.21875","0.21875"
"2770246","0.34375","0.34375","0.34375"
"2780226","0.375","0.375","0.375"
"2780233","0.40625","0.40625","0.40625"
"2780237","0.40625","0.40625","0.40625"
"2780244","0.3125","0.3125","0.3125"
"2780250","0.375","0.375","0.375"
"2790228","0.375","0.375","0.375"
"2790233","0.375","0.375","0.375"
"2790234","0.28125","0.28125","0.28125"
"2790241","0.53125","0.53125","0.53125"
"2790242","0.21875","0.21875","0.21875"
"2800230","0.28125","0.28125","0.28125"
"2800239","0.40625","0.40625","0.40625"
"2800242","0.375","0.375","0.375"
"2800244","0.28125","0.28125","0.28125"
"2800285","0.40625","0.40625","0.40625"
"2810222","0.3125","0.3125","0.3125"
"2810223","0.25","0.25","0.25"
"2810233","0.46875","0.46875","0.46875"
"2810235","0.34375","0.34375","0.34375"
"2810249","0.40625","0.40625","0.40625"
"2820220","0.40625","0.40625","0.40625"
"2820227","0.46875","0.46875","0.46875"
"2820235","0.375","0.375","0.375"
"2820238","0.4375","0.4375","0.4375"
"2820253","0.34375","0.34375","0.34375"
"2830220","0.25","0.25","0.25"
"2830232","0.46875","0.46875","0.46875"
"2830243","0.5","0.5","0.5"
"2830244","0.3125","0.3125","0.3125"
"2830269","0.3125","0.3125","0.3125"
"2840226","0.28125","0.28125","0.28125"
"2840234","0.25","0.25","0.25"
"2840243","0.375","0.375","0.375"
"2840244","0.46875","0.46875","0.46875"
"2840255","0.3125","0.3125","0.3125"
"2850220","0.25","0.25","0.25"
"2850231","0.25","0.25","0.25"
"2850240","0.3125","0.3125","0.3125"
"2850252","0.25","0.25","0.25"
"2850261","0.375","0.375","0.375"
"2860226","0.5625","0.5625","0.5625"
"2860227","0.3125","0.3125","0.3125"
"2860247","0.3125","0.3125","0.3125"
"2860258","0.28125","0.28125","0.28125"
"2860264","0.5","0.5","0.5"
"2870225","0.21875","0.21875","0.21875"
"2870230","0.21875","0.21875","0.21875"
"2870237","0.21875","0.21875","0.21875"
"2870239","0.25","0.25","0.25"
"2870255","0.3125","0.3125","0.3125"
"2880224","0.28125","0.28125","0.28125"
"2880228","0.421875","0.34375","0.5"
"2880233","0.1875","0.1875","0.1875"
"2880240","0.46875","0.46875","0.46875"
"2890232","0.25","0.25","0.25"
"2890235","0.28125","0.28125","0.28125"
"2890237","0.375","0.375","0.375"
"2890251","0.46875","0.46875","0.46875"
"2890259","0.1875","0.1875","0.1875"
"2900229","0.34375","0.21875","0.46875"
"2900239","0.375","0.375","0.375"
"2900242","0.359375","0.34375","0.375"
"2910227","0.5","0.5","0.5"
"2910230","0.15625","0.15625","0.15625"
"2910244","0.46875","0.46875","0.46875"
"2910247","0.4375","0.4375","0.4375"
"2910277","0.25","0.25","0.25"
"2920229","0.28125","0.28125","0.28125"
"2920235","0.359375","0.3125","0.40625"
"2920251","0.28125","0.28125","0.28125"
"2920276","0.40625","0.40625","0.40625"
"2930223","0.34375","0.34375","0.34375"
"2930228","0.46875","0.46875","0.46875"
"2930231","0.4375","0.4375","0.4375"
"2930232","0.5","0.5","0.5"
"2930266","0.34375","0.34375","0.34375"
"2940221","0.21875","0.21875","0.21875"
"2940225","0.4375","0.4375","0.4375"
"2940254","0.21875","0.21875","0.21875"
"2940262","0.34375","0.34375","0.34375"
"2940273","0.53125","0.53125","0.53125"
"2950221","0.3125","0.3125","0.3125"
"2950228","0.4375","0.4375","0.4375"
"2950231","0.40625","0.40625","0.40625"
"2950246","0.1875","0.1875","0.1875"
"2950272","0.28125","0.28125","0.28125"
"2960222","0.375","0.375","0.375"
"2960231","0.28125","0.28125","0.28125"
"2960236","0.25","0.25","0.25"
"2960251","0.453125","0.40625","0.5"
"2970231","0.328125","0.28125","0.375"
"2970243","0.28125","0.28125","0.28125"
"2970249","0.375","0.375","0.375"
"2970289","0.3125","0.3125","0.3125"
"2980228","0.3125","0.3125","0.3125"
"2980240","0.359375","0.34375","0.375"
"2980244","0.5625","0.5625","0.5625"
"2980267","0.40625","0.40625","0.40625"
"2990224","0.34375","0.34375","0.34375"
"2990228","0.375","0.375","0.375"
"2990229","0.25","0.25","0.25"
"2990233","0.34375","0.34375","0.34375"
"2990239","0.46875","0.46875","0.46875"
"3000221","0.46875","0.46875","0.46875"
"3000224","0.5625","0.5625","0.5625"
"3000239","0.28125","0.28125","0.28125"
"3000243","0.28125","0.28125","0.28125"
"3000264","0.3125","0.3125","0.3125"