"Step","Group: 27m_vs_30m_ACORM - win_rate","Group: 27m_vs_30m_ACORM - win_rate__MIN","Group: 27m_vs_30m_ACORM - win_rate__MAX"
"0","0","0","0"
"10601","0","0","0"
"10607","0","0","0"
"10611","0","0","0"
"10614","0","0","0"
"20609","0","0","0"
"20621","0","0","0"
"20622","0","0","0"
"30604","0","0","0"
"30616","0","0","0"
"30619","0","0","0"
"30621","0","0","0"
"40603","0","0","0"
"40604","0","0","0"
"40613","0","0","0"
"50600","0","0","0"
"50601","0","0","0"
"50609","0","0","0"
"50625","0","0","0"
"60605","0","0","0"
"60606","0","0","0"
"60612","0","0","0"
"60625","0","0","0"
"70613","0","0","0"
"70619","0","0","0"
"70625","0","0","0"
"70651","0","0","0"
"80609","0","0","0"
"80620","0","0","0"
"80671","0","0","0"
"80681","0","0","0"
"90605","0","0","0"
"90609","0","0","0"
"90625","0","0","0"
"90628","0","0","0"
"100608","0","0","0"
"100621","0","0","0"
"100624","0","0","0"
"100748","0","0","0"
"110601","0","0","0"
"110602","0","0","0"
"110623","0","0","0"
"110709","0","0","0"
"120605","0","0","0"
"120612","0","0","0"
"120708","0","0","0"
"120711","0","0","0"
"130605","0.03125","0.03125","0.03125"
"130617","0","0","0"
"130620","0","0","0"
"130735","0","0","0"
"140602","0","0","0"
"140611","0","0","0"
"140621","0","0","0"
"140622","0.03125","0.03125","0.03125"
"150600","0","0","0"
"150624","0","0","0"
"150745","0","0","0"
"150779","0","0","0"
"160618","0","0","0"
"160673","0","0","0"
"160685","0","0","0"
"160766","0","0","0"
"170611","0","0","0"
"170618","0.03125","0.03125","0.03125"
"170634","0","0","0"
"170666","0","0","0"
"180609","0.03125","0.03125","0.03125"
"180621","0.125","0.125","0.125"
"180622","0.03125","0.03125","0.03125"
"180668","0","0","0"
"190602","0","0","0"
"190608","0.0625","0","0.125"
"190609","0.125","0.125","0.125"
"200605","0","0","0"
"200621","0.09375","0.09375","0.09375"
"200634","0","0","0"
"200699","0","0","0"
"210607","0","0","0"
"210627","0.09375","0.09375","0.09375"
"210629","0","0","0"
"210748","0.125","0.125","0.125"
"220612","0","0","0"
"220685","0.0625","0.0625","0.0625"
"220710","0.25","0.25","0.25"
"220768","0.0625","0.0625","0.0625"
"230609","0.0625","0.0625","0.0625"
"230610","0","0","0"
"230612","0.15625","0.15625","0.15625"
"230732","0","0","0"
"240615","0.015625","0","0.03125"
"240690","0.09375","0.09375","0.09375"
"240736","0.09375","0.09375","0.09375"
"250603","0.125","0.125","0.125"
"250610","0.15625","0.15625","0.15625"
"250614","0.03125","0.03125","0.03125"
"250661","0","0","0"
"260601","0.1875","0.1875","0.1875"
"260606","0.03125","0.03125","0.03125"
"260624","0.125","0.125","0.125"
"260748","0","0","0"
"270604","0.3125","0.3125","0.3125"
"270617","0.25","0.25","0.25"
"270625","0.125","0.125","0.125"
"270626","0.03125","0.03125","0.03125"
"280611","0","0","0"
"280614","0.25","0.25","0.25"
"280624","0.21875","0.21875","0.21875"
"280635","0.15625","0.15625","0.15625"
"290608","0.40625","0.40625","0.40625"
"290621","0.28125","0.28125","0.28125"
"290626","0.28125","0.28125","0.28125"
"290635","0.03125","0.03125","0.03125"
"300617","0.25","0.25","0.25"
"300619","0.25","0.25","0.25"
"300637","0.15625","0.15625","0.15625"
"300699","0.0625","0.0625","0.0625"
"310605","0.09375","0.09375","0.09375"
"310611","0.34375","0.34375","0.34375"
"310621","0.34375","0.34375","0.34375"
"310628","0.09375","0.09375","0.09375"
"320604","0.5","0.5","0.5"
"320633","0.125","0.125","0.125"
"320676","0.1875","0.1875","0.1875"
"320712","0.21875","0.21875","0.21875"
"330607","0.09375","0.09375","0.09375"
"330627","0.125","0.125","0.125"
"330631","0.3125","0.3125","0.3125"
"330734","0.375","0.375","0.375"
"340605","0.5","0.5","0.5"
"340614","0.34375","0.34375","0.34375"
"340619","0.25","0.25","0.25"
"340750","0.5","0.5","0.5"
"350608","0.3125","0.3125","0.3125"
"350621","0.265625","0.21875","0.3125"
"350623","0.1875","0.1875","0.1875"
"360627","0.25","0.25","0.25"
"360696","0.40625","0.40625","0.40625"
"360727","0.03125","0.03125","0.03125"
"360772","0.03125","0.03125","0.03125"
"370600","0.5","0.5","0.5"
"370620","0.0625","0.0625","0.0625"
"370644","0.25","0.25","0.25"
"370704","0.34375","0.34375","0.34375"
"380614","0.40625","0.40625","0.40625"
"380621","0.1875","0.1875","0.1875"
"380633","0.25","0.25","0.25"
"380742","0.40625","0.40625","0.40625"
"390614","0.21875","0.21875","0.21875"
"390623","0.484375","0.46875","0.5"
"390645","0.5","0.5","0.5"
"400600","0.21875","0.21875","0.21875"
"400620","0.15625","0.15625","0.15625"
"400662","0.40625","0.40625","0.40625"
"400671","0.1875","0.1875","0.1875"
"410606","0.28125","0.28125","0.28125"
"410617","0.625","0.625","0.625"
"410628","0.03125","0.03125","0.03125"
"410695","0","0","0"
"420613","0.53125","0.53125","0.53125"
"420614","0.28125","0.28125","0.28125"
"420629","0.21875","0.21875","0.21875"
"420630","0.34375","0.34375","0.34375"
"430622","0.09375","0.09375","0.09375"
"430632","0.21875","0.09375","0.34375"
"430636","0.15625","0.15625","0.15625"
"440614","0.375","0.375","0.375"
"440615","0.625","0.625","0.625"
"440619","0.21875","0.21875","0.21875"
"440737","0.34375","0.34375","0.34375"
"450603","0.5625","0.5625","0.5625"
"450625","0.03125","0.03125","0.03125"
"450656","0.5625","0.5625","0.5625"
"450727","0.5","0.5","0.5"
"460606","0.5625","0.5625","0.5625"
"460608","0.09375","0.09375","0.09375"
"460633","0.125","0.125","0.125"
"460660","0.40625","0.40625","0.40625"
"470603","0.375","0.375","0.375"
"470622","0.46875","0.46875","0.46875"
"470634","0.09375","0.09375","0.09375"
"470710","0.15625","0.15625","0.15625"
"480603","0.5625","0.5625","0.5625"
"480613","0.40625","0.40625","0.40625"
"480616","0","0","0"
"480626","0.1875","0.1875","0.1875"
"490602","0.1875","0.1875","0.1875"
"490619","0.53125","0.53125","0.53125"
"490631","0.21875","0.21875","0.21875"
"490690","0.625","0.625","0.625"
"500608","0.375","0.375","0.375"
"500619","0.28125","0.28125","0.28125"
"500646","0.375","0.375","0.375"
"500703","0.5","0.5","0.5"
"510623","0.21875","0.21875","0.21875"
"510635","0.125","0.125","0.125"
"510721","0.53125","0.53125","0.53125"
"510732","0.34375","0.34375","0.34375"
"520626","0.53125","0.53125","0.53125"
"520627","0.375","0.375","0.375"
"520722","0.34375","0.34375","0.34375"
"520723","0.28125","0.28125","0.28125"
"530620","0.5625","0.5625","0.5625"
"530629","0.5","0.5","0.5"
"530675","0.40625","0.40625","0.40625"
"530692","0.28125","0.28125","0.28125"
"540605","0.78125","0.78125","0.78125"
"540607","0.5","0.5","0.5"
"540614","0.3125","0.3125","0.3125"
"540625","0.1875","0.1875","0.1875"
"550608","0.28125","0.28125","0.28125"
"550620","0.625","0.625","0.625"
"550622","0.15625","0.15625","0.15625"
"550698","0.65625","0.65625","0.65625"
"560624","0.3125","0.3125","0.3125"
"560635","0.40625","0.40625","0.40625"
"560645","0.625","0.625","0.625"
"560650","0.53125","0.53125","0.53125"
"570601","0.59375","0.59375","0.59375"
"570611","0.28125","0.28125","0.28125"
"570624","0.375","0.375","0.375"
"570640","0.3125","0.3125","0.3125"
"580608","0.40625","0.40625","0.40625"
"580616","0.375","0.375","0.375"
"580618","0.3125","0.3125","0.3125"
"580633","0.53125","0.53125","0.53125"
"590600","0.28125","0.28125","0.28125"
"590628","0.40625","0.40625","0.40625"
"590723","0.40625","0.40625","0.40625"
"590735","0.34375","0.34375","0.34375"
"600621","0.59375","0.59375","0.59375"
"600630","0.4375","0.4375","0.4375"
"600633","0.21875","0.21875","0.21875"
"600777","0.4375","0.4375","0.4375"
"610622","0.28125","0.28125","0.28125"
"610626","0.40625","0.40625","0.40625"
"610635","0.5","0.5","0.5"
"610696","0.03125","0.03125","0.03125"
"620605","0.34375","0.34375","0.34375"
"620610","0.5625","0.5625","0.5625"
"620627","0.53125","0.53125","0.53125"
"620712","0.5625","0.5625","0.5625"
"630600","0.4375","0.4375","0.4375"
"630602","0.625","0.625","0.625"
"630623","0.5625","0.5625","0.5625"
"630650","0.625","0.625","0.625"
"640601","0.65625","0.65625","0.65625"
"640615","0.59375","0.59375","0.59375"
"640616","0.34375","0.34375","0.34375"
"640633","0.09375","0.09375","0.09375"
"650608","0.6875","0.6875","0.6875"
"650626","0","0","0"
"650635","0.15625","0.15625","0.15625"
"650638","0.6875","0.6875","0.6875"
"660608","0.65625","0.65625","0.65625"
"660628","0.46875","0.46875","0.46875"
"660703","0.75","0.75","0.75"
"660735","0.3125","0.3125","0.3125"
"670600","0.59375","0.59375","0.59375"
"670604","0.46875","0.46875","0.46875"
"670607","0.34375","0.34375","0.34375"
"670691","0.3125","0.3125","0.3125"
"680611","0.625","0.625","0.625"
"680626","0.53125","0.53125","0.53125"
"680642","0.703125","0.5625","0.84375"
"690607","0.5","0.5","0.5"
"690616","0.28125","0.28125","0.28125"
"690635","0.46875","0.46875","0.46875"
"690654","0.28125","0.28125","0.28125"
"700606","0.53125","0.53125","0.53125"
"700629","0.75","0.75","0.75"
"700635","0.6875","0.6875","0.6875"
"700670","0.46875","0.46875","0.46875"
"710611","0.40625","0.40625","0.40625"
"710629","0.4375","0.4375","0.4375"
"710632","0.53125","0.53125","0.53125"
"710736","0.40625","0.40625","0.40625"
"720616","0.78125","0.78125","0.78125"
"720630","0.46875","0.46875","0.46875"
"720632","0.65625","0.65625","0.65625"
"720726","0.5","0.5","0.5"
"730619","0.3125","0.3125","0.3125"
"730627","0.5","0.5","0.5"
"730634","0.34375","0.34375","0.34375"
"730638","0.5","0.5","0.5"
"740606","0.53125","0.53125","0.53125"
"740623","0.53125","0.53125","0.53125"
"740635","0.4375","0.4375","0.4375"
"740662","0.625","0.625","0.625"
"750615","0.65625","0.65625","0.65625"
"750626","0.375","0.375","0.375"
"750629","0.59375","0.59375","0.59375"
"750673","0.75","0.75","0.75"
"760607","0.625","0.625","0.625"
"760620","0.53125","0.53125","0.53125"
"760623","0.59375","0.59375","0.59375"
"760636","0.25","0.25","0.25"
"770611","0.34375","0.34375","0.34375"
"770621","0.1875","0.1875","0.1875"
"770626","0.75","0.75","0.75"
"770679","0.5625","0.5625","0.5625"
"780610","0.21875","0.21875","0.21875"
"780616","0.28125","0.28125","0.28125"
"780629","0.625","0.625","0.625"
"780702","0.5625","0.5625","0.5625"
"790613","0.59375","0.59375","0.59375"
"790614","0.375","0.375","0.375"
"790646","0.34375","0.34375","0.34375"
"790686","0.75","0.75","0.75"
"800601","0.4375","0.4375","0.4375"
"800607","0.6875","0.6875","0.6875"
"800618","0.6875","0.6875","0.6875"
"800629","0.6875","0.6875","0.6875"
"810604","0.59375","0.59375","0.59375"
"810607","0.53125","0.53125","0.53125"
"810617","0.3125","0.3125","0.3125"
"810619","0.4375","0.4375","0.4375"
"820605","0.03125","0.03125","0.03125"
"820629","0.53125","0.53125","0.53125"
"820631","0.359375","0.3125","0.40625"
"830600","0.53125","0.53125","0.53125"
"830601","0.53125","0.53125","0.53125"
"830610","0.53125","0.53125","0.53125"
"830643","0.78125","0.78125","0.78125"
"840600","0.40625","0.40625","0.40625"
"840605","0.34375","0.34375","0.34375"
"840625","0.3125","0.3125","0.3125"
"840630","0.5625","0.5625","0.5625"
"850602","0.4375","0.4375","0.4375"
"850619","0.6875","0.6875","0.6875"
"850630","0.6875","0.6875","0.6875"
"850637","0.4375","0.4375","0.4375"
"860607","0.5625","0.5625","0.5625"
"860610","0.8125","0.8125","0.8125"
"860620","0.6875","0.6875","0.6875"
"860646","0.5","0.5","0.5"
"870602","0.75","0.75","0.75"
"870609","0.53125","0.53125","0.53125"
"870613","0.4375","0.4375","0.4375"
"870632","0.6875","0.6875","0.6875"
"880608","0.71875","0.71875","0.71875"
"880636","0.46875","0.46875","0.46875"
"880644","0.65625","0.65625","0.65625"
"880700","0.75","0.75","0.75"
"890613","0.59375","0.59375","0.59375"
"890619","0.65625","0.65625","0.65625"
"890672","0.625","0.625","0.625"
"890738","0.59375","0.59375","0.59375"
"900613","0.6875","0.6875","0.6875"
"900624","0.75","0.75","0.75"
"900639","0.53125","0.53125","0.53125"
"900695","0.65625","0.65625","0.65625"
"910617","0.6875","0.6875","0.6875"
"910623","0.65625","0.65625","0.65625"
"910704","0.875","0.875","0.875"
"910709","0.84375","0.84375","0.84375"
"920610","0.65625","0.65625","0.65625"
"920616","0.375","0.375","0.375"
"920622","0.6875","0.6875","0.6875"
"920624","0.71875","0.71875","0.71875"
"930600","0.78125","0.78125","0.78125"
"930617","0.5625","0.5625","0.5625"
"930633","0.4375","0.4375","0.4375"
"930773","0.71875","0.71875","0.71875"
"940614","0.8125","0.8125","0.8125"
"940631","0.65625","0.65625","0.65625"
"940634","0.78125","0.78125","0.78125"
"940636","0.5","0.5","0.5"
"950606","0.375","0.375","0.375"
"950633","0.6875","0.6875","0.6875"
"950636","0.75","0.75","0.75"
"950690","0.75","0.75","0.75"
"960601","0.65625","0.65625","0.65625"
"960627","0.5","0.5","0.5"
"960640","0.25","0.25","0.25"
"960683","0.65625","0.65625","0.65625"
"970600","0.71875","0.71875","0.71875"
"970616","0.78125","0.78125","0.78125"
"970626","0.65625","0.65625","0.65625"
"970715","0.46875","0.46875","0.46875"
"980621","0.8125","0.8125","0.8125"
"980625","0.4375","0.4375","0.4375"
"980629","0.8125","0.8125","0.8125"
"980631","0.40625","0.40625","0.40625"
"990608","0.75","0.75","0.75"
"990621","0.59375","0.59375","0.59375"
"990637","0.65625","0.65625","0.65625"
"990721","0.4375","0.4375","0.4375"
"1000600","0.625","0.625","0.625"
"1000610","0.78125","0.78125","0.78125"
"1000612","0.625","0.625","0.625"
"1000634","0.34375","0.34375","0.34375"
"1010622","0.53125","0.53125","0.53125"
"1010628","0.8125","0.8125","0.8125"
"1010629","0.59375","0.59375","0.59375"
"1010632","0.6875","0.6875","0.6875"
"1020606","0.625","0.625","0.625"
"1020609","0.65625","0.5625","0.75"
"1020612","0.78125","0.78125","0.78125"
"1030608","0.65625","0.65625","0.65625"
"1030614","0.53125","0.53125","0.53125"
"1030621","0.8125","0.8125","0.8125"
"1030638","0.625","0.625","0.625"
"1040619","0.46875","0.46875","0.46875"
"1040620","0.8125","0.8125","0.8125"
"1040631","0.75","0.75","0.75"
"1040674","0.65625","0.65625","0.65625"
"1050605","0.640625","0.625","0.65625"
"1050612","0.75","0.75","0.75"
"1050632","0.71875","0.71875","0.71875"
"1060614","0.625","0.625","0.625"
"1060628","0.75","0.75","0.75"
"1060665","0.625","0.625","0.625"
"1060769","0.8125","0.8125","0.8125"
"1070611","0.625","0.625","0.625"
"1070614","0.78125","0.78125","0.78125"
"1070620","0.65625","0.65625","0.65625"
"1070634","0.75","0.75","0.75"
"1080604","0.40625","0.40625","0.40625"
"1080607","0.625","0.625","0.625"
"1080611","0.75","0.75","0.75"
"1080626","0.5","0.5","0.5"
"1090600","0.8125","0.8125","0.8125"
"1090605","0.59375","0.59375","0.59375"
"1090624","0.71875","0.71875","0.71875"
"1090759","0.75","0.75","0.75"
"1100601","0.75","0.75","0.75"
"1100621","0.75","0.75","0.75"
"1100626","0.5","0.5","0.5"
"1100630","0.625","0.625","0.625"
"1110605","0.8125","0.8125","0.8125"
"1110616","0.84375","0.84375","0.84375"
"1110636","0.75","0.75","0.75"
"1110772","0.59375","0.59375","0.59375"
"1120610","0.8125","0.8125","0.8125"
"1120614","0.6875","0.6875","0.6875"
"1120725","0.78125","0.78125","0.78125"
"1120768","0.28125","0.28125","0.28125"
"1130600","0.75","0.75","0.75"
"1130612","0.59375","0.59375","0.59375"
"1130631","0.8125","0.8125","0.8125"
"1130635","0.875","0.875","0.875"
"1140621","0.6875","0.6875","0.6875"
"1140622","0.78125","0.78125","0.78125"
"1140632","0.34375","0.34375","0.34375"
"1140726","0.78125","0.78125","0.78125"
"1150602","0.90625","0.90625","0.90625"
"1150605","0.4375","0.4375","0.4375"
"1150610","0.625","0.625","0.625"
"1150623","0.5","0.5","0.5"
"1160611","0.46875","0.46875","0.46875"
"1160622","0.875","0.875","0.875"
"1160632","0.59375","0.59375","0.59375"
"1160635","0.8125","0.8125","0.8125"
"1170604","0.59375","0.59375","0.59375"
"1170613","0.59375","0.59375","0.59375"
"1170687","0.71875","0.71875","0.71875"
"1170696","0.5625","0.5625","0.5625"
"1180609","0.4375","0.4375","0.4375"
"1180626","0.65625","0.65625","0.65625"
"1180631","0.6875","0.6875","0.6875"
"1180673","0.5","0.5","0.5"
"1190606","0.75","0.75","0.75"
"1190622","0.765625","0.71875","0.8125"
"1190633","0.78125","0.78125","0.78125"
"1200612","0.75","0.75","0.75"
"1200630","0.65625","0.65625","0.65625"
"1200633","0.75","0.75","0.75"
"1200644","0.78125","0.78125","0.78125"
"1210612","0.625","0.625","0.625"
"1210617","0.78125","0.78125","0.78125"
"1210631","0.71875","0.71875","0.71875"
"1210639","0.8125","0.8125","0.8125"
"1220619","0.6875","0.6875","0.6875"
"1220625","0.53125","0.53125","0.53125"
"1220634","0.78125","0.78125","0.78125"
"1220636","0.8125","0.8125","0.8125"
"1230603","0.75","0.75","0.75"
"1230612","0.625","0.625","0.625"
"1230622","0.84375","0.84375","0.84375"
"1230626","0.71875","0.71875","0.71875"
"1240619","0.65625","0.53125","0.78125"
"1240636","0.78125","0.78125","0.78125"
"1240679","0.46875","0.46875","0.46875"
"1250628","0.75","0.75","0.75"
"1250640","0.75","0.75","0.75"
"1250651","0.71875","0.71875","0.71875"
"1250753","0.84375","0.84375","0.84375"
"1260612","0.71875","0.71875","0.71875"
"1260616","0.84375","0.84375","0.84375"
"1260617","0.1875","0.1875","0.1875"
"1260641","0.65625","0.65625","0.65625"
"1270607","0.59375","0.59375","0.59375"
"1270634","0.5","0.5","0.5"
"1270650","0.5625","0.5625","0.5625"
"1270663","0.6875","0.6875","0.6875"
"1280612","0.65625","0.65625","0.65625"
"1280625","0.875","0.875","0.875"
"1280629","0.71875","0.71875","0.71875"
"1280669","0.5","0.5","0.5"
"1290610","0.75","0.75","0.75"
"1290615","0.4375","0.4375","0.4375"
"1290627","0.625","0.625","0.625"
"1290643","0.6875","0.6875","0.6875"
"1300620","0.75","0.75","0.75"
"1300624","0.78125","0.78125","0.78125"
"1300629","0.71875","0.71875","0.71875"
"1300633","0.4375","0.4375","0.4375"
"1310609","0.8125","0.8125","0.8125"
"1310614","0.59375","0.59375","0.59375"
"1310616","0.6875","0.65625","0.71875"
"1320616","0.84375","0.84375","0.84375"
"1320627","0.71875","0.71875","0.71875"
"1320637","0.78125","0.78125","0.78125"
"1320669","0.75","0.75","0.75"
"1330613","0.71875","0.71875","0.71875"
"1330624","0.8125","0.8125","0.8125"
"1330640","0.8125","0.8125","0.8125"
"1330743","0.59375","0.59375","0.59375"
"1340626","0.53125","0.4375","0.625"
"1340627","0.6875","0.6875","0.6875"
"1340635","0.875","0.875","0.875"
"1350601","0.90625","0.90625","0.90625"
"1350604","0.84375","0.84375","0.84375"
"1350632","0.84375","0.84375","0.84375"
"1350639","0.71875","0.71875","0.71875"
"1360613","0.65625","0.65625","0.65625"
"1360615","0.71875","0.71875","0.71875"
"1360616","0.9375","0.9375","0.9375"
"1360642","0.90625","0.90625","0.90625"
"1370608","0.65625","0.65625","0.65625"
"1370626","0.65625","0.65625","0.65625"
"1370638","0.8125","0.8125","0.8125"
"1370649","0.875","0.875","0.875"
"1380603","0.71875","0.71875","0.71875"
"1380608","0.84375","0.84375","0.84375"
"1380623","0.8125","0.8125","0.8125"
"1380631","0.8125","0.8125","0.8125"
"1390611","0.90625","0.90625","0.90625"
"1390629","0.6875","0.6875","0.6875"
"1390635","0.84375","0.84375","0.84375"
"1390640","0.75","0.75","0.75"
"1400601","0.84375","0.84375","0.84375"
"1400611","0.5625","0.5625","0.5625"
"1400616","0.625","0.625","0.625"
"1400721","0.78125","0.78125","0.78125"
"1410603","0.75","0.75","0.75"
"1410615","0.8125","0.8125","0.8125"
"1410620","0.6875","0.6875","0.6875"
"1410624","0.625","0.625","0.625"
"1420600","0.65625","0.65625","0.65625"
"1420609","0.53125","0.53125","0.53125"
"1420630","0.71875","0.71875","0.71875"
"1420706","0.375","0.375","0.375"
"1430605","0.90625","0.90625","0.90625"
"1430621","0.8125","0.8125","0.8125"
"1430624","0.75","0.75","0.75"
"1430632","0.59375","0.59375","0.59375"
"1440602","0.4375","0.4375","0.4375"
"1440610","0.9375","0.9375","0.9375"
"1440627","0.875","0.875","0.875"
"1440629","0.75","0.75","0.75"
"1450604","0.78125","0.78125","0.78125"
"1450624","0.9375","0.9375","0.9375"
"1450764","0.609375","0.53125","0.6875"
"1460607","0.8125","0.8125","0.8125"
"1460624","0.75","0.75","0.75"
"1460637","0.78125","0.78125","0.78125"
"1460699","0.6875","0.6875","0.6875"
"1470605","0.71875","0.71875","0.71875"
"1470620","0.5","0.5","0.5"
"1470627","0.84375","0.84375","0.84375"
"1470671","0.875","0.875","0.875"
"1480615","0.6875","0.6875","0.6875"
"1480625","0.875","0.875","0.875"
"1480628","0.53125","0.53125","0.53125"
"1480632","0.8125","0.8125","0.8125"
"1490604","0.5625","0.5625","0.5625"
"1490610","0.84375","0.84375","0.84375"
"1490613","0.78125","0.78125","0.78125"
"1490622","0.59375","0.59375","0.59375"
"1500610","0.6875","0.6875","0.6875"
"1500611","0.84375","0.84375","0.84375"
"1500626","0.59375","0.59375","0.59375"
"1500724","0.28125","0.28125","0.28125"
"1510607","0.75","0.75","0.75"
"1510621","0.53125","0.53125","0.53125"
"1510626","0.8125","0.8125","0.8125"
"1510637","0.46875","0.46875","0.46875"
"1520620","0.71875","0.71875","0.71875"
"1520622","0.5625","0.5625","0.5625"
"1520625","0.6875","0.6875","0.6875"
"1520662","0.59375","0.59375","0.59375"
"1530616","0.8125","0.8125","0.8125"
"1530620","0.703125","0.6875","0.71875"
"1530635","0.625","0.625","0.625"
"1540613","0.8125","0.8125","0.8125"
"1540623","0.8125","0.8125","0.8125"
"1540716","0.8125","0.8125","0.8125"
"1540736","0.8125","0.8125","0.8125"
"1550621","0.75","0.75","0.75"
"1550628","0.75","0.75","0.75"
"1550631","0.8125","0.8125","0.8125"
"1550636","0.71875","0.71875","0.71875"
"1560608","0.375","0.375","0.375"
"1560623","0.875","0.875","0.875"
"1560624","0.71875","0.71875","0.71875"
"1560638","0.625","0.625","0.625"
"1570603","0.8125","0.8125","0.8125"
"1570620","0.875","0.875","0.875"
"1570632","0.8125","0.8125","0.8125"
"1570634","0.59375","0.59375","0.59375"
"1580604","0.78125","0.78125","0.78125"
"1580616","0.6875","0.6875","0.6875"
"1580617","0.71875","0.71875","0.71875"
"1580772","0.625","0.625","0.625"
"1590624","0.875","0.875","0.875"
"1590625","0.90625","0.90625","0.90625"
"1590630","0.6875","0.6875","0.6875"
"1590713","0.90625","0.90625","0.90625"
"1600610","0.6875","0.6875","0.6875"
"1600630","0.75","0.75","0.75"
"1600635","0.875","0.875","0.875"
"1600666","0.78125","0.78125","0.78125"
"1610604","0.8125","0.8125","0.8125"
"1610616","0.75","0.75","0.75"
"1610640","0.78125","0.78125","0.78125"
"1610645","0.75","0.75","0.75"
"1620608","0.75","0.75","0.75"
"1620612","0.875","0.875","0.875"
"1620616","0.8125","0.8125","0.8125"
"1620732","0.84375","0.84375","0.84375"
"1630602","0.75","0.75","0.75"
"1630619","0.75","0.75","0.75"
"1630630","0.78125","0.78125","0.78125"
"1630639","0.75","0.75","0.75"
"1640615","0.6875","0.6875","0.6875"
"1640616","0.71875","0.71875","0.71875"
"1640624","0.78125","0.78125","0.78125"
"1640656","0.65625","0.65625","0.65625"
"1650607","0.65625","0.65625","0.65625"
"1650609","0.78125","0.78125","0.78125"
"1650610","0.90625","0.90625","0.90625"
"1650615","0.75","0.75","0.75"
"1660602","0.84375","0.84375","0.84375"
"1660607","0.75","0.75","0.75"
"1660625","0.8125","0.8125","0.8125"
"1660639","0.71875","0.71875","0.71875"
"1670609","0.84375","0.84375","0.84375"
"1670612","0.84375","0.84375","0.84375"
"1670636","0.90625","0.90625","0.90625"
"1670701","0.8125","0.8125","0.8125"
"1680605","0.6875","0.6875","0.6875"
"1680615","0.8125","0.8125","0.8125"
"1680622","0.78125","0.78125","0.78125"
"1680655","0.90625","0.90625","0.90625"
"1690616","0.734375","0.6875","0.78125"
"1690619","0.71875","0.71875","0.71875"
"1690627","0.90625","0.90625","0.90625"
"1700600","0.6875","0.6875","0.6875"
"1700601","0.75","0.75","0.75"
"1700644","0.8125","0.8125","0.8125"
"1700754","0.875","0.875","0.875"
"1710600","0.78125","0.78125","0.78125"
"1710631","0.875","0.875","0.875"
"1710633","0.6875","0.6875","0.6875"
"1710658","0.84375","0.84375","0.84375"
"1720603","0.875","0.875","0.875"
"1720627","0.84375","0.84375","0.84375"
"1720634","1","1","1"
"1720698","0.46875","0.46875","0.46875"
"1730605","0.625","0.625","0.625"
"1730622","0.9375","0.9375","0.9375"
"1730636","0.875","0.875","0.875"
"1730726","0.875","0.875","0.875"
"1740617","0.78125","0.78125","0.78125"
"1740618","0.625","0.625","0.625"
"1740623","0.90625","0.90625","0.90625"
"1740761","0.875","0.875","0.875"
"1750603","0.71875","0.71875","0.71875"
"1750611","0.71875","0.71875","0.71875"
"1750627","0.84375","0.84375","0.84375"
"1750735","0.6875","0.6875","0.6875"
"1760610","0.6875","0.6875","0.6875"
"1760628","0.71875","0.71875","0.71875"
"1760635","0.71875","0.71875","0.71875"
"1760681","0.71875","0.71875","0.71875"
"1770603","0.78125","0.78125","0.78125"
"1770607","0.75","0.75","0.75"
"1770728","0.875","0.875","0.875"
"1770747","0.71875","0.71875","0.71875"
"1780604","0.90625","0.90625","0.90625"
"1780605","0.1875","0.1875","0.1875"
"1780617","0.65625","0.65625","0.65625"
"1780622","0.90625","0.90625","0.90625"
"1790607","0.625","0.625","0.625"
"1790621","0.8125","0.8125","0.8125"
"1790629","0.90625","0.90625","0.90625"
"1790709","0.78125","0.78125","0.78125"
"1800613","0.78125","0.78125","0.78125"
"1800627","0.8125","0.8125","0.8125"
"1800637","0.8125","0.8125","0.8125"
"1800756","0.625","0.625","0.625"
"1810616","0.78125","0.78125","0.78125"
"1810622","0.53125","0.53125","0.53125"
"1810635","0.875","0.875","0.875"
"1810694","0.5625","0.5625","0.5625"
"1820609","0.5","0.5","0.5"
"1820614","0.53125","0.53125","0.53125"
"1820647","0.8125","0.8125","0.8125"
"1820686","0.65625","0.65625","0.65625"
"1830615","0.6875","0.6875","0.6875"
"1830630","0.75","0.75","0.75"
"1830632","0.625","0.625","0.625"
"1830638","0.53125","0.53125","0.53125"
"1840602","0.84375","0.84375","0.84375"
"1840607","0.78125","0.78125","0.78125"
"1840631","0.625","0.625","0.625"
"1840635","0.40625","0.40625","0.40625"
"1850621","0.8125","0.8125","0.8125"
"1850636","0.75","0.75","0.75"
"1850638","0.90625","0.90625","0.90625"
"1850653","0.53125","0.53125","0.53125"
"1860605","0.59375","0.59375","0.59375"
"1860613","0.6875","0.6875","0.6875"
"1860628","0.5625","0.5625","0.5625"
"1860634","0.84375","0.84375","0.84375"
"1870607","0.5","0.5","0.5"
"1870611","0.78125","0.78125","0.78125"
"1870617","0.96875","0.96875","0.96875"
"1870629","0.71875","0.71875","0.71875"
"1880605","0.78125","0.78125","0.78125"
"1880639","0.8125","0.8125","0.8125"
"1880641","0.875","0.875","0.875"
"1880735","0.5","0.5","0.5"
"1890620","0.8125","0.8125","0.8125"
"1890628","0.59375","0.59375","0.59375"
"1890631","0.90625","0.90625","0.90625"
"1890634","0.90625","0.90625","0.90625"
"1900633","0.78125","0.78125","0.78125"
"1900634","0.75","0.75","0.75"
"1900638","0.71875","0.71875","0.71875"
"1900742","0.78125","0.78125","0.78125"
"1910602","0.90625","0.90625","0.90625"
"1910607","0.78125","0.78125","0.78125"
"1910629","0.8125","0.8125","0.8125"
"1910705","0.65625","0.65625","0.65625"
"1920603","0.84375","0.84375","0.84375"
"1920610","0.875","0.875","0.875"
"1920614","0.8125","0.8125","0.8125"
"1920644","0.875","0.875","0.875"
"1930600","0.71875","0.71875","0.71875"
"1930604","0.875","0.875","0.875"
"1930615","0.84375","0.84375","0.84375"
"1930646","0.875","0.875","0.875"
"1940606","0.625","0.625","0.625"
"1940630","0.734375","0.5625","0.90625"
"1940645","0.84375","0.84375","0.84375"
"1950608","0.875","0.875","0.875"
"1950620","0.71875","0.71875","0.71875"
"1950621","0.8125","0.8125","0.8125"
"1950692","0.75","0.75","0.75"
"1960600","0.75","0.75","0.75"
"1960604","0.84375","0.84375","0.84375"
"1960624","0.78125","0.78125","0.78125"
"1960631","0.71875","0.71875","0.71875"
"1970615","0.75","0.75","0.75"
"1970616","0.78125","0.78125","0.78125"
"1970627","0.875","0.875","0.875"
"1970628","0.75","0.75","0.75"
"1980606","0.875","0.875","0.875"
"1980618","0.90625","0.90625","0.90625"
"1980623","0.78125","0.78125","0.78125"
"1980629","0.6875","0.6875","0.6875"
"1990615","0.78125","0.78125","0.78125"
"1990625","0.78125","0.78125","0.78125"
"1990630","0.8125","0.8125","0.8125"
"1990762","0.90625","0.90625","0.90625"
"2000601","0.90625","0.90625","0.90625"
"2000608","0.875","0.875","0.875"
"2000623","0.9375","0.9375","0.9375"
"2000625","0.84375","0.84375","0.84375"
"2010606","0.8125","0.8125","0.8125"
"2010614","0.84375","0.84375","0.84375"
"2010624","0.875","0.875","0.875"
"2010640","0.6875","0.6875","0.6875"
"2020621","0.84375","0.84375","0.84375"
"2020631","0.78125","0.78125","0.78125"
"2020664","0.84375","0.84375","0.84375"
"2020665","1","1","1"
"2030601","0.90625","0.90625","0.90625"
"2030604","0.875","0.875","0.875"
"2030615","0.84375","0.84375","0.84375"
"2030627","0.75","0.75","0.75"
"2040603","0.75","0.75","0.75"
"2040610","0.75","0.75","0.75"
"2040622","0.78125","0.78125","0.78125"
"2040631","0.96875","0.96875","0.96875"
"2050617","0.84375","0.84375","0.84375"
"2050631","0.8125","0.6875","0.9375"
"2050637","0.875","0.875","0.875"
"2060606","0.8125","0.8125","0.8125"
"2060615","0.90625","0.90625","0.90625"
"2060625","0.65625","0.65625","0.65625"
"2060632","0.84375","0.84375","0.84375"
"2070612","0.9375","0.9375","0.9375"
"2070616","0.8125","0.8125","0.8125"
"2070631","0.625","0.625","0.625"
"2070635","0.84375","0.84375","0.84375"
"2080622","0.78125","0.78125","0.78125"
"2080624","0.84375","0.84375","0.84375"
"2080625","0.90625","0.90625","0.90625"
"2080639","0.84375","0.84375","0.84375"
"2090603","0.875","0.875","0.875"
"2090616","0.8125","0.8125","0.8125"
"2090618","0.65625","0.65625","0.65625"
"2090627","0.78125","0.78125","0.78125"
"2100600","0.875","0.875","0.875"
"2100608","0.8125","0.8125","0.8125"
"2100610","0.78125","0.78125","0.78125"
"2100760","0.78125","0.78125","0.78125"
"2110602","0.6875","0.6875","0.6875"
"2110607","0.96875","0.96875","0.96875"
"2110610","0.8125","0.8125","0.8125"
"2110743","0.5625","0.5625","0.5625"
"2120625","0.78125","0.78125","0.78125"
"2120627","0.78125","0.78125","0.78125"
"2120634","0.875","0.875","0.875"
"2120747","0.65625","0.65625","0.65625"
"2130609","0.75","0.75","0.75"
"2130626","0.84375","0.84375","0.84375"
"2130628","0.8125","0.8125","0.8125"
"2130649","0.625","0.625","0.625"
"2140610","0.84375","0.84375","0.84375"
"2140614","0.75","0.75","0.75"
"2140635","0.8125","0.8125","0.8125"
"2140656","0.9375","0.9375","0.9375"
"2150607","0.75","0.75","0.75"
"2150614","0.84375","0.84375","0.84375"
"2150623","0.6875","0.6875","0.6875"
"2150702","0.84375","0.84375","0.84375"
"2160622","0.8125","0.8125","0.8125"
"2160626","0.84375","0.84375","0.84375"
"2160630","0.90625","0.90625","0.90625"
"2160648","0.625","0.625","0.625"
"2170605","0.96875","0.96875","0.96875"
"2170614","0.75","0.75","0.75"
"2170630","0.9375","0.9375","0.9375"
"2170766","0.84375","0.84375","0.84375"
"2180629","0.78125","0.78125","0.78125"
"2180632","0.75","0.75","0.75"
"2180633","0.84375","0.84375","0.84375"
"2180637","0.90625","0.90625","0.90625"
"2190601","0.75","0.75","0.75"
"2190626","0.90625","0.90625","0.90625"
"2190630","0.8125","0.8125","0.8125"
"2190663","0.875","0.875","0.875"
"2200613","0.84375","0.84375","0.84375"
"2200625","0.9375","0.9375","0.9375"
"2200635","0.9375","0.9375","0.9375"
"2200756","0.71875","0.71875","0.71875"
"2210602","0.96875","0.96875","0.96875"
"2210616","0.84375","0.84375","0.84375"
"2210625","0.71875","0.71875","0.71875"
"2210639","0.84375","0.84375","0.84375"
"2220605","0.9375","0.9375","0.9375"
"2220619","0.875","0.875","0.875"
"2220625","0.84375","0.75","0.9375"
"2230610","0.84375","0.84375","0.84375"
"2230615","0.78125","0.78125","0.78125"
"2230620","0.84375","0.84375","0.84375"
"2230631","0.84375","0.84375","0.84375"
"2240600","0.84375","0.84375","0.84375"
"2240613","0.84375","0.84375","0.84375"
"2240627","0.75","0.75","0.75"
"2240729","0.8125","0.8125","0.8125"
"2250611","0.8125","0.8125","0.8125"
"2250626","0.71875","0.71875","0.71875"
"2250632","0.84375","0.84375","0.84375"
"2250638","0.9375","0.9375","0.9375"
"2260612","0.90625","0.875","0.9375"
"2260625","0.71875","0.71875","0.71875"
"2260631","0.90625","0.90625","0.90625"
"2270609","0.6875","0.6875","0.6875"
"2270611","0.8125","0.8125","0.8125"
"2270613","0.8125","0.8125","0.8125"
"2270637","0.75","0.75","0.75"
"2280602","0.625","0.625","0.625"
"2280605","0.75","0.75","0.75"
"2280614","0.84375","0.84375","0.84375"
"2280618","0.84375","0.84375","0.84375"
"2290602","0.84375","0.84375","0.84375"
"2290614","0.8125","0.8125","0.8125"
"2290627","0.9375","0.9375","0.9375"
"2290644","0.90625","0.90625","0.90625"
"2300607","0.875","0.875","0.875"
"2300609","0.84375","0.84375","0.84375"
"2300620","0.71875","0.71875","0.71875"
"2300712","0.75","0.75","0.75"
"2310610","0.90625","0.90625","0.90625"
"2310612","0.875","0.875","0.875"
"2310619","0.875","0.875","0.875"
"2310623","0.625","0.625","0.625"
"2320605","0.78125","0.78125","0.78125"
"2320612","0.96875","0.96875","0.96875"
"2320632","0.8125","0.8125","0.8125"
"2320665","0.65625","0.65625","0.65625"
"2330613","0.84375","0.84375","0.84375"
"2330629","0.9375","0.9375","0.9375"
"2330632","0.84375","0.84375","0.84375"
"2330670","0.78125","0.78125","0.78125"
"2340616","0.90625","0.90625","0.90625"
"2340619","0.9375","0.9375","0.9375"
"2340762","0.8125","0.8125","0.8125"
"2350628","0.84375","0.84375","0.84375"
"2350637","0.84375","0.84375","0.84375"
"2350751","0.8125","0.8125","0.8125"
"2360619","0.6875","0.6875","0.6875"
"2360636","0.5625","0.5625","0.5625"
"2370615","0.75","0.75","0.75"
"2370618","0.78125","0.78125","0.78125"
"2380624","0.84375","0.84375","0.84375"
"2380627","0.875","0.875","0.875"
"2390628","0.78125","0.78125","0.78125"
"2390682","0.8125","0.8125","0.8125"
"2400616","0.96875","0.96875","0.96875"
"2400634","0.8125","0.8125","0.8125"
"2410611","0.90625","0.90625","0.90625"
"2410630","0.71875","0.71875","0.71875"
"2420621","0.75","0.75","0.75"
"2420626","0.9375","0.9375","0.9375"
"2430620","0.875","0.875","0.875"
"2430777","0.90625","0.90625","0.90625"
"2440602","0.75","0.75","0.75"
"2440635","0.6875","0.6875","0.6875"
"2450601","0.84375","0.84375","0.84375"
"2450680","0.78125","0.78125","0.78125"
"2460621","0.84375","0.84375","0.84375"
"2460643","0.875","0.875","0.875"
"2470629","0.90625","0.90625","0.90625"
"2470640","0.90625","0.90625","0.90625"
"2480606","0.6875","0.6875","0.6875"
"2480608","0.96875","0.96875","0.96875"
"2490609","0.78125","0.78125","0.78125"
"2490617","0.9375","0.9375","0.9375"
"2500610","0.71875","0.71875","0.71875"
"2500621","0.875","0.875","0.875"
"2510605","0.5625","0.5625","0.5625"
"2510607","0.71875","0.71875","0.71875"
"2520602","0.375","0.375","0.375"
"2520727","0.8125","0.8125","0.8125"
"2530614","0.78125","0.78125","0.78125"
"2530617","0.90625","0.90625","0.90625"
"2540616","0.90625","0.90625","0.90625"
"2540626","0.71875","0.71875","0.71875"
"2550631","0.75","0.75","0.75"
"2550641","0.78125","0.78125","0.78125"
"2560613","0.84375","0.84375","0.84375"
"2560628","0.96875","0.96875","0.96875"
"2570627","0.9375","0.9375","0.9375"
"2570638","0.90625","0.90625","0.90625"
"2580622","0.90625","0.90625","0.90625"
"2580637","0.75","0.75","0.75"
"2590612","0.90625","0.90625","0.90625"
"2590624","0.75","0.75","0.75"
"2600618","0.8125","0.8125","0.8125"
"2600633","0.96875","0.96875","0.96875"
"2610612","0.90625","0.90625","0.90625"
"2610621","0.84375","0.84375","0.84375"
"2620630","0.84375","0.84375","0.84375"
"2620631","0.96875","0.96875","0.96875"
"2630621","0.9375","0.9375","0.9375"
"2630627","0.875","0.875","0.875"
"2640607","0.625","0.625","0.625"
"2640629","0.90625","0.90625","0.90625"
"2650611","0.8125","0.8125","0.8125"
"2650672","0.75","0.75","0.75"
"2660606","0.875","0.875","0.875"
"2660608","0.6875","0.6875","0.6875"
"2670636","0.84375","0.84375","0.84375"
"2670772","0.875","0.875","0.875"
"2680622","0.6875","0.6875","0.6875"
"2680629","0.8125","0.8125","0.8125"
"2690601","0.78125","0.78125","0.78125"
"2690608","0.71875","0.71875","0.71875"
"2700603","0.75","0.75","0.75"
"2700628","0.8125","0.8125","0.8125"
"2710605","0.78125","0.78125","0.78125"
"2710623","0.9375","0.9375","0.9375"
"2720601","0.875","0.875","0.875"
"2720697","0.9375","0.9375","0.9375"
"2730614","0.9375","0.9375","0.9375"
"2730747","0.96875","0.96875","0.96875"
"2740608","0.875","0.875","0.875"
"2740618","0.90625","0.90625","0.90625"
"2750608","0.9375","0.9375","0.9375"
"2750610","0.96875","0.96875","0.96875"
"2760607","0.84375","0.84375","0.84375"
"2760613","0.71875","0.71875","0.71875"
"2770608","0.90625","0.90625","0.90625"
"2770612","0.9375","0.9375","0.9375"
"2780604","1","1","1"
"2780631","0.8125","0.8125","0.8125"
"2790733","0.8125","0.8125","0.8125"
"2790746","0.90625","0.90625","0.90625"
"2800606","0.9375","0.9375","0.9375"
"2800626","0.96875","0.96875","0.96875"
"2810607","0.875","0.875","0.875"
"2810612","0.96875","0.96875","0.96875"
"2820619","0.78125","0.78125","0.78125"
"2820646","0.9375","0.9375","0.9375"
"2830613","0.875","0.875","0.875"
"2830616","0.90625","0.90625","0.90625"
"2840600","0.84375","0.84375","0.84375"
"2840601","0.96875","0.96875","0.96875"
"2850609","0.84375","0.84375","0.84375"
"2850626","0.875","0.875","0.875"
"2860606","0.8125","0.8125","0.8125"
"2860612","0.875","0.875","0.875"
"2870617","0.96875","0.96875","0.96875"
"2870622","0.78125","0.78125","0.78125"
"2880627","0.9375","0.9375","0.9375"
"2880744","0.84375","0.84375","0.84375"
"2890608","0.9375","0.9375","0.9375"
"2890620","0.875","0.875","0.875"
"2900612","0.9375","0.9375","0.9375"
"2900626","0.84375","0.84375","0.84375"
"2910623","0.65625","0.65625","0.65625"
"2910641","0.96875","0.96875","0.96875"
"2920608","0.84375","0.84375","0.84375"
"2920620","0.8125","0.8125","0.8125"
"2930630","0.8125","0.8125","0.8125"
"2930765","0.84375","0.84375","0.84375"
"2940601","0.875","0.875","0.875"
"2940633","0.9375","0.9375","0.9375"
"2950601","0.96875","0.96875","0.96875"
"2950638","0.71875","0.71875","0.71875"
"2960601","0.71875","0.71875","0.71875"
"2960617","0.875","0.875","0.875"
"2970619","0.8125","0.8125","0.8125"
"2970633","0.875","0.875","0.875"
"2980600","0.8125","0.8125","0.8125"
"2980636","0.78125","0.78125","0.78125"
"2990600","0.875","0.875","0.875"
"2990607","0.84375","0.84375","0.84375"
"3000607","0.71875","0.71875","0.71875"
"3000622","0.8125","0.8125","0.8125"