"Step","Group: 27m_vs_30m_ACORM_WM - win_rate","Group: 27m_vs_30m_ACORM_WM - win_rate__MIN","Group: 27m_vs_30m_ACORM_WM - win_rate__MAX"
"0","0","0","0"
"10231","0","0","0"
"10758","0","0","0"
"10763","0","0","0"
"10768","0","0","0"
"20224","0","0","0"
"20755","0","0","0"
"20763","0","0","0"
"20782","0","0","0"
"30246","0","0","0"
"30758","0","0","0"
"30759","0","0","0"
"30770","0","0","0"
"40220","0","0","0"
"40752","0","0","0"
"40773","0","0","0"
"40829","0","0","0"
"50238","0","0","0"
"50774","0","0","0"
"50775","0","0","0"
"50864","0","0","0"
"60231","0","0","0"
"60750","0","0","0"
"60780","0","0","0"
"60876","0","0","0"
"70312","0","0","0"
"70770","0","0","0"
"70781","0","0","0"
"70928","0","0","0"
"80244","0","0","0"
"80765","0","0","0"
"80810","0","0","0"
"80859","0","0","0"
"90249","0","0","0"
"90751","0","0","0"
"90755","0","0","0"
"90791","0","0","0"
"100222","0","0","0"
"100761","0","0","0"
"100778","0","0","0"
"110242","0","0","0"
"110755","0.03125","0.03125","0.03125"
"110775","0","0","0"
"110885","0","0","0"
"120237","0","0","0"
"120753","0","0","0"
"120757","0","0","0"
"120815","0","0","0"
"130313","0.03125","0.03125","0.03125"
"130805","0.03125","0.03125","0.03125"
"130900","0","0","0"
"130905","0","0","0"
"140223","0.03125","0.03125","0.03125"
"140758","0","0","0"
"140793","0","0","0"
"140906","0","0","0"
"150241","0","0","0"
"150762","0","0","0"
"150777","0","0","0"
"150787","0","0","0"
"160318","0.09375","0.09375","0.09375"
"160759","0","0","0"
"160774","0","0","0"
"160818","0","0","0"
"170382","0","0","0"
"170751","0","0","0"
"170769","0.09375","0.09375","0.09375"
"170794","0.03125","0.03125","0.03125"
"180298","0","0","0"
"180764","0","0","0"
"180767","0.03125","0.03125","0.03125"
"180862","0.03125","0.03125","0.03125"
"190230","0","0","0"
"190760","0.09375","0.09375","0.09375"
"190777","0.03125","0.03125","0.03125"
"190914","0","0","0"
"200231","0.09375","0.09375","0.09375"
"200771","0","0","0"
"200780","0.0625","0.0625","0.0625"
"200841","0","0","0"
"210221","0.1875","0.1875","0.1875"
"210756","0","0","0"
"210768","0.15625","0.15625","0.15625"
"210784","0.15625","0.15625","0.15625"
"220251","0.1875","0.1875","0.1875"
"220750","0.21875","0.21875","0.21875"
"220759","0","0","0"
"220775","0.15625","0.15625","0.15625"
"230229","0.125","0.125","0.125"
"230770","0.3125","0.3125","0.3125"
"230795","0","0","0"
"230835","0.09375","0.09375","0.09375"
"240247","0.25","0.25","0.25"
"240753","0.0625","0.0625","0.0625"
"240771","0","0","0"
"240786","0.1875","0.1875","0.1875"
"250255","0.34375","0.34375","0.34375"
"250759","0.0625","0.0625","0.0625"
"250773","0.3125","0.3125","0.3125"
"250775","0","0","0"
"260250","0.65625","0.65625","0.65625"
"260763","0.375","0.375","0.375"
"260766","0.03125","0.03125","0.03125"
"260774","0","0","0"
"270220","0","0","0"
"270768","0.25","0.25","0.25"
"270772","0.1875","0.1875","0.1875"
"270780","0.15625","0.15625","0.15625"
"280313","0.53125","0.53125","0.53125"
"280763","0.375","0.375","0.375"
"280775","0.1875","0.1875","0.1875"
"280800","0.21875","0.21875","0.21875"
"290256","0.375","0.375","0.375"
"290756","0.0625","0.0625","0.0625"
"290760","0.625","0.625","0.625"
"290780","0.0625","0.0625","0.0625"
"300234","0.53125","0.53125","0.53125"
"300753","0.09375","0.09375","0.09375"
"300775","0.375","0.375","0.375"
"300783","0.65625","0.65625","0.65625"
"310279","0.71875","0.71875","0.71875"
"310764","0.03125","0.03125","0.03125"
"310778","0.46875","0.46875","0.46875"
"310791","0.375","0.375","0.375"
"320321","0.59375","0.59375","0.59375"
"320750","0.625","0.625","0.625"
"320762","0","0","0"
"320776","0.53125","0.53125","0.53125"
"330256","0.4375","0.4375","0.4375"
"330769","0.09375","0.09375","0.09375"
"330780","0.3125","0.3125","0.3125"
"330790","0.53125","0.53125","0.53125"
"340369","0.625","0.625","0.625"
"340756","0.40625","0.40625","0.40625"
"340758","0.28125","0.28125","0.28125"
"340761","0.34375","0.34375","0.34375"
"350231","0.5","0.5","0.5"
"350756","0.21875","0.21875","0.21875"
"350760","0.1875","0.1875","0.1875"
"350857","0.46875","0.46875","0.46875"
"360221","0.6875","0.6875","0.6875"
"360764","0.21875","0.21875","0.21875"
"360782","0.21875","0.21875","0.21875"
"360813","0.34375","0.34375","0.34375"
"370221","0.625","0.625","0.625"
"370756","0.21875","0.21875","0.21875"
"370777","0.6875","0.6875","0.6875"
"370783","0.46875","0.46875","0.46875"
"380237","0.40625","0.40625","0.40625"
"380764","0.09375","0.09375","0.09375"
"380777","0.28125","0.28125","0.28125"
"380785","0.53125","0.53125","0.53125"
"390237","0.59375","0.59375","0.59375"
"390759","0.5","0.5","0.5"
"390775","0.0625","0.0625","0.0625"
"390849","0.5","0.5","0.5"
"400224","0.5","0.5","0.5"
"400755","0.625","0.625","0.625"
"400757","0.59375","0.59375","0.59375"
"400783","0.34375","0.34375","0.34375"
"410263","0.59375","0.59375","0.59375"
"410753","0.78125","0.78125","0.78125"
"410771","0.65625","0.65625","0.65625"
"410774","0.40625","0.40625","0.40625"
"420265","0.53125","0.53125","0.53125"
"420766","0.40625","0.40625","0.40625"
"420780","0.1875","0.1875","0.1875"
"420866","0.40625","0.40625","0.40625"
"430272","0.53125","0.53125","0.53125"
"430753","0.40625","0.40625","0.40625"
"430762","0.65625","0.65625","0.65625"
"430785","0.28125","0.28125","0.28125"
"440264","0.625","0.625","0.625"
"440761","0.625","0.625","0.625"
"440784","0.71875","0.71875","0.71875"
"440833","0.28125","0.28125","0.28125"
"450261","0.46875","0.46875","0.46875"
"450762","0.6875","0.6875","0.6875"
"450771","0.5","0.5","0.5"
"450867","0.21875","0.21875","0.21875"
"460247","0.4375","0.4375","0.4375"
"460755","0.40625","0.40625","0.40625"
"460806","0.3125","0.3125","0.3125"
"460897","0.59375","0.59375","0.59375"
"470236","0.5625","0.5625","0.5625"
"470756","0.28125","0.28125","0.28125"
"470771","0.4375","0.4375","0.4375"
"470794","0.5","0.5","0.5"
"480220","0.375","0.375","0.375"
"480753","0.40625","0.40625","0.40625"
"480755","0.59375","0.59375","0.59375"
"480785","0.59375","0.59375","0.59375"
"490242","0.40625","0.40625","0.40625"
"490751","0.5","0.5","0.5"
"490779","0.5625","0.5625","0.5625"
"490786","0.625","0.625","0.625"
"500233","0.59375","0.59375","0.59375"
"500761","0.34375","0.34375","0.34375"
"500780","0.46875","0.46875","0.46875"
"500823","0.375","0.375","0.375"
"510356","0.59375","0.59375","0.59375"
"510767","0.375","0.375","0.375"
"510771","0.65625","0.65625","0.65625"
"510776","0.46875","0.46875","0.46875"
"520242","0.6875","0.6875","0.6875"
"520763","0.65625","0.65625","0.65625"
"520766","0.46875","0.46875","0.46875"
"520779","0.65625","0.65625","0.65625"
"530237","0.8125","0.8125","0.8125"
"530753","0.5","0.5","0.5"
"530787","0.71875","0.71875","0.71875"
"530790","0.46875","0.46875","0.46875"
"540266","0.53125","0.53125","0.53125"
"540751","0.65625","0.625","0.6875"
"540764","0.375","0.375","0.375"
"550257","0.28125","0.28125","0.28125"
"550752","0.25","0.25","0.25"
"550774","0.625","0.625","0.625"
"550783","0.65625","0.65625","0.65625"
"560337","0.4375","0.4375","0.4375"
"560751","0.625","0.625","0.625"
"560756","0.71875","0.71875","0.71875"
"560796","0.53125","0.53125","0.53125"
"570267","0.53125","0.53125","0.53125"
"570775","0.40625","0.40625","0.40625"
"570782","0.34375","0.34375","0.34375"
"570783","0.375","0.375","0.375"
"580233","0.5","0.5","0.5"
"580764","0.625","0.625","0.625"
"580766","0.71875","0.71875","0.71875"
"580767","0.5625","0.5625","0.5625"
"590391","0.46875","0.46875","0.46875"
"590758","0.59375","0.59375","0.59375"
"590761","0.65625","0.65625","0.65625"
"590765","0.53125","0.53125","0.53125"
"600340","0.59375","0.59375","0.59375"
"600753","0.625","0.625","0.625"
"600779","0.46875","0.46875","0.46875"
"600809","0.5625","0.5625","0.5625"
"610220","0.53125","0.53125","0.53125"
"610771","0.75","0.75","0.75"
"610772","0.40625","0.40625","0.40625"
"610786","0.5","0.5","0.5"
"620246","0.59375","0.59375","0.59375"
"620750","0.625","0.625","0.625"
"620761","0.78125","0.78125","0.78125"
"620778","0.5","0.5","0.5"
"630221","0.875","0.875","0.875"
"630754","0.75","0.75","0.75"
"630756","0.8125","0.8125","0.8125"
"630757","0.625","0.625","0.625"
"640240","0.59375","0.59375","0.59375"
"640751","0.5625","0.5625","0.5625"
"640772","0.78125","0.78125","0.78125"
"640782","0.6875","0.6875","0.6875"
"650244","0.625","0.625","0.625"
"650755","0.3125","0.3125","0.3125"
"650773","0.5","0.5","0.5"
"650794","0.65625","0.65625","0.65625"
"660325","0.84375","0.84375","0.84375"
"660764","0.578125","0.53125","0.625"
"660769","0.6875","0.6875","0.6875"
"670299","0.53125","0.53125","0.53125"
"670775","0.65625","0.65625","0.65625"
"670779","0.6875","0.6875","0.6875"
"670803","0.71875","0.71875","0.71875"
"680237","0.625","0.625","0.625"
"680774","0.625","0.625","0.625"
"680789","0.59375","0.59375","0.59375"
"680888","0.65625","0.65625","0.65625"
"690255","0.5625","0.5625","0.5625"
"690754","0.4375","0.4375","0.4375"
"690762","0.6875","0.6875","0.6875"
"690771","0.625","0.625","0.625"
"700323","0.625","0.625","0.625"
"700764","0.59375","0.59375","0.59375"
"700766","0.6875","0.6875","0.6875"
"700785","0.15625","0.15625","0.15625"
"710234","0.71875","0.71875","0.71875"
"710775","0.53125","0.53125","0.53125"
"710781","0.75","0.75","0.75"
"710789","0.59375","0.59375","0.59375"
"720383","0.625","0.625","0.625"
"720751","0.59375","0.59375","0.59375"
"720767","0.75","0.75","0.75"
"720844","0.71875","0.71875","0.71875"
"730243","0.75","0.75","0.75"
"730755","0.375","0.375","0.375"
"730772","0.71875","0.71875","0.71875"
"730786","0.71875","0.71875","0.71875"
"740252","0.5625","0.5625","0.5625"
"740756","0.59375","0.59375","0.59375"
"740764","0.8125","0.8125","0.8125"
"740780","0.78125","0.78125","0.78125"
"750263","0.5","0.5","0.5"
"750756","0.59375","0.59375","0.59375"
"750761","0.75","0.75","0.75"
"750775","0.5625","0.5625","0.5625"
"760251","0.5","0.5","0.5"
"760773","0.5","0.5","0.5"
"760783","0.625","0.625","0.625"
"760788","0.78125","0.78125","0.78125"
"770226","0.625","0.625","0.625"
"770777","0.6875","0.6875","0.6875"
"770790","0.40625","0.40625","0.40625"
"770799","0.40625","0.40625","0.40625"
"780264","0.5","0.5","0.5"
"780760","0.6875","0.6875","0.6875"
"780787","0.6875","0.6875","0.6875"
"780839","0.90625","0.90625","0.90625"
"790250","0.65625","0.65625","0.65625"
"790763","0.59375","0.59375","0.59375"
"790767","0.78125","0.78125","0.78125"
"790869","0.5625","0.5625","0.5625"
"800229","0.53125","0.53125","0.53125"
"800753","0.625","0.625","0.625"
"800756","0.6875","0.6875","0.6875"
"800778","0.75","0.75","0.75"
"810226","0.6875","0.6875","0.6875"
"810752","0.78125","0.78125","0.78125"
"810756","0.59375","0.59375","0.59375"
"810774","0.46875","0.46875","0.46875"
"820268","0.8125","0.8125","0.8125"
"820759","0.75","0.75","0.75"
"820760","0.46875","0.46875","0.46875"
"820784","0.84375","0.84375","0.84375"
"830261","0.6875","0.6875","0.6875"
"830780","0.578125","0.5625","0.59375"
"830781","0.84375","0.84375","0.84375"
"840249","0.90625","0.90625","0.90625"
"840753","0.59375","0.59375","0.59375"
"840760","0.75","0.75","0.75"
"840776","0.65625","0.65625","0.65625"
"850259","0.3125","0.3125","0.3125"
"850761","0.625","0.625","0.625"
"850762","0.6875","0.6875","0.6875"
"850786","0.71875","0.71875","0.71875"
"860247","0.84375","0.84375","0.84375"
"860750","0.8125","0.8125","0.8125"
"860753","0.5625","0.5625","0.5625"
"860867","0.65625","0.65625","0.65625"
"870233","0.75","0.75","0.75"
"870767","0.8125","0.8125","0.8125"
"870774","0.6875","0.6875","0.6875"
"870900","0.71875","0.71875","0.71875"
"880367","0.6875","0.6875","0.6875"
"880782","0.65625","0.65625","0.65625"
"880785","0.75","0.75","0.75"
"880788","0.75","0.75","0.75"
"890398","0.65625","0.65625","0.65625"
"890761","0.65625","0.65625","0.65625"
"890769","0.5625","0.5625","0.5625"
"890789","0.5625","0.5625","0.5625"
"900321","0.75","0.75","0.75"
"900752","0.8125","0.8125","0.8125"
"900790","0.53125","0.53125","0.53125"
"900906","0.5","0.5","0.5"
"910233","0.625","0.625","0.625"
"910758","0.46875","0.46875","0.46875"
"910770","0.8125","0.8125","0.8125"
"910781","0.65625","0.65625","0.65625"
"920258","0.71875","0.71875","0.71875"
"920750","0.6875","0.6875","0.6875"
"920752","0.5","0.5","0.5"
"920771","0.59375","0.59375","0.59375"
"930253","0.84375","0.84375","0.84375"
"930751","0.65625","0.65625","0.65625"
"930780","0.375","0.375","0.375"
"930793","0.75","0.75","0.75"
"940230","0.59375","0.59375","0.59375"
"940772","0.65625","0.65625","0.65625"
"940778","0.5625","0.5625","0.5625"
"940780","0.53125","0.53125","0.53125"
"950230","0.6875","0.6875","0.6875"
"950787","0.59375","0.59375","0.59375"
"950892","0.46875","0.46875","0.46875"
"950922","0.53125","0.53125","0.53125"
"960229","0.75","0.75","0.75"
"960754","0.25","0.25","0.25"
"960772","0.71875","0.71875","0.71875"
"960781","0.65625","0.65625","0.65625"
"970246","0.75","0.75","0.75"
"970755","0.5625","0.5625","0.5625"
"970775","0.46875","0.46875","0.46875"
"970776","0.40625","0.40625","0.40625"
"980231","0.65625","0.65625","0.65625"
"980750","0.71875","0.71875","0.71875"
"980774","0.6875","0.6875","0.6875"
"980835","0.625","0.625","0.625"
"990225","0.6875","0.6875","0.6875"
"990760","0.71875","0.71875","0.71875"
"990767","0.625","0.625","0.625"
"990784","0.6875","0.6875","0.6875"
"1000245","0.8125","0.8125","0.8125"
"1000755","0.90625","0.90625","0.90625"
"1000757","0.8125","0.8125","0.8125"
"1000916","0.59375","0.59375","0.59375"
"1010351","0.6875","0.6875","0.6875"
"1010752","0.84375","0.84375","0.84375"
"1010788","0.6875","0.6875","0.6875"
"1010810","0.375","0.375","0.375"
"1020230","0.59375","0.59375","0.59375"
"1020780","0.78125","0.78125","0.78125"
"1020792","0.65625","0.65625","0.65625"
"1020880","0.625","0.625","0.625"
"1030254","0.84375","0.84375","0.84375"
"1030752","0.84375","0.84375","0.84375"
"1030772","0.65625","0.65625","0.65625"
"1030779","0.65625","0.65625","0.65625"
"1040279","0.71875","0.71875","0.71875"
"1040753","0.84375","0.84375","0.84375"
"1040762","0.78125","0.78125","0.78125"
"1040766","0.4375","0.4375","0.4375"
"1050228","0.78125","0.78125","0.78125"
"1050750","0.75","0.75","0.75"
"1050765","0.90625","0.90625","0.90625"
"1050775","0.625","0.625","0.625"
"1060240","0.71875","0.71875","0.71875"
"1060770","0.59375","0.59375","0.59375"
"1060774","0.78125","0.78125","0.78125"
"1060875","0.4375","0.4375","0.4375"
"1070262","0.75","0.75","0.75"
"1070751","0.90625","0.90625","0.90625"
"1070763","0.75","0.75","0.75"
"1070777","0.65625","0.65625","0.65625"
"1080227","0.5","0.5","0.5"
"1080756","0.78125","0.78125","0.78125"
"1080762","0.75","0.75","0.75"
"1080792","0.6875","0.6875","0.6875"
"1090244","0.625","0.625","0.625"
"1090760","0.65625","0.65625","0.65625"
"1090768","0.5625","0.5625","0.5625"
"1090785","0.6875","0.6875","0.6875"
"1100249","0.59375","0.59375","0.59375"
"1100753","0.5","0.5","0.5"
"1100782","0.75","0.75","0.75"
"1100788","0.875","0.875","0.875"
"1110250","0.8125","0.8125","0.8125"
"1110757","0.8125","0.8125","0.8125"
"1110761","0.875","0.875","0.875"
"1110779","0.53125","0.53125","0.53125"
"1120223","0.6875","0.6875","0.6875"
"1120758","0.6875","0.6875","0.6875"
"1120760","0.6875","0.6875","0.6875"
"1120788","0.59375","0.59375","0.59375"
"1130237","0.34375","0.34375","0.34375"
"1130751","0.75","0.75","0.75"
"1130771","0.8125","0.8125","0.8125"
"1130779","0.71875","0.71875","0.71875"
"1140227","0.8125","0.8125","0.8125"
"1140760","0.75","0.75","0.75"
"1140768","0.84375","0.84375","0.84375"
"1140787","0.8125","0.8125","0.8125"
"1150232","0.84375","0.84375","0.84375"
"1150754","0.78125","0.78125","0.78125"
"1150757","0.625","0.625","0.625"
"1150760","0.8125","0.8125","0.8125"
"1160378","0.75","0.75","0.75"
"1160771","0.71875","0.71875","0.71875"
"1160781","0.78125","0.78125","0.78125"
"1160782","0.65625","0.65625","0.65625"
"1170238","0.65625","0.65625","0.65625"
"1170759","0.6875","0.6875","0.6875"
"1170760","0.96875","0.96875","0.96875"
"1170761","0.71875","0.71875","0.71875"
"1180255","0.75","0.75","0.75"
"1180751","0.78125","0.78125","0.78125"
"1180766","0.90625","0.90625","0.90625"
"1180859","0.6875","0.6875","0.6875"
"1190232","0.59375","0.59375","0.59375"
"1190768","0.8125","0.8125","0.8125"
"1190775","0.6875","0.6875","0.6875"
"1190777","0.625","0.625","0.625"
"1200233","0.59375","0.59375","0.59375"
"1200759","0.71875","0.71875","0.71875"
"1200767","0.71875","0.71875","0.71875"
"1200777","0.71875","0.71875","0.71875"
"1210229","0.78125","0.78125","0.78125"
"1210751","0.40625","0.40625","0.40625"
"1210756","0.78125","0.78125","0.78125"
"1210774","0.84375","0.84375","0.84375"
"1220334","0.78125","0.78125","0.78125"
"1220781","0.625","0.625","0.625"
"1220782","0.84375","0.84375","0.84375"
"1220868","0.78125","0.78125","0.78125"
"1230342","0.59375","0.59375","0.59375"
"1230759","0.75","0.75","0.75"
"1230774","0.6875","0.6875","0.6875"
"1230846","0.59375","0.59375","0.59375"
"1240252","0.65625","0.65625","0.65625"
"1240754","0.59375","0.59375","0.59375"
"1240763","0.75","0.75","0.75"
"1240836","0.46875","0.46875","0.46875"
"1250241","0.8125","0.8125","0.8125"
"1250752","0.625","0.625","0.625"
"1250777","0.65625","0.65625","0.65625"
"1250782","0.875","0.875","0.875"
"1260244","0.8125","0.8125","0.8125"
"1260752","0.71875","0.71875","0.71875"
"1260782","0.8125","0.8125","0.8125"
"1260816","0.75","0.75","0.75"
"1270223","0.9375","0.9375","0.9375"
"1270762","0.75","0.75","0.75"
"1270832","0.53125","0.53125","0.53125"
"1270841","0.71875","0.71875","0.71875"
"1280385","0.65625","0.65625","0.65625"
"1280753","0.65625","0.65625","0.65625"
"1280771","0.625","0.625","0.625"
"1280784","0.5625","0.5625","0.5625"
"1290223","0.625","0.625","0.625"
"1290755","0.78125","0.78125","0.78125"
"1290757","0.84375","0.84375","0.84375"
"1290775","0.71875","0.71875","0.71875"
"1300246","0.71875","0.71875","0.71875"
"1300750","0.78125","0.78125","0.78125"
"1300753","0.71875","0.71875","0.71875"
"1300876","0.09375","0.09375","0.09375"
"1310332","0.78125","0.78125","0.78125"
"1310754","0.625","0.625","0.625"
"1310782","0.6875","0.6875","0.6875"
"1310791","0.65625","0.65625","0.65625"
"1320233","0.625","0.625","0.625"
"1320753","0.84375","0.84375","0.84375"
"1320757","0.875","0.875","0.875"
"1320777","0.46875","0.46875","0.46875"
"1330232","0.875","0.875","0.875"
"1330759","0.75","0.75","0.75"
"1330760","0.84375","0.84375","0.84375"
"1330769","0.75","0.75","0.75"
"1340250","0.625","0.625","0.625"
"1340757","0.9375","0.9375","0.9375"
"1340777","0.8125","0.8125","0.8125"
"1340890","0.84375","0.84375","0.84375"
"1350254","0.65625","0.65625","0.65625"
"1350768","0.59375","0.59375","0.59375"
"1350770","0.75","0.75","0.75"
"1350783","0.875","0.875","0.875"
"1360249","0.78125","0.78125","0.78125"
"1360777","0.84375","0.84375","0.84375"
"1360780","0.65625","0.65625","0.65625"
"1360786","0.34375","0.34375","0.34375"
"1370231","0.75","0.75","0.75"
"1370754","0.8125","0.8125","0.8125"
"1370780","0.65625","0.65625","0.65625"
"1370781","0.59375","0.59375","0.59375"
"1380233","0.71875","0.71875","0.71875"
"1380768","0.6875","0.6875","0.6875"
"1380781","0.8125","0.8125","0.8125"
"1380802","0.84375","0.84375","0.84375"
"1390233","0.84375","0.84375","0.84375"
"1390764","0.8125","0.8125","0.8125"
"1390776","0.875","0.875","0.875"
"1390784","0.84375","0.84375","0.84375"
"1400224","0.6875","0.6875","0.6875"
"1400750","0.75","0.75","0.75"
"1400758","0.65625","0.65625","0.65625"
"1400776","0.5625","0.5625","0.5625"
"1410284","0.71875","0.71875","0.71875"
"1410758","0.90625","0.90625","0.90625"
"1410760","0.71875","0.71875","0.71875"
"1410787","0.96875","0.96875","0.96875"
"1420244","0.71875","0.71875","0.71875"
"1420756","0.875","0.875","0.875"
"1420765","0.84375","0.84375","0.84375"
"1420785","0.625","0.625","0.625"
"1430247","0.5625","0.5625","0.5625"
"1430761","0.78125","0.78125","0.78125"
"1430780","0.875","0.875","0.875"
"1430791","0.34375","0.34375","0.34375"
"1440236","0.78125","0.78125","0.78125"
"1440764","0.75","0.75","0.75"
"1440779","0.59375","0.59375","0.59375"
"1440780","0.65625","0.65625","0.65625"
"1450234","0.75","0.75","0.75"
"1450754","0.5625","0.5625","0.5625"
"1450771","0.65625","0.65625","0.65625"
"1450774","0.8125","0.8125","0.8125"
"1460224","0.6875","0.6875","0.6875"
"1460758","0.875","0.875","0.875"
"1460771","0.625","0.625","0.625"
"1460783","0.78125","0.78125","0.78125"
"1470259","0.65625","0.65625","0.65625"
"1470763","0.5","0.5","0.5"
"1470770","0.6875","0.6875","0.6875"
"1470776","0.875","0.875","0.875"
"1480251","0.5625","0.5625","0.5625"
"1480750","0.65625","0.65625","0.65625"
"1480776","0.625","0.625","0.625"
"1480777","0.84375","0.84375","0.84375"
"1490252","0.78125","0.78125","0.78125"
"1490755","0.59375","0.59375","0.59375"
"1490781","0.875","0.875","0.875"
"1490855","0.46875","0.46875","0.46875"
"1500248","0.75","0.75","0.75"
"1500759","0.84375","0.84375","0.84375"
"1500775","0.9375","0.9375","0.9375"
"1500779","0.6875","0.6875","0.6875"
"1510240","0.5625","0.5625","0.5625"
"1510761","0.375","0.375","0.375"
"1510774","0.8125","0.8125","0.8125"
"1510797","0.78125","0.78125","0.78125"
"1520224","0.9375","0.9375","0.9375"
"1520768","0.84375","0.84375","0.84375"
"1520787","0.5625","0.5625","0.5625"
"1520788","0.65625","0.65625","0.65625"
"1530226","0.6875","0.6875","0.6875"
"1530763","0.625","0.5","0.75"
"1530778","0.59375","0.59375","0.59375"
"1540225","0.5625","0.5625","0.5625"
"1540752","0.90625","0.90625","0.90625"
"1540757","0.90625","0.90625","0.90625"
"1540787","0.78125","0.78125","0.78125"
"1550358","0.625","0.625","0.625"
"1550752","0.8125","0.8125","0.8125"
"1550759","0.78125","0.78125","0.78125"
"1550902","0.6875","0.6875","0.6875"
"1560225","0.875","0.875","0.875"
"1560762","0.78125","0.78125","0.78125"
"1560766","0.65625","0.65625","0.65625"
"1560787","0.6875","0.6875","0.6875"
"1570232","0.78125","0.78125","0.78125"
"1570772","0.375","0.375","0.375"
"1570773","0.6875","0.6875","0.6875"
"1570786","0.59375","0.59375","0.59375"
"1580225","0.625","0.625","0.625"
"1580767","0.84375","0.84375","0.84375"
"1580775","0.5","0.5","0.5"
"1580797","0.71875","0.71875","0.71875"
"1590243","0.71875","0.71875","0.71875"
"1590750","0.78125","0.78125","0.78125"
"1590839","0.59375","0.59375","0.59375"
"1590885","0.8125","0.8125","0.8125"
"1600232","0.4375","0.4375","0.4375"
"1600776","0.8125","0.8125","0.8125"
"1600782","0.875","0.875","0.875"
"1600783","0.5","0.5","0.5"
"1610235","0.75","0.75","0.75"
"1610756","0.875","0.875","0.875"
"1610759","0.6875","0.6875","0.6875"
"1610779","0.5","0.5","0.5"
"1620235","0.78125","0.78125","0.78125"
"1620752","0.78125","0.78125","0.78125"
"1620769","0.59375","0.59375","0.59375"
"1620782","0.84375","0.84375","0.84375"
"1630330","0.84375","0.84375","0.84375"
"1630750","0.90625","0.90625","0.90625"
"1630760","0.71875","0.71875","0.71875"
"1630784","0.78125","0.78125","0.78125"
"1640232","0.78125","0.78125","0.78125"
"1640766","0.875","0.875","0.875"
"1640769","0.6875","0.6875","0.6875"
"1640785","0.53125","0.53125","0.53125"
"1650227","0.78125","0.78125","0.78125"
"1650768","0.96875","0.96875","0.96875"
"1650769","0.84375","0.78125","0.90625"
"1660233","0.9375","0.9375","0.9375"
"1660763","0.75","0.75","0.75"
"1660778","0.65625","0.65625","0.65625"
"1660799","0.78125","0.78125","0.78125"
"1670229","0.6875","0.6875","0.6875"
"1670758","0.71875","0.71875","0.71875"
"1670761","0.53125","0.53125","0.53125"
"1670764","0.75","0.75","0.75"
"1680247","0.4375","0.4375","0.4375"
"1680756","0.59375","0.59375","0.59375"
"1680776","0.71875","0.71875","0.71875"
"1680779","0.71875","0.71875","0.71875"
"1690258","0.875","0.875","0.875"
"1690783","0.75","0.71875","0.78125"
"1690813","0.625","0.625","0.625"
"1700241","0.875","0.875","0.875"
"1700771","0.90625","0.90625","0.90625"
"1700776","0.71875","0.71875","0.71875"
"1700779","0.9375","0.9375","0.9375"
"1710226","0.75","0.75","0.75"
"1710752","0.875","0.875","0.875"
"1710765","0.625","0.625","0.625"
"1710782","0.75","0.75","0.75"
"1720235","0.8125","0.8125","0.8125"
"1720762","0.8125","0.8125","0.8125"
"1720768","0.6875","0.6875","0.6875"
"1720772","0.90625","0.90625","0.90625"
"1730254","0.78125","0.78125","0.78125"
"1730762","0.71875","0.71875","0.71875"
"1730770","0.875","0.875","0.875"
"1730782","1","1","1"
"1740222","0.5625","0.5625","0.5625"
"1740778","0.8125","0.8125","0.8125"
"1740782","0.75","0.75","0.75"
"1740784","0.96875","0.96875","0.96875"
"1750257","0.6875","0.6875","0.6875"
"1750753","0.8125","0.8125","0.8125"
"1750755","0.78125","0.78125","0.78125"
"1750785","0.875","0.875","0.875"
"1760229","0.5625","0.5625","0.5625"
"1760755","0.71875","0.71875","0.71875"
"1760767","0.875","0.875","0.875"
"1760777","0.9375","0.9375","0.9375"
"1770240","0.5625","0.5625","0.5625"
"1770750","0.75","0.75","0.75"
"1770753","0.5625","0.5625","0.5625"
"1770792","0.90625","0.90625","0.90625"
"1780240","0.71875","0.71875","0.71875"
"1780761","0.5625","0.5625","0.5625"
"1780773","0.90625","0.90625","0.90625"
"1780783","0.8125","0.8125","0.8125"
"1790241","0.875","0.875","0.875"
"1790752","0.5625","0.5625","0.5625"
"1790753","0.9375","0.9375","0.9375"
"1790785","0.84375","0.84375","0.84375"
"1800254","0.78125","0.78125","0.78125"
"1800755","1","1","1"
"1800776","0.875","0.875","0.875"
"1800813","0.78125","0.78125","0.78125"
"1810243","0.84375","0.84375","0.84375"
"1810760","0.875","0.875","0.875"
"1810770","0.78125","0.78125","0.78125"
"1810773","0.625","0.625","0.625"
"1820277","0.75","0.75","0.75"
"1820754","0.8125","0.78125","0.84375"
"1820786","0.3125","0.3125","0.3125"
"1830280","0.625","0.625","0.625"
"1830750","0.5625","0.5625","0.5625"
"1830763","0.71875","0.71875","0.71875"
"1830775","0.9375","0.9375","0.9375"
"1840258","0.84375","0.84375","0.84375"
"1840767","0.71875","0.71875","0.71875"
"1840784","0.9375","0.9375","0.9375"
"1840789","0.84375","0.84375","0.84375"
"1850246","0.8125","0.8125","0.8125"
"1850755","0.71875","0.71875","0.71875"
"1850757","0.8125","0.8125","0.8125"
"1850765","0.8125","0.8125","0.8125"
"1860252","0.71875","0.71875","0.71875"
"1860758","0.9375","0.9375","0.9375"
"1860775","0.625","0.625","0.625"
"1860792","0.6875","0.6875","0.6875"
"1870224","0.84375","0.84375","0.84375"
"1870750","0.78125","0.78125","0.78125"
"1870754","0.875","0.875","0.875"
"1870779","0.59375","0.59375","0.59375"
"1880242","0.78125","0.78125","0.78125"
"1880761","0.75","0.75","0.75"
"1880764","0.875","0.875","0.875"
"1880783","0.8125","0.8125","0.8125"
"1890241","0.78125","0.78125","0.78125"
"1890750","0.40625","0.40625","0.40625"
"1890752","0.65625","0.65625","0.65625"
"1890760","0.75","0.75","0.75"
"1900227","0.84375","0.84375","0.84375"
"1900756","0.84375","0.84375","0.84375"
"1900780","0.75","0.75","0.75"
"1900783","0.71875","0.71875","0.71875"
"1910232","0.78125","0.78125","0.78125"
"1910753","0.8125","0.8125","0.8125"
"1910759","0.625","0.625","0.625"
"1910774","0.71875","0.71875","0.71875"
"1920243","0.6875","0.6875","0.6875"
"1920759","0.5625","0.5625","0.5625"
"1920775","0.8125","0.8125","0.8125"
"1920789","0.8125","0.8125","0.8125"
"1930253","0.78125","0.78125","0.78125"
"1930756","0.796875","0.75","0.84375"
"1930837","0.90625","0.90625","0.90625"
"1940228","0.75","0.75","0.75"
"1940750","0.96875","0.96875","0.96875"
"1940774","0.59375","0.59375","0.59375"
"1940789","0.71875","0.71875","0.71875"
"1950230","0.71875","0.71875","0.71875"
"1950763","0.71875","0.5625","0.875"
"1950769","0.6875","0.6875","0.6875"
"1960238","0.78125","0.78125","0.78125"
"1960753","0.59375","0.59375","0.59375"
"1960795","0.875","0.875","0.875"
"1960929","0.75","0.75","0.75"
"1970237","0.75","0.75","0.75"
"1970767","0.71875","0.71875","0.71875"
"1970771","0.71875","0.71875","0.71875"
"1970783","0.6875","0.6875","0.6875"
"1980235","0.84375","0.84375","0.84375"
"1980766","0.75","0.75","0.75"
"1980781","0.8125","0.8125","0.8125"
"1980904","0.90625","0.90625","0.90625"
"1990249","0.875","0.875","0.875"
"1990758","0.8125","0.8125","0.8125"
"1990760","0.6875","0.6875","0.6875"
"1990787","0.8125","0.8125","0.8125"
"2000255","0.875","0.875","0.875"
"2000757","0.9375","0.9375","0.9375"
"2000763","0.53125","0.53125","0.53125"
"2000764","0.8125","0.8125","0.8125"