"Step","Group: 27m_vs_30m_QMIX - win_rate","Group: 27m_vs_30m_QMIX - win_rate__MIN","Group: 27m_vs_30m_QMIX - win_rate__MAX"
"0","0","0","0"
"10002","0","0","0"
"10008","0","0","0"
"10020","0","0","0"
"10023","0","0","0"
"10029","0","0","0"
"10030","0","0","0"
"20000","0","0","0"
"20008","0","0","0"
"20011","0","0","0"
"20019","0","0","0"
"20022","0","0","0"
"20025","0","0","0"
"30000","0","0","0"
"30004","0","0","0"
"30008","0","0","0"
"30013","0","0","0"
"30017","0","0","0"
"30020","0","0","0"
"40002","0","0","0"
"40010","0","0","0"
"40011","0","0","0"
"40012","0","0","0"
"40013","0","0","0"
"40021","0","0","0"
"50002","0","0","0"
"50005","0","0","0"
"50010","0","0","0"
"50018","0","0","0"
"50025","0","0","0"
"60002","0","0","0"
"60005","0","0","0"
"60012","0","0","0"
"60014","0","0","0"
"60016","0","0","0"
"60022","0","0","0"
"70000","0","0","0"
"70003","0","0","0"
"70016","0","0","0"
"70019","0","0","0"
"70167","0","0","0"
"70174","0","0","0"
"80002","0","0","0"
"80013","0","0","0"
"80015","0","0","0"
"80019","0","0","0"
"80024","0","0","0"
"80025","0","0","0"
"90008","0","0","0"
"90012","0","0","0"
"90015","0","0","0"
"90020","0","0","0"
"90024","0","0","0"
"90169","0","0","0"
"100010","0","0","0"
"100016","0","0","0"
"100017","0","0","0"
"100020","0","0","0"
"100027","0","0","0"
"100036","0","0","0"
"110001","0","0","0"
"110007","0","0","0"
"110009","0","0","0"
"110011","0","0","0"
"110019","0","0","0"
"110024","0","0","0"
"120007","0","0","0"
"120012","0","0","0"
"120016","0","0","0"
"120021","0","0","0"
"120024","0","0","0"
"130006","0","0","0"
"130017","0","0","0"
"130020","0","0","0"
"130026","0","0","0"
"130029","0","0","0"
"130084","0","0","0"
"140001","0","0","0"
"140021","0","0","0"
"140022","0","0","0"
"140025","0","0","0"
"140026","0","0","0"
"140051","0","0","0"
"150000","0","0","0"
"150004","0","0","0"
"150007","0","0","0"
"150010","0","0","0"
"150022","0","0","0"
"150119","0","0","0"
"160001","0","0","0"
"160002","0","0","0"
"160007","0","0","0"
"160010","0","0","0"
"160018","0","0","0"
"160087","0","0","0"
"170016","0","0","0"
"170017","0","0","0"
"170069","0","0","0"
"170106","0","0","0"
"170115","0","0","0"
"180004","0","0","0"
"180007","0","0","0"
"180009","0.03125","0.03125","0.03125"
"180023","0","0","0"
"180063","0","0","0"
"180117","0","0","0"
"190005","0","0","0"
"190006","0","0","0"
"190014","0","0","0"
"190018","0","0","0"
"190033","0","0","0"
"190039","0","0","0"
"200004","0","0","0"
"200006","0","0","0"
"200013","0","0","0"
"200015","0","0","0"
"200028","0","0","0"
"200175","0","0","0"
"210009","0","0","0"
"210012","0","0","0"
"210018","0","0","0"
"210025","0","0","0"
"210029","0","0","0"
"210075","0","0","0"
"220010","0","0","0"
"220013","0","0","0"
"220018","0","0","0"
"220020","0","0","0"
"220029","0","0","0"
"220055","0","0","0"
"230003","0","0","0"
"230006","0","0","0"
"230017","0","0","0"
"230020","0","0","0"
"230092","0.03125","0.03125","0.03125"
"240009","0","0","0"
"240011","0","0","0"
"240013","0","0","0"
"240024","0","0","0"
"240037","0","0","0"
"240113","0","0","0"
"250008","0","0","0"
"250014","0","0","0"
"250017","0","0","0"
"250054","0.03125","0.03125","0.03125"
"250155","0","0","0"
"260003","0","0","0"
"260009","0","0","0"
"260011","0","0","0"
"260031","0","0","0"
"260095","0.0625","0.0625","0.0625"
"260138","0","0","0"
"270007","0","0","0"
"270013","0","0","0"
"270029","0","0","0"
"270065","0","0","0"
"270104","0","0","0"
"270140","0","0","0"
"280002","0","0","0"
"280004","0","0","0"
"280012","0","0","0"
"280029","0","0","0"
"280033","0","0","0"
"280131","0","0","0"
"290007","0","0","0"
"290028","0.03125","0","0.0625"
"290063","0","0","0"
"290072","0","0","0"
"290154","0","0","0"
"300001","0","0","0"
"300020","0.0625","0.0625","0.0625"
"300029","0","0","0"
"300040","0","0","0"
"300072","0","0","0"
"300147","0","0","0"
"310005","0","0","0"
"310009","0","0","0"
"310024","0","0","0"
"310026","0","0","0"
"310050","0","0","0"
"310172","0","0","0"
"320005","0","0","0"
"320008","0","0","0"
"320029","0","0","0"
"320031","0","0","0"
"320142","0","0","0"
"320157","0","0","0"
"330001","0","0","0"
"330003","0","0","0"
"330101","0","0","0"
"330125","0","0","0"
"330127","0.03125","0.03125","0.03125"
"340007","0","0","0"
"340016","0","0","0"
"340024","0","0","0"
"340030","0","0","0"
"340033","0","0","0"
"340076","0","0","0"
"350002","0","0","0"
"350003","0","0","0"
"350022","0.03125","0.03125","0.03125"
"350039","0","0","0"
"350136","0","0","0"
"350144","0","0","0"
"360005","0","0","0"
"360010","0","0","0"
"360011","0","0","0"
"360024","0","0","0"
"360043","0","0","0"
"360177","0","0","0"
"370006","0","0","0"
"370025","0","0","0"
"370026","0","0","0"
"370074","0.03125","0.03125","0.03125"
"370090","0","0","0"
"370146","0","0","0"
"380007","0.03125","0.03125","0.03125"
"380009","0.03125","0.03125","0.03125"
"380015","0","0","0"
"380016","0.015625","0","0.03125"
"380020","0","0","0"
"390004","0","0","0"
"390027","0","0","0"
"390029","0.0625","0.0625","0.0625"
"390032","0","0","0"
"390040","0","0","0"
"390105","0.03125","0.03125","0.03125"
"400006","0","0","0"
"400009","0","0","0"
"400067","0","0","0"
"400090","0","0","0"
"400101","0.0625","0.0625","0.0625"
"410002","0.03125","0.03125","0.03125"
"410006","0","0","0"
"410024","0","0","0"
"410025","0.09375","0.09375","0.09375"
"410090","0","0","0"
"410144","0","0","0"
"420011","0","0","0"
"420016","0.03125","0.03125","0.03125"
"420022","0.03125","0.03125","0.03125"
"420023","0","0","0"
"420026","0","0","0"
"420151","0","0","0"
"430035","0.03125","0.03125","0.03125"
"430048","0","0","0"
"430073","0.15625","0.15625","0.15625"
"430082","0.0625","0.0625","0.0625"
"430116","0","0","0"
"430142","0","0","0"
"440005","0","0","0"
"440007","0.03125","0.03125","0.03125"
"440008","0","0","0"
"440018","0","0","0"
"440020","0","0","0"
"440068","0.0625","0.0625","0.0625"
"450005","0","0","0"
"450031","0.0625","0.0625","0.0625"
"450036","0","0","0"
"450131","0.03125","0.03125","0.03125"
"450145","0.03125","0.03125","0.03125"
"450152","0.03125","0.03125","0.03125"
"460014","0","0","0"
"460018","0","0","0"
"460025","0","0","0"
"460150","0","0","0"
"460162","0","0","0"
"460172","0","0","0"
"470003","0","0","0"
"470018","0","0","0"
"470029","0.0625","0.0625","0.0625"
"470033","0.03125","0.03125","0.03125"
"470134","0","0","0"
"470169","0.03125","0.03125","0.03125"
"480006","0.03125","0.03125","0.03125"
"480020","0.0625","0.0625","0.0625"
"480022","0","0","0"
"480025","0","0","0"
"480028","0","0","0"
"480038","0.0625","0.0625","0.0625"
"490019","0.09375","0.09375","0.09375"
"490023","0","0","0"
"490025","0.09375","0.09375","0.09375"
"490074","0.03125","0.03125","0.03125"
"490086","0","0","0"
"490117","0","0","0"
"500007","0","0","0"
"500020","0.03125","0.03125","0.03125"
"500021","0","0","0"
"500091","0","0","0"
"500092","0.03125","0.03125","0.03125"
"500144","0.03125","0.03125","0.03125"
"510000","0","0","0"
"510002","0","0","0"
"510030","0","0","0"
"510033","0.0625","0.0625","0.0625"
"510131","0","0","0"
"510174","0","0","0"
"520002","0","0","0"
"520008","0.03125","0.03125","0.03125"
"520014","0","0","0"
"520015","0.09375","0.09375","0.09375"
"520029","0.03125","0.03125","0.03125"
"520167","0","0","0"
"530004","0","0","0"
"530012","0","0","0"
"530043","0.0625","0.0625","0.0625"
"530059","0","0","0"
"530073","0.09375","0.09375","0.09375"
"530101","0.03125","0.03125","0.03125"
"540002","0.0625","0.0625","0.0625"
"540004","0","0","0"
"540007","0.03125","0.03125","0.03125"
"540008","0","0","0"
"540028","0","0","0"
"540103","0","0","0"
"550018","0.09375","0.09375","0.09375"
"550023","0","0","0"
"550024","0.03125","0.03125","0.03125"
"550032","0","0","0"
"550126","0","0","0"
"550127","0","0","0"
"560013","0.03125","0.03125","0.03125"
"560081","0","0","0"
"560094","0.03125","0.03125","0.03125"
"560104","0.03125","0.03125","0.03125"
"560148","0","0","0"
"560176","0","0","0"
"570016","0.03125","0.03125","0.03125"
"570024","0.03125","0.03125","0.03125"
"570027","0.09375","0.09375","0.09375"
"570029","0.03125","0.03125","0.03125"
"570042","0","0","0"
"570177","0","0","0"
"580001","0.0625","0.0625","0.0625"
"580014","0","0","0"
"580017","0.0625","0.0625","0.0625"
"580019","0.0625","0.0625","0.0625"
"580027","0","0","0"
"580090","0.03125","0.03125","0.03125"
"590012","0.125","0.125","0.125"
"590032","0.03125","0.03125","0.03125"
"590071","0","0","0"
"590076","0.03125","0.03125","0.03125"
"590079","0.03125","0.03125","0.03125"
"590179","0","0","0"
"600003","0.0625","0.0625","0.0625"
"600007","0","0","0"
"600015","0.125","0.125","0.125"
"600045","0","0","0"
"600059","0.03125","0.03125","0.03125"
"600176","0.03125","0.03125","0.03125"
"610001","0","0","0"
"610004","0","0","0"
"610006","0.15625","0.15625","0.15625"
"610017","0","0","0"
"610107","0","0","0"
"610115","0.03125","0.03125","0.03125"
"620001","0","0","0"
"620008","0.09375","0.09375","0.09375"
"620013","0.125","0.125","0.125"
"620019","0.09375","0.09375","0.09375"
"620036","0","0","0"
"620067","0","0","0"
"630010","0.25","0.25","0.25"
"630022","0.0625","0.0625","0.0625"
"630025","0","0","0"
"630026","0","0","0"
"630029","0.15625","0.15625","0.15625"
"630043","0.0625","0.0625","0.0625"
"640000","0.1875","0.1875","0.1875"
"640002","0","0","0"
"640009","0","0","0"
"640019","0","0","0"
"640030","0.03125","0.03125","0.03125"
"640034","0.09375","0.09375","0.09375"
"650001","0.03125","0.03125","0.03125"
"650016","0","0","0"
"650030","0.03125","0.03125","0.03125"
"650045","0.03125","0.03125","0.03125"
"650103","0.125","0.125","0.125"
"650162","0","0","0"
"660005","0.09375","0.09375","0.09375"
"660007","0.03125","0.03125","0.03125"
"660022","0","0","0"
"660027","0.125","0.125","0.125"
"660051","0.03125","0.03125","0.03125"
"660118","0.125","0.125","0.125"
"670006","0.09375","0.09375","0.09375"
"670016","0.03125","0.03125","0.03125"
"670038","0.03125","0.03125","0.03125"
"670069","0.09375","0.09375","0.09375"
"670109","0.125","0.125","0.125"
"670119","0.03125","0.03125","0.03125"
"680007","0.0625","0.0625","0.0625"
"680012","0.015625","0","0.03125"
"680018","0","0","0"
"680038","0.03125","0.03125","0.03125"
"680055","0.0625","0.0625","0.0625"
"690006","0.015625","0","0.03125"
"690009","0.0625","0.0625","0.0625"
"690011","0","0","0"
"690120","0.03125","0.03125","0.03125"
"690127","0","0","0"
"700012","0.03125","0.03125","0.03125"
"700016","0","0","0"
"700023","0.03125","0","0.0625"
"700027","0.09375","0.09375","0.09375"
"700139","0.03125","0.03125","0.03125"
"710017","0","0","0"
"710018","0","0","0"
"710030","0.03125","0.03125","0.03125"
"710102","0.0625","0.0625","0.0625"
"710110","0","0","0"
"710154","0","0","0"
"720015","0.0625","0.0625","0.0625"
"720023","0","0","0"
"720040","0.03125","0.03125","0.03125"
"720083","0","0","0"
"720093","0.15625","0.15625","0.15625"
"720103","0.03125","0.03125","0.03125"
"730003","0.125","0.125","0.125"
"730008","0.03125","0.03125","0.03125"
"730015","0","0","0"
"730019","0.03125","0.03125","0.03125"
"730021","0.03125","0.03125","0.03125"
"730025","0","0","0"
"740002","0.0625","0.0625","0.0625"
"740003","0.03125","0.03125","0.03125"
"740029","0.09375","0.09375","0.09375"
"740049","0.09375","0.09375","0.09375"
"740070","0","0","0"
"740105","0","0","0"
"750009","0.0625","0.0625","0.0625"
"750021","0.09375","0.09375","0.09375"
"750034","0.21875","0.21875","0.21875"
"750104","0.03125","0.03125","0.03125"
"750133","0","0","0"
"750136","0","0","0"
"760011","0.125","0.125","0.125"
"760019","0.03125","0.03125","0.03125"
"760025","0.0625","0.0625","0.0625"
"760028","0.09375","0.09375","0.09375"
"760035","0","0","0"
"760120","0.03125","0.03125","0.03125"
"770003","0.0625","0.0625","0.0625"
"770018","0.03125","0.03125","0.03125"
"770028","0","0","0"
"770030","0.0625","0.0625","0.0625"
"770036","0.09375","0.09375","0.09375"
"770116","0","0","0"
"780004","0.0625","0.0625","0.0625"
"780022","0.09375","0.09375","0.09375"
"780027","0","0","0"
"780059","0.125","0.125","0.125"
"780145","0.125","0.125","0.125"
"780171","0.03125","0.03125","0.03125"
"790007","0","0","0"
"790013","0.0625","0.0625","0.0625"
"790015","0.0625","0.0625","0.0625"
"790017","0.0625","0.0625","0.0625"
"790044","0","0","0"
"790088","0.125","0.125","0.125"
"800003","0.09375","0.09375","0.09375"
"800011","0.0625","0.0625","0.0625"
"800054","0","0","0"
"800091","0.15625","0.15625","0.15625"
"800116","0","0","0"
"800158","0.125","0.125","0.125"
"810015","0.0625","0.0625","0.0625"
"810017","0.09375","0.09375","0.09375"
"810029","0.0625","0.0625","0.0625"
"810031","0","0","0"
"810069","0","0","0"
"810091","0.15625","0.15625","0.15625"
"820003","0","0","0"
"820019","0.125","0.125","0.125"
"820045","0.03125","0.03125","0.03125"
"820092","0.03125","0.03125","0.03125"
"820101","0","0","0"
"820130","0.125","0.125","0.125"
"830001","0.0625","0.0625","0.0625"
"830003","0.0625","0.0625","0.0625"
"830006","0.34375","0.34375","0.34375"
"830046","0","0","0"
"830065","0.03125","0.03125","0.03125"
"830142","0.15625","0.15625","0.15625"
"840000","0.34375","0.34375","0.34375"
"840008","0.125","0.125","0.125"
"840012","0.03125","0.03125","0.03125"
"840026","0","0","0"
"840148","0.03125","0.03125","0.03125"
"840169","0.03125","0.03125","0.03125"
"850004","0.0625","0.0625","0.0625"
"850005","0.125","0.125","0.125"
"850045","0","0","0"
"850107","0.03125","0.03125","0.03125"
"850133","0.0625","0.0625","0.0625"
"850166","0.03125","0.03125","0.03125"
"860007","0.125","0.125","0.125"
"860025","0","0","0"
"860077","0.0625","0.0625","0.0625"
"860101","0.1875","0.1875","0.1875"
"860115","0.0625","0.0625","0.0625"
"860150","0","0","0"
"870005","0.28125","0.28125","0.28125"
"870009","0.0625","0.0625","0.0625"
"870018","0","0","0"
"870027","0.03125","0.03125","0.03125"
"870092","0.1875","0.1875","0.1875"
"870155","0","0","0"
"880006","0.125","0.125","0.125"
"880015","0","0","0"
"880026","0.125","0.125","0.125"
"880027","0.4375","0.4375","0.4375"
"880051","0","0","0"
"880174","0.09375","0.09375","0.09375"
"890016","0","0","0"
"890018","0.15625","0.15625","0.15625"
"890024","0.0625","0.0625","0.0625"
"890030","0.09375","0.09375","0.09375"
"890110","0","0","0"
"890151","0.03125","0.03125","0.03125"
"900003","0","0","0"
"900014","0.0625","0.0625","0.0625"
"900019","0.03125","0.03125","0.03125"
"900062","0.0625","0.0625","0.0625"
"900111","0","0","0"
"900177","0.0625","0.0625","0.0625"
"910010","0.03125","0.03125","0.03125"
"910018","0.03125","0.03125","0.03125"
"910025","0.125","0.125","0.125"
"910060","0","0","0"
"910074","0.0625","0.0625","0.0625"
"910105","0.03125","0.03125","0.03125"
"920009","0","0","0"
"920010","0.15625","0.15625","0.15625"
"920031","0.0625","0.0625","0.0625"
"920053","0.03125","0.03125","0.03125"
"920071","0.125","0.125","0.125"
"920178","0","0","0"
"930000","0.46875","0.46875","0.46875"
"930003","0","0","0"
"930014","0","0","0"
"930024","0.125","0.125","0.125"
"930170","0.15625","0.15625","0.15625"
"930172","0","0","0"
"940001","0.0625","0.0625","0.0625"
"940002","0.09375","0.09375","0.09375"
"940017","0","0","0"
"940027","0.0625","0.0625","0.0625"
"940040","0.1875","0.1875","0.1875"
"940166","0","0","0"
"950000","0","0","0"
"950005","0.28125","0.28125","0.28125"
"950009","0.0625","0.0625","0.0625"
"950014","0","0","0"
"950031","0.28125","0.28125","0.28125"
"950087","0","0","0"
"960001","0.15625","0.15625","0.15625"
"960018","0","0","0"
"960019","0","0","0"
"960027","0.0625","0.0625","0.0625"
"960092","0","0","0"
"960149","0","0","0"
"970004","0","0","0"
"970013","0.03125","0.03125","0.03125"
"970027","0.15625","0.09375","0.21875"
"970150","0.03125","0.03125","0.03125"
"970155","0","0","0"
"980000","0.21875","0.21875","0.21875"
"980006","0","0","0"
"980020","0","0","0"
"980032","0.09375","0.09375","0.09375"
"980039","0.09375","0.09375","0.09375"
"980144","0","0","0"
"990008","0.34375","0.34375","0.34375"
"990015","0.03125","0.03125","0.03125"
"990021","0.1875","0.1875","0.1875"
"990023","0.03125","0.03125","0.03125"
"990034","0.125","0.125","0.125"
"990055","0.03125","0.03125","0.03125"
"1000022","0.1875","0.1875","0.1875"
"1000025","0","0","0"
"1000026","0.1875","0.1875","0.1875"
"1000031","0.28125","0.28125","0.28125"
"1000110","0.03125","0.03125","0.03125"
"1000168","0","0","0"
"1010003","0","0","0"
"1010008","0.03125","0.03125","0.03125"
"1010010","0.40625","0.40625","0.40625"
"1010018","0","0","0"
"1010029","0","0","0"
"1010117","0.03125","0.03125","0.03125"
"1020019","0.03125","0.03125","0.03125"
"1020020","0","0","0"
"1020023","0.15625","0.15625","0.15625"
"1020030","0","0","0"
"1020065","0.4375","0.4375","0.4375"
"1020160","0.21875","0.21875","0.21875"
"1030005","0.0625","0.0625","0.0625"
"1030012","0","0","0"
"1030022","0.09375","0.09375","0.09375"
"1030025","0.0625","0.0625","0.0625"
"1030094","0.09375","0.09375","0.09375"
"1030121","0.03125","0.03125","0.03125"
"1040005","0.0625","0.0625","0.0625"
"1040007","0.0625","0.0625","0.0625"
"1040028","0.0625","0.0625","0.0625"
"1040033","0.03125","0.03125","0.03125"
"1040054","0.0625","0.0625","0.0625"
"1040158","0","0","0"
"1050017","0.125","0.125","0.125"
"1050022","0.09375","0.09375","0.09375"
"1050028","0","0","0"
"1050029","0.0625","0.0625","0.0625"
"1050030","0.03125","0.03125","0.03125"
"1050035","0.09375","0.09375","0.09375"
"1060001","0","0","0"
"1060021","0","0","0"
"1060049","0","0","0"
"1060059","0","0","0"
"1060138","0.125","0","0.25"
"1070012","0.140625","0.0625","0.21875"
"1070056","0.03125","0.03125","0.03125"
"1070125","0.125","0.125","0.125"
"1070138","0","0","0"
"1070154","0","0","0"
"1080009","0.1875","0.1875","0.1875"
"1080018","0.03125","0.03125","0.03125"
"1080021","0.0625","0.0625","0.0625"
"1080037","0.03125","0.03125","0.03125"
"1080067","0","0","0"
"1080140","0","0","0"
"1090002","0.0625","0.0625","0.0625"
"1090009","0.125","0.125","0.125"
"1090015","0.21875","0.21875","0.21875"
"1090019","0.03125","0.03125","0.03125"
"1090109","0.0625","0.0625","0.0625"
"1090153","0","0","0"
"1100005","0.03125","0.03125","0.03125"
"1100012","0","0","0"
"1100024","0.40625","0.40625","0.40625"
"1100026","0.09375","0.09375","0.09375"
"1100039","0.15625","0.15625","0.15625"
"1100074","0.03125","0.03125","0.03125"
"1110009","0","0","0"
"1110018","0.03125","0.03125","0.03125"
"1110030","0.0625","0.0625","0.0625"
"1110038","0.0625","0.0625","0.0625"
"1110042","0.0625","0.0625","0.0625"
"1110123","0.0625","0.0625","0.0625"
"1120018","0.0625","0.0625","0.0625"
"1120019","0.03125","0.03125","0.03125"
"1120036","0","0","0"
"1120042","0.03125","0.03125","0.03125"
"1120071","0.1875","0.1875","0.1875"
"1120104","0.0625","0.0625","0.0625"
"1130001","0.1875","0.1875","0.1875"
"1130004","0.03125","0.03125","0.03125"
"1130005","0","0","0"
"1130070","0","0","0"
"1130125","0.28125","0.28125","0.28125"
"1130133","0.0625","0.0625","0.0625"
"1140003","0.03125","0.03125","0.03125"
"1140004","0.125","0.125","0.125"
"1140008","0.03125","0.03125","0.03125"
"1140016","0.0625","0.0625","0.0625"
"1140021","0.15625","0.03125","0.28125"
"1150009","0.09375","0.09375","0.09375"
"1150010","0","0","0"
"1150018","0.53125","0.53125","0.53125"
"1150021","0.125","0.125","0.125"
"1150025","0.03125","0.03125","0.03125"
"1150058","0.125","0.125","0.125"
"1160000","0.03125","0.03125","0.03125"
"1160017","0.28125","0.28125","0.28125"
"1160018","0.015625","0","0.03125"
"1160021","0","0","0"
"1160028","0.375","0.375","0.375"
"1170001","0","0","0"
"1170011","0","0","0"
"1170013","0.0625","0.0625","0.0625"
"1170019","0.125","0.125","0.125"
"1170028","0","0","0"
"1170042","0.125","0.125","0.125"
"1180036","0.21875","0.21875","0.21875"
"1180044","0.25","0.25","0.25"
"1180093","0.09375","0.09375","0.09375"
"1180104","0.09375","0.09375","0.09375"
"1180106","0","0","0"
"1180112","0.03125","0.03125","0.03125"
"1190006","0.03125","0.03125","0.03125"
"1190007","0.0625","0.0625","0.0625"
"1190026","0.03125","0.03125","0.03125"
"1190031","0.25","0.25","0.25"
"1190086","0","0","0"
"1190104","0.03125","0.03125","0.03125"
"1200007","0.40625","0.40625","0.40625"
"1200008","0","0","0"
"1200015","0.0625","0.0625","0.0625"
"1200034","0.15625","0.15625","0.15625"
"1200049","0.15625","0.15625","0.15625"
"1200164","0","0","0"
"1210014","0.0625","0.0625","0.0625"
"1210022","0.1875","0.1875","0.1875"
"1210025","0.28125","0.28125","0.28125"
"1210035","0.03125","0.03125","0.03125"
"1210097","0.0625","0.0625","0.0625"
"1210170","0.09375","0.09375","0.09375"
"1220007","0.09375","0.09375","0.09375"
"1220017","0.03125","0.03125","0.03125"
"1220029","0.09375","0.09375","0.09375"
"1220030","0.09375","0.09375","0.09375"
"1220034","0.03125","0.03125","0.03125"
"1220179","0.09375","0.09375","0.09375"
"1230000","0.03125","0.03125","0.03125"
"1230008","0.21875","0.21875","0.21875"
"1230029","0.125","0.125","0.125"
"1230097","0.09375","0.09375","0.09375"
"1230149","0.03125","0.03125","0.03125"
"1230179","0.25","0.25","0.25"
"1240010","0","0","0"
"1240011","0.09375","0.09375","0.09375"
"1240020","0.125","0.125","0.125"
"1240026","0.0625","0.0625","0.0625"
"1240152","0.1875","0.1875","0.1875"
"1240171","0.03125","0.03125","0.03125"
"1250015","0.09375","0.09375","0.09375"
"1250024","0.03125","0.03125","0.03125"
"1250027","0.09375","0.09375","0.09375"
"1250033","0.03125","0.03125","0.03125"
"1250107","0.25","0.25","0.25"
"1250166","0.09375","0.09375","0.09375"
"1260000","0.03125","0.03125","0.03125"
"1260004","0.03125","0.03125","0.03125"
"1260005","0.1875","0.1875","0.1875"
"1260014","0","0","0"
"1260016","0.125","0.125","0.125"
"1260046","0.25","0.25","0.25"
"1270031","0.21875","0.21875","0.21875"
"1270032","0.03125","0.03125","0.03125"
"1270040","0.09375","0.09375","0.09375"
"1270072","0.09375","0.09375","0.09375"
"1270081","0.125","0.125","0.125"
"1270126","0.03125","0.03125","0.03125"
"1280013","0.03125","0.03125","0.03125"
"1280016","0.03125","0.03125","0.03125"
"1280019","0.1875","0.1875","0.1875"
"1280024","0.0625","0.0625","0.0625"
"1280041","0.0625","0.0625","0.0625"
"1280095","0.03125","0.03125","0.03125"
"1290001","0.125","0.125","0.125"
"1290025","0.0625","0.0625","0.0625"
"1290026","0","0","0"
"1290065","0.1875","0.1875","0.1875"
"1290107","0.25","0.25","0.25"
"1290155","0.3125","0.3125","0.3125"
"1300003","0.1875","0.1875","0.1875"
"1300014","0.25","0.25","0.25"
"1300015","0.1875","0.1875","0.1875"
"1300089","0.09375","0.09375","0.09375"
"1300148","0.125","0.125","0.125"
"1300169","0.0625","0.0625","0.0625"
"1310008","0.15625","0.15625","0.15625"
"1310010","0.09375","0.09375","0.09375"
"1310025","0.03125","0.03125","0.03125"
"1310026","0.15625","0.15625","0.15625"
"1310045","0","0","0"
"1310075","0.1875","0.1875","0.1875"
"1320000","0.0625","0.0625","0.0625"
"1320001","0.03125","0.03125","0.03125"
"1320027","0.5","0.5","0.5"
"1320037","0.0625","0.0625","0.0625"
"1320131","0.21875","0.21875","0.21875"
"1320153","0","0","0"
"1330003","0","0","0"
"1330008","0.28125","0.28125","0.28125"
"1330042","0.03125","0.03125","0.03125"
"1330070","0.09375","0.09375","0.09375"
"1330084","0.09375","0.09375","0.09375"
"1330159","0.03125","0.03125","0.03125"
"1340003","0.03125","0.03125","0.03125"
"1340010","0.25","0.25","0.25"
"1340014","0.09375","0.09375","0.09375"
"1340024","0.03125","0.03125","0.03125"
"1340031","0","0","0"
"1340138","0.09375","0.09375","0.09375"
"1350017","0.09375","0.09375","0.09375"
"1350018","0","0","0"
"1350044","0.03125","0.03125","0.03125"
"1350066","0.25","0.25","0.25"
"1350126","0.21875","0.21875","0.21875"
"1350157","0.21875","0.21875","0.21875"
"1360007","0.09375","0.09375","0.09375"
"1360011","0.09375","0.09375","0.09375"
"1360014","0.28125","0.28125","0.28125"
"1360075","0.28125","0.28125","0.28125"
"1360125","0.3125","0.3125","0.3125"
"1360172","0","0","0"
"1370004","0","0","0"
"1370007","0.1875","0.1875","0.1875"
"1370014","0.125","0.125","0.125"
"1370016","0.125","0.125","0.125"
"1370023","0.28125","0.28125","0.28125"
"1370104","0.03125","0.03125","0.03125"
"1380022","0.1875","0.1875","0.1875"
"1380031","0.15625","0.15625","0.15625"
"1380032","0.03125","0.03125","0.03125"
"1380033","0.125","0.125","0.125"
"1380147","0.0625","0.0625","0.0625"
"1380150","0.09375","0.09375","0.09375"
"1390000","0.1875","0.1875","0.1875"
"1390020","0.15625","0.15625","0.15625"
"1390025","0","0","0"
"1390026","0.15625","0.15625","0.15625"
"1390045","0.15625","0.15625","0.15625"
"1390172","0.0625","0.0625","0.0625"
"1400006","0.03125","0.03125","0.03125"
"1400025","0","0","0"
"1400029","0.25","0.25","0.25"
"1400091","0.21875","0.21875","0.21875"
"1400098","0.03125","0.03125","0.03125"
"1400140","0.09375","0.09375","0.09375"
"1410014","0","0","0"
"1410024","0.25","0.25","0.25"
"1410109","0.28125","0.28125","0.28125"
"1410121","0.03125","0.03125","0.03125"
"1410149","0.375","0.375","0.375"
"1410150","0","0","0"
"1420012","0.0625","0.0625","0.0625"
"1420036","0.1875","0.1875","0.1875"
"1420046","0.125","0.125","0.125"
"1420129","0.1875","0.1875","0.1875"
"1420162","0.0625","0.0625","0.0625"
"1420177","0.03125","0.03125","0.03125"
"1430002","0.03125","0.03125","0.03125"
"1430026","0.0625","0.0625","0.0625"
"1430032","0","0","0"
"1430036","0","0","0"
"1430120","0.34375","0.34375","0.34375"
"1430133","0.25","0.25","0.25"
"1440002","0.03125","0.03125","0.03125"
"1440003","0.0625","0.0625","0.0625"
"1440010","0.0625","0.0625","0.0625"
"1440032","0","0","0"
"1440082","0.03125","0.03125","0.03125"
"1440084","0.03125","0.03125","0.03125"
"1450016","0.03125","0.03125","0.03125"
"1450017","0.09375","0.09375","0.09375"
"1450031","0.125","0.125","0.125"
"1450101","0.03125","0.03125","0.03125"
"1450115","0.03125","0.03125","0.03125"
"1450158","0","0","0"
"1460009","0.40625","0.40625","0.40625"
"1460019","0.15625","0.15625","0.15625"
"1460032","0.09375","0.09375","0.09375"
"1460035","0.0625","0.0625","0.0625"
"1460130","0.3125","0.3125","0.3125"
"1460144","0.03125","0.03125","0.03125"
"1470014","0.15625","0.15625","0.15625"
"1470034","0.46875","0.46875","0.46875"
"1470057","0.0625","0.0625","0.0625"
"1470128","0.15625","0.0625","0.25"
"1470135","0.125","0.125","0.125"
"1480002","0.15625","0.03125","0.28125"
"1480006","0","0","0"
"1480023","0.40625","0.40625","0.40625"
"1480119","0.25","0.25","0.25"
"1480147","0.09375","0.09375","0.09375"
"1490002","0.0625","0.0625","0.0625"
"1490008","0.40625","0.40625","0.40625"
"1490091","0.125","0.125","0.125"
"1490103","0.25","0.25","0.25"
"1490131","0","0","0"
"1490158","0.25","0.25","0.25"
"1500004","0.15625","0.15625","0.15625"
"1500007","0.09375","0.09375","0.09375"
"1500020","0.03125","0.03125","0.03125"
"1500030","0.40625","0.40625","0.40625"
"1500049","0.0625","0.0625","0.0625"
"1500087","0.03125","0.03125","0.03125"
"1510014","0.15625","0.15625","0.15625"
"1510017","0.03125","0.03125","0.03125"
"1510019","0.03125","0.03125","0.03125"
"1510107","0.0625","0.0625","0.0625"
"1510145","0.375","0.375","0.375"
"1510156","0.125","0.125","0.125"
"1520000","0.1875","0.1875","0.1875"
"1520002","0.09375","0.09375","0.09375"
"1520020","0.3125","0.3125","0.3125"
"1520023","0.15625","0.15625","0.15625"
"1520029","0","0","0"
"1520049","0.3125","0.3125","0.3125"
"1530000","0.28125","0.28125","0.28125"
"1530032","0.09375","0.09375","0.09375"
"1530108","0.21875","0.21875","0.21875"
"1530112","0.03125","0.03125","0.03125"
"1530116","0.28125","0.28125","0.28125"
"1530123","0.125","0.125","0.125"
"1540000","0","0","0"
"1540004","0.1875","0.1875","0.1875"
"1540008","0.15625","0.15625","0.15625"
"1540009","0.1875","0.1875","0.1875"
"1540022","0.0625","0.0625","0.0625"
"1540130","0.25","0.25","0.25"
"1550007","0.09375","0.09375","0.09375"
"1550031","0","0","0"
"1550039","0.1875","0.1875","0.1875"
"1550044","0.09375","0.09375","0.09375"
"1550073","0.15625","0.15625","0.15625"
"1550074","0.25","0.25","0.25"
"1560004","0.09375","0.09375","0.09375"
"1560021","0.15625","0.03125","0.28125"
"1560079","0","0","0"
"1560104","0.1875","0.1875","0.1875"
"1560169","0.09375","0.09375","0.09375"
"1570011","0.375","0.375","0.375"
"1570017","0.21875","0.21875","0.21875"
"1570022","0.0625","0.0625","0.0625"
"1570087","0.15625","0.15625","0.15625"
"1570095","0","0","0"
"1570109","0.1875","0.1875","0.1875"
"1580012","0.125","0.125","0.125"
"1580028","0.15625","0.15625","0.15625"
"1580032","0.25","0.25","0.25"
"1580074","0.15625","0.15625","0.15625"
"1580093","0","0","0"
"1580138","0.15625","0.15625","0.15625"
"1590009","0","0","0"
"1590016","0.375","0.375","0.375"
"1590051","0.09375","0.09375","0.09375"
"1590098","0.03125","0.03125","0.03125"
"1590134","0.125","0.125","0.125"
"1590176","0.15625","0.15625","0.15625"
"1600002","0.125","0.125","0.125"
"1600013","0.28125","0.28125","0.28125"
"1600029","0.25","0.25","0.25"
"1600049","0.0625","0.0625","0.0625"
"1600079","0.28125","0.28125","0.28125"
"1600172","0.0625","0.0625","0.0625"
"1610013","0.3125","0.3125","0.3125"
"1610034","0.09375","0.09375","0.09375"
"1610035","0.125","0.125","0.125"
"1610042","0.40625","0.40625","0.40625"
"1610072","0.125","0.125","0.125"
"1610136","0","0","0"
"1620001","0.4375","0.4375","0.4375"
"1620012","0.03125","0.03125","0.03125"
"1620015","0.375","0.375","0.375"
"1620039","0.09375","0.09375","0.09375"
"1620106","0.125","0.125","0.125"
"1620137","0.0625","0.0625","0.0625"
"1630006","0.125","0.125","0.125"
"1630013","0.09375","0.09375","0.09375"
"1630025","0.15625","0.15625","0.15625"
"1630031","0.1875","0.1875","0.1875"
"1630049","0","0","0"
"1630171","0.25","0.25","0.25"
"1640000","0","0","0"
"1640001","0.28125","0.28125","0.28125"
"1640003","0.125","0.125","0.125"
"1640006","0.09375","0.09375","0.09375"
"1640024","0.0625","0.0625","0.0625"
"1640156","0.03125","0.03125","0.03125"
"1650015","0.34375","0.34375","0.34375"
"1650024","0.3125","0.3125","0.3125"
"1650028","0.09375","0.09375","0.09375"
"1650031","0.09375","0.09375","0.09375"
"1650034","0.09375","0.09375","0.09375"
"1650128","0","0","0"
"1660011","0.1875","0.1875","0.1875"
"1660015","0.03125","0.03125","0.03125"
"1660019","0.265625","0.0625","0.46875"
"1660024","0","0","0"
"1660032","0.0625","0.0625","0.0625"
"1670006","0.046875","0.03125","0.0625"
"1670010","0.09375","0.09375","0.09375"
"1670012","0.40625","0.40625","0.40625"
"1670038","0.03125","0.03125","0.03125"
"1670105","0.21875","0.21875","0.21875"
"1680006","0.0625","0.0625","0.0625"
"1680010","0.0625","0.0625","0.0625"
"1680017","0.0625","0.0625","0.0625"
"1680030","0.3125","0.3125","0.3125"
"1680070","0.3125","0.3125","0.3125"
"1680093","0.0625","0.0625","0.0625"
"1690002","0.4375","0.4375","0.4375"
"1690019","0.15625","0.15625","0.15625"
"1690026","0.125","0.125","0.125"
"1690029","0","0","0"
"1690090","0.0625","0.0625","0.0625"
"1690137","0.03125","0.03125","0.03125"
"1700000","0.21875","0.21875","0.21875"
"1700002","0.0625","0.0625","0.0625"
"1700024","0.0625","0.0625","0.0625"
"1700031","0","0","0"
"1700074","0.3125","0.3125","0.3125"
"1700123","0.03125","0.03125","0.03125"
"1710003","0.09375","0.09375","0.09375"
"1710010","0.03125","0.03125","0.03125"
"1710035","0.15625","0.15625","0.15625"
"1710089","0.0625","0.0625","0.0625"
"1710093","0.03125","0.03125","0.03125"
"1710115","0.0625","0.0625","0.0625"
"1720003","0.03125","0.03125","0.03125"
"1720015","0.1875","0.1875","0.1875"
"1720017","0.25","0.25","0.25"
"1720087","0.09375","0.09375","0.09375"
"1720107","0.1875","0.1875","0.1875"
"1720172","0.25","0.25","0.25"
"1730001","0.125","0.125","0.125"
"1730005","0.0625","0.0625","0.0625"
"1730020","0.40625","0.40625","0.40625"
"1730022","0.09375","0.09375","0.09375"
"1730023","0.21875","0.21875","0.21875"
"1730034","0.15625","0.15625","0.15625"
"1740000","0.03125","0.03125","0.03125"
"1740004","0.15625","0.15625","0.15625"
"1740007","0.28125","0.28125","0.28125"
"1740026","0.15625","0.15625","0.15625"
"1740083","0.03125","0.03125","0.03125"
"1740167","0.09375","0.09375","0.09375"
"1750006","0.21875","0.21875","0.21875"
"1750023","0.25","0.25","0.25"
"1750031","0.03125","0.03125","0.03125"
"1750033","0.125","0.125","0.125"
"1750053","0.0625","0.0625","0.0625"
"1750100","0.09375","0.09375","0.09375"
"1760000","0.21875","0.21875","0.21875"
"1760004","0.15625","0.15625","0.15625"
"1760027","0.0625","0.0625","0.0625"
"1760032","0.09375","0.09375","0.09375"
"1760036","0.40625","0.40625","0.40625"
"1760043","0","0","0"
"1770006","0.21875","0.21875","0.21875"
"1770008","0.03125","0.03125","0.03125"
"1770014","0.125","0.125","0.125"
"1770023","0.09375","0.09375","0.09375"
"1770037","0.3125","0.3125","0.3125"
"1770078","0.0625","0.0625","0.0625"
"1780031","0.1875","0.1875","0.1875"
"1780034","0.09375","0.09375","0.09375"
"1780060","0","0","0"
"1780106","0.09375","0.09375","0.09375"
"1780123","0.40625","0.40625","0.40625"
"1780165","0.0625","0.0625","0.0625"
"1790007","0.34375","0.34375","0.34375"
"1790014","0.21875","0.21875","0.21875"
"1790017","0.28125","0.28125","0.28125"
"1790070","0","0","0"
"1790083","0.125","0.125","0.125"
"1790120","0.09375","0.09375","0.09375"
"1800005","0.09375","0.09375","0.09375"
"1800019","0.0625","0.0625","0.0625"
"1800026","0.25","0.25","0.25"
"1800038","0.03125","0.03125","0.03125"
"1800055","0.03125","0.03125","0.03125"
"1800062","0.15625","0.15625","0.15625"
"1810005","0.03125","0.03125","0.03125"
"1810023","0.125","0.0625","0.1875"
"1810029","0","0","0"
"1810059","0.40625","0.40625","0.40625"
"1810090","0.15625","0.15625","0.15625"
"1820004","0.03125","0.03125","0.03125"
"1820021","0.40625","0.40625","0.40625"
"1820023","0.0625","0.0625","0.0625"
"1820025","0.1875","0.1875","0.1875"
"1820107","0.03125","0.03125","0.03125"
"1820132","0.03125","0.03125","0.03125"
"1830010","0.28125","0.28125","0.28125"
"1830019","0.03125","0.03125","0.03125"
"1830023","0.09375","0.09375","0.09375"
"1830026","0.375","0.375","0.375"
"1830032","0.25","0.25","0.25"
"1830160","0.125","0.125","0.125"
"1840003","0.46875","0.46875","0.46875"
"1840004","0.15625","0.15625","0.15625"
"1840011","0.1875","0.1875","0.1875"
"1840019","0.03125","0.03125","0.03125"
"1840069","0.15625","0.15625","0.15625"
"1840127","0.1875","0.1875","0.1875"
"1850006","0.1875","0.1875","0.1875"
"1850007","0.21875","0.21875","0.21875"
"1850025","0.0625","0.0625","0.0625"
"1850028","0.375","0.375","0.375"
"1850086","0.0625","0.0625","0.0625"
"1850099","0.1875","0.1875","0.1875"
"1860007","0.09375","0.09375","0.09375"
"1860024","0.1875","0.1875","0.1875"
"1860035","0.09375","0.09375","0.09375"
"1860036","0.75","0.75","0.75"
"1860083","0","0","0"
"1860174","0","0","0"
"1870005","0.65625","0.65625","0.65625"
"1870014","0.21875","0.21875","0.21875"
"1870106","0.25","0.25","0.25"
"1870111","0.21875","0.21875","0.21875"
"1870123","0.09375","0.09375","0.09375"
"1870172","0.03125","0.03125","0.03125"
"1880000","0.0625","0.0625","0.0625"
"1880023","0","0","0"
"1880032","0.1875","0.1875","0.1875"
"1880073","0.34375","0.34375","0.34375"
"1880091","0.03125","0.03125","0.03125"
"1880124","0.71875","0.71875","0.71875"
"1890004","0.1875","0.1875","0.1875"
"1890008","0.0625","0.0625","0.0625"
"1890013","0.34375","0.34375","0.34375"
"1890018","0.15625","0.15625","0.15625"
"1890028","0.46875","0.46875","0.46875"
"1890035","0.25","0.25","0.25"
"1900008","0.09375","0.09375","0.09375"
"1900024","0.09375","0.09375","0.09375"
"1900035","0.03125","0.03125","0.03125"
"1900039","0.15625","0.15625","0.15625"
"1900139","0.1875","0.1875","0.1875"
"1900168","0.21875","0.21875","0.21875"
"1910002","0.125","0.125","0.125"
"1910012","0.15625","0.15625","0.15625"
"1910020","0.15625","0.15625","0.15625"
"1910041","0.1875","0.1875","0.1875"
"1910075","0.03125","0.03125","0.03125"
"1910163","0.125","0.125","0.125"
"1920011","0.0625","0.0625","0.0625"
"1920025","0.125","0.125","0.125"
"1920102","0.09375","0.09375","0.09375"
"1920133","0.03125","0.03125","0.03125"
"1920136","0.125","0.125","0.125"
"1920152","0.03125","0.03125","0.03125"
"1930018","0.0625","0.0625","0.0625"
"1930032","0.03125","0.03125","0.03125"
"1930086","0.1875","0.1875","0.1875"
"1930088","0.15625","0.15625","0.15625"
"1930102","0.25","0.25","0.25"
"1930161","0.09375","0.09375","0.09375"
"1940020","0.09375","0.09375","0.09375"
"1940022","0.0625","0.0625","0.0625"
"1940076","0.125","0.125","0.125"
"1940086","0.3125","0.3125","0.3125"
"1940088","0.0625","0.0625","0.0625"
"1940123","0.0625","0.0625","0.0625"
"1950013","0.21875","0.21875","0.21875"
"1950019","0.0625","0.0625","0.0625"
"1950051","0.0625","0.0625","0.0625"
"1950093","0","0","0"
"1950171","0.3125","0.3125","0.3125"
"1950173","0.1875","0.1875","0.1875"
"1960001","0.03125","0.03125","0.03125"
"1960017","0.21875","0.21875","0.21875"
"1960023","0.0625","0.0625","0.0625"
"1960026","0.125","0.125","0.125"
"1960061","0.03125","0.03125","0.03125"
"1960125","0.03125","0.03125","0.03125"
"1970007","0.0625","0.0625","0.0625"
"1970017","0.1875","0.1875","0.1875"
"1970022","0.09375","0.09375","0.09375"
"1970030","0.03125","0.03125","0.03125"
"1970032","0.0625","0.0625","0.0625"
"1970053","0.125","0.125","0.125"
"1980001","0.15625","0.15625","0.15625"
"1980003","0.09375","0.09375","0.09375"
"1980009","0.09375","0.09375","0.09375"
"1980083","0.03125","0.03125","0.03125"
"1980102","0.40625","0.40625","0.40625"
"1980113","0.03125","0.03125","0.03125"
"1990003","0.21875","0.125","0.3125"
"1990013","0.1875","0.1875","0.1875"
"1990017","0.0625","0.0625","0.0625"
"1990032","0.0625","0.0625","0.0625"
"1990112","0.40625","0.40625","0.40625"
"2000022","0.1875","0.1875","0.1875"
"2000024","0.125","0.125","0.125"
"2000032","0.28125","0.25","0.3125"
"2000045","0.0625","0.0625","0.0625"
"2000067","0.03125","0.03125","0.03125"
"2010000","0.03125","0.03125","0.03125"
"2010009","0.09375","0.09375","0.09375"
"2010020","0.0625","0.0625","0.0625"
"2010104","0.5625","0.5625","0.5625"
"2010110","0.125","0.125","0.125"
"2010128","0.03125","0.03125","0.03125"
"2020003","0.53125","0.53125","0.53125"
"2020012","0","0","0"
"2020023","0.25","0.25","0.25"
"2020028","0.125","0.125","0.125"
"2020033","0.3125","0.3125","0.3125"
"2020076","0.09375","0.09375","0.09375"
"2030004","0.296875","0.21875","0.375"
"2030082","0.46875","0.46875","0.46875"
"2030109","0.125","0.125","0.125"
"2030136","0.0625","0.0625","0.0625"
"2030140","0.03125","0.03125","0.03125"
"2040003","0.125","0.125","0.125"
"2040007","0.25","0.25","0.25"
"2040026","0.09375","0.09375","0.09375"
"2040027","0.21875","0.21875","0.21875"
"2040153","0.625","0.625","0.625"
"2040164","0.15625","0.15625","0.15625"
"2050011","0","0","0"
"2050033","0.25","0.25","0.25"
"2050066","0.375","0.375","0.375"
"2050098","0.0625","0.0625","0.0625"
"2050122","0.125","0.125","0.125"
"2050130","0.09375","0.09375","0.09375"
"2060006","0.234375","0.21875","0.25"
"2060023","0.3125","0.3125","0.3125"
"2060028","0.46875","0.46875","0.46875"
"2060057","0.09375","0.09375","0.09375"
"2060173","0.28125","0.28125","0.28125"
"2070012","0.1875","0.1875","0.1875"
"2070022","0.34375","0.34375","0.34375"
"2070024","0.03125","0.03125","0.03125"
"2070033","0.125","0.125","0.125"
"2070136","0.0625","0.0625","0.0625"
"2070145","0.59375","0.59375","0.59375"
"2080007","0.03125","0.03125","0.03125"
"2080009","0.09375","0.09375","0.09375"
"2080014","0.53125","0.53125","0.53125"
"2080028","0.09375","0.09375","0.09375"
"2080036","0.28125","0.28125","0.28125"
"2080148","0.3125","0.3125","0.3125"
"2090004","0.15625","0.15625","0.15625"
"2090032","0.25","0.25","0.25"
"2090041","0.15625","0.15625","0.15625"
"2090073","0.1875","0.1875","0.1875"
"2090149","0.53125","0.53125","0.53125"
"2090170","0.21875","0.21875","0.21875"
"2100004","0.375","0.375","0.375"
"2100015","0.15625","0.15625","0.15625"
"2100016","0.125","0.125","0.125"
"2100029","0.09375","0.09375","0.09375"
"2100158","0.21875","0.21875","0.21875"
"2100174","0.15625","0.15625","0.15625"
"2110013","0.09375","0.09375","0.09375"
"2110015","0.125","0.125","0.125"
"2110031","0.0625","0.0625","0.0625"
"2110034","0.65625","0.65625","0.65625"
"2110039","0.09375","0.09375","0.09375"
"2110131","0.125","0.125","0.125"
"2120016","0.125","0.125","0.125"
"2120039","0.03125","0.03125","0.03125"
"2120093","0.3125","0.3125","0.3125"
"2120124","0.78125","0.78125","0.78125"
"2120154","0.125","0.125","0.125"
"2120161","0.25","0.25","0.25"
"2130030","0.3125","0.3125","0.3125"
"2130033","0.4375","0.4375","0.4375"
"2130079","0.28125","0.28125","0.28125"
"2130099","0.25","0.25","0.25"
"2130176","0.09375","0.09375","0.09375"
"2130178","0.125","0.125","0.125"
"2140010","0.125","0.125","0.125"
"2140028","0.09375","0.09375","0.09375"
"2140032","0.28125","0.09375","0.46875"
"2140161","0.28125","0.28125","0.28125"
"2140166","0.375","0.375","0.375"
"2150007","0.59375","0.59375","0.59375"
"2150010","0.09375","0.09375","0.09375"
"2150024","0.375","0.375","0.375"
"2150054","0.09375","0.09375","0.09375"
"2150106","0.21875","0.21875","0.21875"
"2150179","0.03125","0.03125","0.03125"
"2160000","0.09375","0.09375","0.09375"
"2160019","0.15625","0.15625","0.15625"
"2160020","0.1875","0.1875","0.1875"
"2160030","0.65625","0.65625","0.65625"
"2160032","0.25","0.25","0.25"
"2160139","0.28125","0.28125","0.28125"
"2170006","0.03125","0.03125","0.03125"
"2170024","0.1875","0.1875","0.1875"
"2170037","0.15625","0.15625","0.15625"
"2170062","0.1875","0.1875","0.1875"
"2170069","0.15625","0.15625","0.15625"
"2170142","0.15625","0.15625","0.15625"
"2180010","0.1875","0.1875","0.1875"
"2180013","0.21875","0.21875","0.21875"
"2180034","0.59375","0.59375","0.59375"
"2180113","0.34375","0.34375","0.34375"
"2180144","0.21875","0.21875","0.21875"
"2180162","0.15625","0.15625","0.15625"
"2190004","0.75","0.75","0.75"
"2190005","0.25","0.25","0.25"
"2190006","0.15625","0.15625","0.15625"
"2190019","0.5","0.5","0.5"
"2190023","0.1875","0.1875","0.1875"
"2190151","0.09375","0.09375","0.09375"
"2200016","0.4375","0.4375","0.4375"
"2200033","0.125","0.125","0.125"
"2200143","0.5","0.5","0.5"
"2200150","0.1875","0.1875","0.1875"
"2200163","0.0625","0.0625","0.0625"
"2200179","0.09375","0.09375","0.09375"
"2210001","0.0625","0.03125","0.09375"
"2210005","0.15625","0.15625","0.15625"
"2210033","0.15625","0.15625","0.15625"
"2210104","0.28125","0.28125","0.28125"
"2210154","0.0625","0.0625","0.0625"
"2220002","0.125","0.125","0.125"
"2220006","0.03125","0.03125","0.03125"
"2220036","0.03125","0.03125","0.03125"
"2220045","0","0","0"
"2220082","0.15625","0.15625","0.15625"
"2220099","0.25","0.25","0.25"
"2230020","0.1875","0.1875","0.1875"
"2230026","0.21875","0.21875","0.21875"
"2230030","0.15625","0.15625","0.15625"
"2230031","0","0","0"
"2230080","0.21875","0.21875","0.21875"
"2230120","0.15625","0.15625","0.15625"
"2240007","0.34375","0.34375","0.34375"
"2240030","0.21875","0.21875","0.21875"
"2240059","0.15625","0.15625","0.15625"
"2240082","0.125","0.125","0.125"
"2240134","0.125","0.125","0.125"
"2240173","0.0625","0.0625","0.0625"
"2250017","0.28125","0.28125","0.28125"
"2250018","0.1875","0.1875","0.1875"
"2250028","0.25","0.25","0.25"
"2250034","0","0","0"
"2250040","0.28125","0.28125","0.28125"
"2250171","0.1875","0.1875","0.1875"
"2260004","0.09375","0.09375","0.09375"
"2260020","0.1875","0.1875","0.1875"
"2260028","0.5625","0.5625","0.5625"
"2260033","0.25","0.25","0.25"
"2260042","0.09375","0.09375","0.09375"
"2260072","0.21875","0.21875","0.21875"
"2270027","0.140625","0.125","0.15625"
"2270036","0.125","0.125","0.125"
"2270091","0.4375","0.4375","0.4375"
"2270173","0.125","0.125","0.125"
"2270178","0.375","0.375","0.375"
"2280006","0.46875","0.46875","0.46875"
"2280016","0.1875","0.1875","0.1875"
"2280022","0","0","0"
"2280041","0.25","0.25","0.25"
"2280130","0.15625","0.15625","0.15625"
"2280152","0.1875","0.1875","0.1875"
"2290011","0.15625","0.15625","0.15625"
"2290020","0.34375","0.34375","0.34375"
"2290023","0.3125","0.3125","0.3125"
"2290028","0.21875","0.21875","0.21875"
"2290036","0.28125","0.28125","0.28125"
"2290133","0.15625","0.15625","0.15625"
"2300003","0.3125","0.3125","0.3125"
"2300008","0.34375","0.34375","0.34375"
"2300029","0.25","0.25","0.25"
"2300095","0.3125","0.3125","0.3125"
"2300108","0.4375","0.4375","0.4375"
"2300114","0.0625","0.0625","0.0625"
"2310007","0.25","0.25","0.25"
"2310018","0.0625","0.0625","0.0625"
"2310019","0.21875","0.21875","0.21875"
"2310034","0.21875","0.21875","0.21875"
"2310048","0.0625","0.0625","0.0625"
"2310079","0.28125","0.28125","0.28125"
"2320007","0.28125","0.28125","0.28125"
"2320012","0.078125","0.0625","0.09375"
"2320020","0.34375","0.34375","0.34375"
"2320031","0.0625","0.0625","0.0625"
"2320097","0.125","0.125","0.125"
"2330009","0.1875","0.1875","0.1875"
"2330010","0.15625","0.15625","0.15625"
"2330077","0.28125","0.28125","0.28125"
"2330101","0.28125","0.28125","0.28125"
"2330113","0.25","0.25","0.25"
"2330136","0.1875","0.1875","0.1875"
"2340003","0.53125","0.53125","0.53125"
"2340005","0.1875","0.1875","0.1875"
"2340028","0.0625","0.0625","0.0625"
"2340051","0.125","0.125","0.125"
"2340167","0.1875","0.1875","0.1875"
"2340174","0.09375","0.09375","0.09375"
"2350001","0.125","0.125","0.125"
"2350011","0.25","0.25","0.25"
"2350014","0.15625","0.15625","0.15625"
"2350022","0.1875","0.1875","0.1875"
"2350028","0.71875","0.71875","0.71875"
"2350172","0.28125","0.28125","0.28125"
"2360000","0.25","0.25","0.25"
"2360005","0.15625","0.15625","0.15625"
"2360034","0.6875","0.6875","0.6875"
"2360063","0.21875","0.21875","0.21875"
"2360099","0","0","0"
"2360156","0.1875","0.1875","0.1875"
"2370000","0.0625","0.0625","0.0625"
"2370009","0.21875","0.21875","0.21875"
"2370014","0.84375","0.84375","0.84375"
"2370035","0.09375","0.09375","0.09375"
"2370100","0.21875","0.21875","0.21875"
"2370128","0","0","0"
"2380007","0.0625","0.0625","0.0625"
"2380010","0.59375","0.59375","0.59375"
"2380012","0","0","0"
"2380014","0.40625","0.40625","0.40625"
"2380019","0.09375","0.09375","0.09375"
"2380050","0.09375","0.09375","0.09375"
"2390012","0.453125","0.1875","0.71875"
"2390021","0.25","0.25","0.25"
"2390136","0.1875","0.1875","0.1875"
"2390156","0.25","0.25","0.25"
"2390170","0.5625","0.5625","0.5625"
"2400005","0.40625","0.40625","0.40625"
"2400006","0.125","0.125","0.125"
"2400033","0.21875","0.21875","0.21875"
"2400035","0.5625","0.5625","0.5625"
"2400040","0.34375","0.34375","0.34375"
"2400135","0.09375","0.09375","0.09375"
"2410006","0.03125","0.03125","0.03125"
"2410011","0.34375","0.34375","0.34375"
"2410015","0.125","0.125","0.125"
"2410040","0.625","0.625","0.625"
"2410043","0.28125","0.28125","0.28125"
"2410154","0.0625","0.0625","0.0625"
"2420005","0.125","0.125","0.125"
"2420006","0.625","0.625","0.625"
"2420011","0.09375","0.09375","0.09375"
"2420019","0.3125","0.3125","0.3125"
"2420060","0.125","0.125","0.125"
"2420080","0","0","0"
"2430003","0.15625","0.15625","0.15625"
"2430004","0.3125","0.28125","0.34375"
"2430021","0.3125","0.3125","0.3125"
"2430029","0","0","0"
"2430057","0.1875","0.1875","0.1875"
"2440002","0.15625","0.15625","0.15625"
"2440019","0.21875","0.21875","0.21875"
"2440032","0.1875","0.1875","0.1875"
"2440035","0.15625","0.15625","0.15625"
"2440037","0.6875","0.6875","0.6875"
"2440103","0.53125","0.53125","0.53125"
"2450002","0.125","0.125","0.125"
"2450005","0.40625","0.40625","0.40625"
"2450014","0.3125","0.3125","0.3125"
"2450116","0.125","0.125","0.125"
"2450130","0.28125","0.28125","0.28125"
"2450168","0.28125","0.28125","0.28125"
"2460012","0.40625","0.40625","0.40625"
"2460019","0.40625","0.40625","0.40625"
"2460037","0","0","0"
"2460083","0.28125","0.28125","0.28125"
"2460108","0.1875","0.1875","0.1875"
"2460170","0.0625","0.0625","0.0625"
"2470011","0.0625","0.0625","0.0625"
"2470012","0.1875","0.1875","0.1875"
"2470016","0.28125","0.28125","0.28125"
"2470034","0.0625","0.0625","0.0625"
"2470045","0.1875","0.1875","0.1875"
"2470176","0.53125","0.53125","0.53125"
"2480000","0.125","0.125","0.125"
"2480004","0","0","0"
"2480005","0.3125","0.3125","0.3125"
"2480014","0.21875","0.21875","0.21875"
"2480026","0.3125","0.3125","0.3125"
"2480120","0.53125","0.53125","0.53125"
"2490008","0.21875","0.21875","0.21875"
"2490015","0.09375","0.09375","0.09375"
"2490018","0.15625","0.15625","0.15625"
"2490027","0.53125","0.53125","0.53125"
"2490098","0.375","0.375","0.375"
"2490126","0","0","0"
"2500010","0.25","0.25","0.25"
"2500034","0.40625","0.40625","0.40625"
"2500052","0.125","0.125","0.125"
"2500120","0.34375","0.34375","0.34375"
"2500150","0.09375","0.09375","0.09375"
"2500167","0.25","0.25","0.25"
"2510002","0.21875","0.21875","0.21875"
"2510018","0.1875","0.1875","0.1875"
"2510022","0.21875","0.21875","0.21875"
"2510037","0.28125","0.28125","0.28125"
"2510038","0.21875","0.21875","0.21875"
"2510105","0.21875","0.21875","0.21875"
"2520001","0.28125","0.28125","0.28125"
"2520002","0.3125","0.3125","0.3125"
"2520052","0.4375","0.4375","0.4375"
"2520143","0.1875","0.1875","0.1875"
"2520146","0.125","0.125","0.125"
"2520150","0.03125","0.03125","0.03125"
"2530018","0.09375","0.09375","0.09375"
"2530027","0.3125","0.3125","0.3125"
"2530085","0.21875","0.21875","0.21875"
"2530110","0.3125","0","0.625"
"2530146","0.0625","0.0625","0.0625"
"2540004","0.15625","0.15625","0.15625"
"2540010","0.5625","0.5625","0.5625"
"2540017","0.53125","0.53125","0.53125"
"2540039","0","0","0"
"2540050","0.125","0.125","0.125"
"2540111","0.15625","0.15625","0.15625"
"2550004","0.15625","0.15625","0.15625"
"2550012","0.8125","0.8125","0.8125"
"2550013","0.3125","0.3125","0.3125"
"2550014","0.03125","0.03125","0.03125"
"2550028","0.03125","0.03125","0.03125"
"2550035","0.21875","0.21875","0.21875"
"2560002","0.1875","0.1875","0.1875"
"2560006","0.375","0.375","0.375"
"2560013","0.375","0.15625","0.59375"
"2560075","0.125","0.125","0.125"
"2560139","0.125","0.125","0.125"
"2570007","0.375","0.375","0.375"
"2570011","0.59375","0.59375","0.59375"
"2570015","0.28125","0.28125","0.28125"
"2570036","0.0625","0.0625","0.0625"
"2570038","0.21875","0.21875","0.21875"
"2570152","0.3125","0.3125","0.3125"
"2580002","0.3125","0.3125","0.3125"
"2580014","0.375","0.375","0.375"
"2580019","0.65625","0.65625","0.65625"
"2580051","0.125","0.125","0.125"
"2580116","0.0625","0.0625","0.0625"
"2580155","0.125","0.125","0.125"
"2590002","0.25","0.25","0.25"
"2590007","0.21875","0.21875","0.21875"
"2590013","0.28125","0.28125","0.28125"
"2590022","0.46875","0.46875","0.46875"
"2590026","0.5","0.5","0.5"
"2590033","0.03125","0.03125","0.03125"
"2600002","0.53125","0.53125","0.53125"
"2600022","0.15625","0.15625","0.15625"
"2600079","0.59375","0.59375","0.59375"
"2600136","0.0625","0.0625","0.0625"
"2600164","0.28125","0.28125","0.28125"
"2600167","0.03125","0.03125","0.03125"
"2610012","0.3125","0.3125","0.3125"
"2610027","0.15625","0.15625","0.15625"
"2610039","0.21875","0.21875","0.21875"
"2610044","0.1875","0.1875","0.1875"
"2610082","0.21875","0.21875","0.21875"
"2610169","0.6875","0.6875","0.6875"
"2620014","0.15625","0.15625","0.15625"
"2620030","0.75","0.75","0.75"
"2620052","0.125","0.125","0.125"
"2620069","0.40625","0.40625","0.40625"
"2620093","0.25","0.25","0.25"
"2620118","0.15625","0.15625","0.15625"
"2630011","0.28125","0.28125","0.28125"
"2630019","0.75","0.75","0.75"
"2630028","0.15625","0.15625","0.15625"
"2630041","0.09375","0.09375","0.09375"
"2630113","0.1875","0.1875","0.1875"
"2630170","0.09375","0.09375","0.09375"
"2640012","0.46875","0.46875","0.46875"
"2640026","0.125","0.125","0.125"
"2640036","0.28125","0.28125","0.28125"
"2640072","0.40625","0.40625","0.40625"
"2640108","0.125","0.125","0.125"
"2640163","0.09375","0.09375","0.09375"
"2650012","0.09375","0.09375","0.09375"
"2650020","0.46875","0.46875","0.46875"
"2650072","0.28125","0.28125","0.28125"
"2650076","0.1875","0.1875","0.1875"
"2650116","0.40625","0.40625","0.40625"
"2650164","0.25","0.25","0.25"
"2660003","0.375","0.375","0.375"
"2660007","0.09375","0.09375","0.09375"
"2660011","0.40625","0.40625","0.40625"
"2660058","0.125","0.125","0.125"
"2660066","0.46875","0.46875","0.46875"
"2660079","0.40625","0.40625","0.40625"
"2670014","0.21875","0.21875","0.21875"
"2670020","0.6875","0.6875","0.6875"
"2670024","0.125","0.125","0.125"
"2670042","0.09375","0.09375","0.09375"
"2670081","0.28125","0.28125","0.28125"
"2670173","0.15625","0.15625","0.15625"
"2680023","0.21875","0.21875","0.21875"
"2680029","0.3125","0.3125","0.3125"
"2680030","0.46875","0.46875","0.46875"
"2680031","0.25","0.25","0.25"
"2680099","0.46875","0.46875","0.46875"
"2680114","0.5","0.5","0.5"
"2690007","0.6875","0.6875","0.6875"
"2690012","0.25","0.25","0.25"
"2690013","0.1875","0.1875","0.1875"
"2690021","0.0625","0.0625","0.0625"
"2690025","0.3125","0.3125","0.3125"
"2690040","0.0625","0.0625","0.0625"
"2700005","0.1875","0.1875","0.1875"
"2700024","0.25","0.25","0.25"
"2700031","0.84375","0.84375","0.84375"
"2700068","0.21875","0.21875","0.21875"
"2700169","0.3125","0.3125","0.3125"
"2700171","0.4375","0.4375","0.4375"
"2710005","0.21875","0.21875","0.21875"
"2710015","0.15625","0.15625","0.15625"
"2710023","0.125","0.125","0.125"
"2710032","0.0625","0.0625","0.0625"
"2710089","0.34375","0.34375","0.34375"
"2710095","0.84375","0.84375","0.84375"
"2720009","0.8125","0.8125","0.8125"
"2720017","0.375","0.375","0.375"
"2720039","0.09375","0.09375","0.09375"
"2720076","0.125","0.125","0.125"
"2720116","0.0625","0.0625","0.0625"
"2720138","0.375","0.375","0.375"
"2730027","0.046875","0","0.09375"
"2730030","0.21875","0.21875","0.21875"
"2730033","0.46875","0.46875","0.46875"
"2730040","0.75","0.75","0.75"
"2730157","0.1875","0.1875","0.1875"
"2740016","0.28125","0.28125","0.28125"
"2740049","0.375","0.375","0.375"
"2740082","0.03125","0.03125","0.03125"
"2740091","0.625","0.625","0.625"
"2740120","0.1875","0.1875","0.1875"
"2740146","0.125","0.125","0.125"
"2750001","0.28125","0.28125","0.28125"
"2750020","0.6875","0.6875","0.6875"
"2750023","0.3125","0.3125","0.3125"
"2750027","0.4375","0.4375","0.4375"
"2750029","0.25","0.25","0.25"
"2750038","0.21875","0.21875","0.21875"
"2760006","0.25","0.25","0.25"
"2760013","0.0625","0.0625","0.0625"
"2760028","0.8125","0.8125","0.8125"
"2760057","0.40625","0.40625","0.40625"
"2760173","0.40625","0.40625","0.40625"
"2760179","0.15625","0.15625","0.15625"
"2770006","0.03125","0.03125","0.03125"
"2770010","0.40625","0.40625","0.40625"
"2770011","0.3125","0.3125","0.3125"
"2770033","0.9375","0.9375","0.9375"
"2770092","0.34375","0.34375","0.34375"
"2770136","0.1875","0.1875","0.1875"
"2780006","0.625","0.625","0.625"
"2780028","0.21875","0.21875","0.21875"
"2780034","0.125","0.125","0.125"
"2780042","0.25","0.25","0.25"
"2780149","0.4375","0.4375","0.4375"
"2780174","0.15625","0.15625","0.15625"
"2790006","0.53125","0.53125","0.53125"
"2790008","0.25","0.25","0.25"
"2790009","0.21875","0.21875","0.21875"
"2790020","0.40625","0.40625","0.40625"
"2790024","0.1875","0.1875","0.1875"
"2790093","0.6875","0.6875","0.6875"
"2800006","0.46875","0.46875","0.46875"
"2800011","0.6875","0.6875","0.6875"
"2800028","0.3125","0.3125","0.3125"
"2800033","0.5625","0.5625","0.5625"
"2800043","0.34375","0.34375","0.34375"
"2800168","0.15625","0.15625","0.15625"
"2810023","0.15625","0.15625","0.15625"
"2810026","0.09375","0.09375","0.09375"
"2810036","0.46875","0.46875","0.46875"
"2810037","0.625","0.625","0.625"
"2810078","0.25","0.25","0.25"
"2810178","0.6875","0.6875","0.6875"
"2820001","0.21875","0.21875","0.21875"
"2820005","0.40625","0.40625","0.40625"
"2820013","0.75","0.75","0.75"
"2820016","0.5625","0.5625","0.5625"
"2820033","0.0625","0.0625","0.0625"
"2820121","0.4375","0.4375","0.4375"
"2830003","0.65625","0.65625","0.65625"
"2830010","0.09375","0.09375","0.09375"
"2830022","0.4375","0.4375","0.4375"
"2830080","0.4375","0.4375","0.4375"
"2830111","0.4375","0.4375","0.4375"
"2830112","0.09375","0.09375","0.09375"
"2840001","0.625","0.625","0.625"
"2840007","0.34375","0.34375","0.34375"
"2840009","0.53125","0.53125","0.53125"
"2840011","0.125","0.0625","0.1875"
"2840018","0.53125","0.53125","0.53125"
"2850003","0.21875","0.21875","0.21875"
"2850007","0.75","0.75","0.75"
"2850038","0.1875","0.1875","0.1875"
"2850063","0.09375","0.09375","0.09375"
"2850119","0.40625","0.40625","0.40625"
"2850135","0.25","0.25","0.25"
"2860000","0.28125","0.28125","0.28125"
"2860004","0.71875","0.71875","0.71875"
"2860008","0.0625","0.0625","0.0625"
"2860011","0.09375","0.09375","0.09375"
"2860062","0.1875","0.1875","0.1875"
"2860080","0.21875","0.21875","0.21875"
"2870003","0.40625","0.40625","0.40625"
"2870014","0.28125","0.28125","0.28125"
"2870023","0.375","0.375","0.375"
"2870027","0.1875","0.1875","0.1875"
"2870037","0.71875","0.71875","0.71875"
"2870064","0.0625","0.0625","0.0625"
"2880006","0.5625","0.5625","0.5625"
"2880011","0.40625","0.40625","0.40625"
"2880014","0.0625","0.0625","0.0625"
"2880023","0.25","0.25","0.25"
"2880032","0.40625","0.40625","0.40625"
"2880123","0.21875","0.21875","0.21875"
"2890019","0.46875","0.46875","0.46875"
"2890033","0.75","0.75","0.75"
"2890045","0.125","0.125","0.125"
"2890047","0.3125","0.3125","0.3125"
"2890050","0.28125","0.28125","0.28125"
"2890140","0.15625","0.15625","0.15625"
"2900011","0.5","0.5","0.5"
"2900012","0.28125","0.28125","0.28125"
"2900016","0.25","0.25","0.25"
"2900025","0.125","0.125","0.125"
"2900033","0.46875","0.46875","0.46875"
"2900074","0.25","0.25","0.25"
"2910002","0.25","0.25","0.25"
"2910010","0.125","0.0625","0.1875"
"2910053","0.0625","0.0625","0.0625"
"2910099","0.34375","0.34375","0.34375"
"2910168","0.5625","0.5625","0.5625"
"2920001","0.21875","0.21875","0.21875"
"2920003","0.0625","0.0625","0.0625"
"2920025","0.28125","0.28125","0.28125"
"2920058","0.03125","0.03125","0.03125"
"2920059","0.15625","0.15625","0.15625"
"2920105","0.4375","0.4375","0.4375"
"2930002","0.375","0.375","0.375"
"2930004","0.0625","0.0625","0.0625"
"2930012","0.625","0.625","0.625"
"2930019","0.5","0.5","0.5"
"2930114","0.21875","0.21875","0.21875"
"2930166","0.5","0.5","0.5"
"2940005","0.09375","0.09375","0.09375"
"2940007","0.4375","0.4375","0.4375"
"2940015","0.3125","0.3125","0.3125"
"2940028","0.625","0.625","0.625"
"2940030","0.125","0.125","0.125"
"2940034","0.40625","0.40625","0.40625"
"2950008","0.3125","0.3125","0.3125"
"2950017","0.125","0.125","0.125"
"2950031","0.65625","0.65625","0.65625"
"2950054","0.125","0.125","0.125"
"2950095","0.1875","0.1875","0.1875"
"2950115","0.34375","0.34375","0.34375"
"2960003","0.09375","0.09375","0.09375"
"2960009","0.3125","0.3125","0.3125"
"2960023","0.5","0.5","0.5"
"2960027","0.28125","0.28125","0.28125"
"2960028","0.84375","0.84375","0.84375"
"2960060","0.03125","0.03125","0.03125"
"2970010","0.8125","0.8125","0.8125"
"2970021","0.0625","0.0625","0.0625"
"2970040","0.40625","0.40625","0.40625"
"2970075","0.28125","0.28125","0.28125"
"2970096","0.03125","0.03125","0.03125"
"2970170","0.1875","0.1875","0.1875"
"2980006","0.21875","0.21875","0.21875"
"2980015","0.28125","0.28125","0.28125"
"2980016","0.65625","0.65625","0.65625"
"2980024","0.0625","0.0625","0.0625"
"2980061","0.5625","0.5625","0.5625"
"2980092","0.375","0.375","0.375"
"2990021","0.25","0.25","0.25"
"2990027","0.65625","0.65625","0.65625"
"2990034","0.5","0.5","0.5"
"2990035","0.125","0.125","0.125"
"2990047","0.1875","0.1875","0.1875"
"2990111","0.09375","0.09375","0.09375"
"3000014","0.03125","0.03125","0.03125"
"3000020","0.40625","0.40625","0.40625"
"3000066","0.4375","0.4375","0.4375"
"3000078","0.625","0.625","0.625"
"3000085","0","0","0"
"3000106","0.59375","0.59375","0.59375"