"Step","Group: protoss_10_vs_11_ACORM_WM - win_rate","Group: protoss_10_vs_11_ACORM_WM - win_rate__MIN","Group: protoss_10_vs_11_ACORM_WM - win_rate__MAX"
"0","0","0","0"
"10238","0","0","0"
"10261","0.03125","0.03125","0.03125"
"10262","0","0","0"
"10268","0","0","0"
"10283","0","0","0"
"20230","0","0","0"
"20231","0","0","0"
"20238","0","0","0"
"20244","0","0","0"
"20265","0","0","0"
"30229","0","0","0"
"30245","0","0","0"
"30253","0.0625","0.0625","0.0625"
"30257","0","0","0"
"30258","0","0","0"
"40221","0","0","0"
"40236","0","0","0"
"40256","0","0","0"
"40261","0","0","0"
"40262","0","0","0"
"50241","0","0","0"
"50246","0","0","0"
"50255","0","0","0"
"50257","0","0","0"
"50259","0","0","0"
"60233","0","0","0"
"60237","0","0","0"
"60239","0","0","0"
"60251","0.03125","0.03125","0.03125"
"60259","0","0","0"
"70231","0","0","0"
"70233","0","0","0"
"70240","0","0","0"
"70244","0","0","0"
"70249","0","0","0"
"80220","0","0","0"
"80238","0","0","0"
"80245","0","0","0"
"80259","0","0","0"
"80261","0","0","0"
"90225","0","0","0"
"90235","0","0","0"
"90260","0","0","0"
"90265","0","0","0"
"90278","0","0","0"
"100225","0","0","0"
"100233","0","0","0"
"100262","0","0","0"
"100267","0","0","0"
"100269","0","0","0"
"110224","0.03125","0.03125","0.03125"
"110233","0","0","0"
"110243","0","0","0"
"110255","0","0","0"
"110267","0","0","0"
"120234","0","0","0"
"120241","0","0","0"
"120243","0","0","0"
"120257","0","0","0"
"120265","0","0","0"
"130233","0","0","0"
"130260","0","0","0"
"130265","0","0","0"
"130282","0","0","0"
"140229","0","0","0"
"140230","0","0","0"
"140242","0","0","0"
"140275","0","0","0"
"150230","0","0","0"
"150240","0","0","0"
"150254","0","0","0"
"150270","0","0","0"
"150290","0","0","0"
"160240","0","0","0"
"160243","0","0","0"
"160248","0","0","0"
"160269","0","0","0"
"160271","0","0","0"
"170239","0","0","0"
"170248","0","0","0"
"170259","0","0","0"
"170263","0","0","0"
"170281","0","0","0"
"180233","0","0","0"
"180250","0","0","0"
"180254","0","0","0"
"180262","0.03125","0.03125","0.03125"
"180269","0","0","0"
"190224","0","0","0"
"190237","0","0","0"
"190243","0","0","0"
"190264","0","0","0"
"200222","0.03125","0.03125","0.03125"
"200259","0","0","0"
"200260","0","0","0"
"200261","0","0","0"
"200262","0","0","0"
"210232","0.03125","0.03125","0.03125"
"210240","0","0","0"
"210253","0","0","0"
"210257","0","0","0"
"210259","0","0","0"
"220223","0","0","0"
"220225","0","0","0"
"220233","0","0","0"
"220256","0.03125","0.03125","0.03125"
"220266","0","0","0"
"230230","0","0","0"
"230234","0","0","0"
"230254","0","0","0"
"230256","0","0","0"
"230270","0","0","0"
"240226","0","0","0"
"240242","0","0","0"
"240252","0","0","0"
"240254","0","0","0"
"240273","0","0","0"
"250228","0","0","0"
"250243","0.03125","0.03125","0.03125"
"250248","0","0","0"
"250251","0","0","0"
"250276","0","0","0"
"260223","0","0","0"
"260226","0","0","0"
"260233","0","0","0"
"260260","0.03125","0.03125","0.03125"
"260264","0","0","0"
"270228","0","0","0"
"270240","0.03125","0.03125","0.03125"
"270262","0","0","0"
"270276","0.03125","0","0.0625"
"280225","0.03125","0.03125","0.03125"
"280226","0.0625","0.0625","0.0625"
"280244","0","0","0"
"280246","0.03125","0.03125","0.03125"
"280267","0","0","0"
"290243","0","0","0"
"290258","0.03125","0.03125","0.03125"
"290261","0.03125","0.03125","0.03125"
"290264","0","0","0"
"290297","0","0","0"
"300230","0","0","0"
"300231","0","0","0"
"300241","0","0","0"
"300243","0.0625","0.0625","0.0625"
"300270","0","0","0"
"310248","0.03125","0","0.0625"
"310259","0.125","0.125","0.125"
"310275","0","0","0"
"310279","0","0","0"
"320261","0.03125","0.03125","0.03125"
"320266","0.03125","0.03125","0.03125"
"320276","0.03125","0.03125","0.03125"
"320278","0.03125","0.03125","0.03125"
"320281","0","0","0"
"330225","0","0","0"
"330231","0.0625","0.0625","0.0625"
"330235","0.03125","0.03125","0.03125"
"330251","0.0625","0.0625","0.0625"
"330308","0.03125","0.03125","0.03125"
"340222","0.03125","0.03125","0.03125"
"340243","0.03125","0.03125","0.03125"
"340246","0.03125","0.03125","0.03125"
"340265","0.03125","0.03125","0.03125"
"340282","0.03125","0.03125","0.03125"
"350222","0.09375","0.09375","0.09375"
"350229","0","0","0"
"350235","0.09375","0.09375","0.09375"
"350258","0.03125","0.03125","0.03125"
"350283","0.09375","0.09375","0.09375"
"360224","0","0","0"
"360228","0.0625","0.0625","0.0625"
"360260","0.03125","0.03125","0.03125"
"360264","0","0","0"
"360295","0.1875","0.1875","0.1875"
"370228","0","0","0"
"370242","0","0","0"
"370255","0.09375","0.09375","0.09375"
"370303","0.03125","0.03125","0.03125"
"370322","0.03125","0.03125","0.03125"
"380224","0.03125","0.03125","0.03125"
"380248","0.03125","0.03125","0.03125"
"380262","0","0","0"
"380265","0","0","0"
"380287","0.03125","0.03125","0.03125"
"390227","0.0625","0.0625","0.0625"
"390231","0","0","0"
"390235","0.03125","0.03125","0.03125"
"390270","0.125","0.125","0.125"
"390285","0","0","0"
"400225","0.03125","0.03125","0.03125"
"400243","0","0","0"
"400245","0","0","0"
"400246","0.0625","0.0625","0.0625"
"400284","0.09375","0.09375","0.09375"
"410227","0.03125","0.03125","0.03125"
"410245","0.1875","0.1875","0.1875"
"410256","0.09375","0.09375","0.09375"
"410317","0.03125","0.03125","0.03125"
"420227","0","0","0"
"420245","0.03125","0.03125","0.03125"
"420252","0.03125","0.03125","0.03125"
"420279","0.03125","0.03125","0.03125"
"420293","0.03125","0.03125","0.03125"
"430220","0.09375","0.09375","0.09375"
"430226","0.09375","0.09375","0.09375"
"430229","0.03125","0.03125","0.03125"
"430260","0.0625","0.0625","0.0625"
"430282","0.1875","0.1875","0.1875"
"440231","0.03125","0.03125","0.03125"
"440233","0","0","0"
"440256","0.125","0.125","0.125"
"440262","0.046875","0.03125","0.0625"
"450250","0.03125","0.03125","0.03125"
"450255","0.0625","0.0625","0.0625"
"450266","0.09375","0.09375","0.09375"
"450273","0","0","0"
"450277","0.125","0.125","0.125"
"460234","0.0625","0.0625","0.0625"
"460250","0.125","0.125","0.125"
"460254","0.0625","0.0625","0.0625"
"460285","0.0625","0.0625","0.0625"
"460327","0.03125","0.03125","0.03125"
"470224","0.09375","0.09375","0.09375"
"470230","0","0","0"
"470254","0.0625","0.0625","0.0625"
"470260","0.09375","0.09375","0.09375"
"470273","0.0625","0.0625","0.0625"
"480238","0","0","0"
"480241","0.0625","0.0625","0.0625"
"480245","0","0","0"
"480250","0.15625","0.15625","0.15625"
"480266","0","0","0"
"490227","0.03125","0.03125","0.03125"
"490232","0.09375","0.09375","0.09375"
"490247","0.09375","0.09375","0.09375"
"490250","0.0625","0.0625","0.0625"
"490268","0","0","0"
"500223","0.03125","0.03125","0.03125"
"500227","0.21875","0.21875","0.21875"
"500244","0.03125","0.03125","0.03125"
"500245","0.03125","0.03125","0.03125"
"500313","0.125","0.125","0.125"
"510227","0","0","0"
"510234","0.09375","0.09375","0.09375"
"510247","0.03125","0.03125","0.03125"
"510267","0.1875","0.1875","0.1875"
"510271","0.09375","0.09375","0.09375"
"520243","0.125","0.125","0.125"
"520249","0.0625","0.0625","0.0625"
"520252","0.09375","0.09375","0.09375"
"520314","0.03125","0.03125","0.03125"
"530230","0.09375","0.09375","0.09375"
"530231","0.0625","0.0625","0.0625"
"530244","0.0625","0.0625","0.0625"
"530266","0.09375","0.09375","0.09375"
"530275","0.09375","0.09375","0.09375"
"540220","0.09375","0.09375","0.09375"
"540228","0.03125","0.03125","0.03125"
"540242","0.125","0.125","0.125"
"540250","0.125","0.125","0.125"
"540256","0","0","0"
"550225","0.03125","0.03125","0.03125"
"550243","0.03125","0.03125","0.03125"
"550244","0.125","0.125","0.125"
"550263","0.09375","0.09375","0.09375"
"550274","0.03125","0.03125","0.03125"
"560220","0.125","0.125","0.125"
"560232","0.21875","0.21875","0.21875"
"560243","0.125","0.125","0.125"
"560261","0.125","0.125","0.125"
"560281","0.03125","0.03125","0.03125"
"570227","0.09375","0.09375","0.09375"
"570228","0.09375","0.09375","0.09375"
"570232","0.0625","0.0625","0.0625"
"570235","0.0625","0.0625","0.0625"
"570239","0.15625","0.15625","0.15625"
"580234","0.03125","0.03125","0.03125"
"580249","0.03125","0.03125","0.03125"
"580251","0.09375","0.09375","0.09375"
"580254","0.09375","0.09375","0.09375"
"580259","0.1875","0.1875","0.1875"
"590236","0.0625","0.0625","0.0625"
"590245","0.0625","0.0625","0.0625"
"590254","0.09375","0.09375","0.09375"
"590275","0.125","0.125","0.125"
"590280","0.09375","0.09375","0.09375"
"600222","0.1875","0.1875","0.1875"
"600228","0.09375","0.09375","0.09375"
"600230","0.15625","0.15625","0.15625"
"600240","0.03125","0.03125","0.03125"
"600253","0.09375","0.09375","0.09375"
"610227","0","0","0"
"610238","0.09375","0.03125","0.15625"
"610276","0.09375","0.09375","0.09375"
"610342","0.0625","0.0625","0.0625"
"620225","0.0625","0.0625","0.0625"
"620235","0.0625","0.0625","0.0625"
"620266","0.125","0.125","0.125"
"620283","0.09375","0.09375","0.09375"
"620288","0.15625","0.15625","0.15625"
"630242","0.09375","0.09375","0.09375"
"630248","0.0625","0.0625","0.0625"
"630260","0.0625","0.0625","0.0625"
"630263","0.125","0.125","0.125"
"630341","0","0","0"
"640229","0.125","0.125","0.125"
"640254","0.15625","0.15625","0.15625"
"640257","0.09375","0.09375","0.09375"
"640259","0.03125","0.03125","0.03125"
"640278","0.0625","0.0625","0.0625"
"650226","0.15625","0.15625","0.15625"
"650237","0.15625","0.15625","0.15625"
"650252","0.125","0.125","0.125"
"650276","0.09375","0.09375","0.09375"
"650287","0.09375","0.09375","0.09375"
"660223","0.09375","0.09375","0.09375"
"660229","0.03125","0.03125","0.03125"
"660265","0.125","0.125","0.125"
"660280","0.09375","0.09375","0.09375"
"660296","0.0625","0.0625","0.0625"
"670222","0.09375","0.09375","0.09375"
"670225","0.03125","0.03125","0.03125"
"670228","0.15625","0.15625","0.15625"
"670234","0.0625","0.0625","0.0625"
"670280","0.125","0.125","0.125"
"680220","0.15625","0.15625","0.15625"
"680234","0.09375","0.09375","0.09375"
"680266","0.125","0.125","0.125"
"680269","0.125","0.125","0.125"
"680281","0.09375","0.09375","0.09375"
"690225","0.0625","0.0625","0.0625"
"690233","0.0625","0.0625","0.0625"
"690254","0.0625","0.0625","0.0625"
"690266","0.09375","0.09375","0.09375"
"690278","0.15625","0.15625","0.15625"
"700223","0.03125","0.03125","0.03125"
"700245","0.09375","0.09375","0.09375"
"700267","0.1875","0.1875","0.1875"
"700278","0.03125","0.03125","0.03125"
"700294","0.125","0.125","0.125"
"710223","0.15625","0.15625","0.15625"
"710224","0.1875","0.1875","0.1875"
"710245","0.09375","0.09375","0.09375"
"710262","0.125","0.125","0.125"
"710302","0.09375","0.09375","0.09375"
"720239","0.1875","0.1875","0.1875"
"720243","0.0625","0.0625","0.0625"
"720247","0.09375","0.09375","0.09375"
"720266","0.09375","0.09375","0.09375"
"720391","0.125","0.125","0.125"
"730225","0.0625","0.0625","0.0625"
"730230","0.09375","0.09375","0.09375"
"730259","0.15625","0.15625","0.15625"
"730267","0.1875","0.1875","0.1875"
"730288","0.125","0.125","0.125"
"740221","0.1875","0.1875","0.1875"
"740228","0.140625","0.125","0.15625"
"740246","0.125","0.125","0.125"
"740264","0","0","0"
"750250","0.0625","0.0625","0.0625"
"750253","0.109375","0.09375","0.125"
"750255","0.21875","0.21875","0.21875"
"750262","0.1875","0.1875","0.1875"
"760220","0.0625","0.0625","0.0625"
"760227","0.125","0.125","0.125"
"760241","0.09375","0.09375","0.09375"
"760249","0.15625","0.15625","0.15625"
"760301","0.125","0.125","0.125"
"770232","0.0625","0.0625","0.0625"
"770247","0.125","0.125","0.125"
"770250","0.09375","0.09375","0.09375"
"770266","0.125","0.125","0.125"
"770283","0.0625","0.0625","0.0625"
"780231","0.0625","0.03125","0.09375"
"780257","0.0625","0.0625","0.0625"
"780267","0.21875","0.21875","0.21875"
"780280","0.09375","0.09375","0.09375"
"790235","0.125","0.125","0.125"
"790245","0.1875","0.1875","0.1875"
"790248","0.125","0.125","0.125"
"790273","0.21875","0.21875","0.21875"
"790300","0.09375","0.09375","0.09375"
"800222","0.09375","0.09375","0.09375"
"800253","0","0","0"
"800259","0.109375","0.09375","0.125"
"800263","0.25","0.25","0.25"
"810221","0.09375","0.09375","0.09375"
"810257","0.0625","0.0625","0.0625"
"810265","0.21875","0.21875","0.21875"
"810270","0.15625","0.15625","0.15625"
"810273","0.0625","0.0625","0.0625"
"820228","0.21875","0.21875","0.21875"
"820237","0.03125","0.03125","0.03125"
"820256","0.15625","0.15625","0.15625"
"820305","0.03125","0.03125","0.03125"
"820310","0.25","0.25","0.25"
"830229","0.09375","0.09375","0.09375"
"830248","0.125","0.125","0.125"
"830251","0.15625","0.15625","0.15625"
"830275","0.28125","0.28125","0.28125"
"830277","0.1875","0.1875","0.1875"
"840232","0.0625","0.0625","0.0625"
"840245","0.1875","0.1875","0.1875"
"840247","0.125","0.125","0.125"
"840257","0.125","0.125","0.125"
"840266","0.09375","0.09375","0.09375"
"850246","0.15625","0.15625","0.15625"
"850256","0.15625","0.15625","0.15625"
"850258","0.25","0.25","0.25"
"850275","0.21875","0.21875","0.21875"
"850289","0.09375","0.09375","0.09375"
"860244","0.0625","0.0625","0.0625"
"860249","0.15625","0.15625","0.15625"
"860271","0.21875","0.21875","0.21875"
"860282","0.03125","0.03125","0.03125"
"860283","0.09375","0.09375","0.09375"
"870235","0.0625","0.0625","0.0625"
"870241","0.125","0.125","0.125"
"870256","0.125","0.125","0.125"
"870300","0.3125","0.3125","0.3125"
"870314","0.09375","0.09375","0.09375"
"880234","0.125","0.125","0.125"
"880251","0.1875","0.1875","0.1875"
"880254","0.03125","0.03125","0.03125"
"880257","0.1875","0.1875","0.1875"
"880258","0.1875","0.1875","0.1875"
"890245","0.09375","0.09375","0.09375"
"890248","0.125","0.125","0.125"
"890254","0.15625","0.15625","0.15625"
"890259","0.09375","0.09375","0.09375"
"890291","0.03125","0.03125","0.03125"
"900220","0.28125","0.28125","0.28125"
"900224","0.1875","0.1875","0.1875"
"900229","0.28125","0.28125","0.28125"
"900237","0.21875","0.21875","0.21875"
"900276","0.1875","0.1875","0.1875"
"910230","0.140625","0.125","0.15625"
"910242","0.125","0.125","0.125"
"910259","0.0625","0.0625","0.0625"
"910267","0.125","0.125","0.125"
"920221","0.125","0.125","0.125"
"920237","0.28125","0.28125","0.28125"
"920274","0.34375","0.34375","0.34375"
"920279","0.1875","0.1875","0.1875"
"920299","0.1875","0.1875","0.1875"
"930226","0.1875","0.1875","0.1875"
"930233","0.0625","0.0625","0.0625"
"930236","0.15625","0.15625","0.15625"
"930243","0.125","0.125","0.125"
"930255","0.21875","0.21875","0.21875"
"940259","0.09375","0.09375","0.09375"
"940264","0","0","0"
"940269","0.125","0.125","0.125"
"940272","0.09375","0.09375","0.09375"
"940278","0.1875","0.1875","0.1875"
"950234","0.03125","0.03125","0.03125"
"950257","0.15625","0.15625","0.15625"
"950261","0.09375","0.09375","0.09375"
"950283","0.125","0.125","0.125"
"950311","0.03125","0.03125","0.03125"
"960241","0.21875","0.21875","0.21875"
"960276","0.09375","0.09375","0.09375"
"960283","0.1875","0.1875","0.1875"
"960311","0.09375","0.09375","0.09375"
"960324","0.09375","0.09375","0.09375"
"970241","0.09375","0.09375","0.09375"
"970250","0.28125","0.28125","0.28125"
"970258","0.09375","0.09375","0.09375"
"970269","0.125","0.125","0.125"
"970299","0.0625","0.0625","0.0625"
"980227","0.15625","0.15625","0.15625"
"980235","0.21875","0.21875","0.21875"
"980249","0.15625","0.15625","0.15625"
"980253","0.28125","0.28125","0.28125"
"980276","0.1875","0.1875","0.1875"
"990222","0.125","0.125","0.125"
"990233","0.15625","0.15625","0.15625"
"990276","0.15625","0.15625","0.15625"
"990279","0.125","0.125","0.125"
"1000225","0.25","0.25","0.25"
"1000255","0.125","0.125","0.125"
"1000259","0.21875","0.21875","0.21875"
"1000269","0.21875","0.21875","0.21875"
"1000271","0.3125","0.3125","0.3125"
"1010233","0.15625","0.15625","0.15625"
"1010243","0.1875","0.1875","0.1875"
"1010250","0.25","0.25","0.25"
"1010256","0.09375","0.09375","0.09375"
"1010296","0.1875","0.1875","0.1875"
"1020226","0.0625","0.0625","0.0625"
"1020240","0.15625","0.15625","0.15625"
"1020248","0.15625","0.15625","0.15625"
"1020271","0.21875","0.21875","0.21875"
"1020288","0.125","0.125","0.125"
"1030242","0.125","0.125","0.125"
"1030257","0.21875","0.21875","0.21875"
"1030270","0.125","0.125","0.125"
"1030301","0.171875","0.0625","0.28125"
"1040238","0.1875","0.1875","0.1875"
"1040239","0.15625","0.15625","0.15625"
"1040243","0.03125","0.03125","0.03125"
"1040244","0.21875","0.21875","0.21875"
"1040275","0.21875","0.21875","0.21875"
"1050225","0.25","0.25","0.25"
"1050226","0.25","0.25","0.25"
"1050231","0.1875","0.1875","0.1875"
"1050254","0.15625","0.15625","0.15625"
"1050258","0.0625","0.0625","0.0625"
"1060221","0.21875","0.21875","0.21875"
"1060236","0.0625","0.0625","0.0625"
"1060265","0.125","0.125","0.125"
"1060272","0.28125","0.28125","0.28125"
"1060283","0.125","0.125","0.125"
"1070238","0.21875","0.21875","0.21875"
"1070241","0.15625","0.15625","0.15625"
"1070253","0.09375","0.09375","0.09375"
"1070265","0","0","0"
"1070279","0.21875","0.21875","0.21875"
"1080222","0.15625","0.15625","0.15625"
"1080224","0.09375","0.09375","0.09375"
"1080226","0.09375","0.09375","0.09375"
"1080227","0.125","0.125","0.125"
"1080278","0.125","0.125","0.125"
"1090220","0.15625","0.15625","0.15625"
"1090243","0.125","0.125","0.125"
"1090271","0.1875","0.1875","0.1875"
"1090286","0.125","0.125","0.125"
"1090294","0.1875","0.1875","0.1875"
"1100228","0.125","0.125","0.125"
"1100241","0.1875","0.1875","0.1875"
"1100243","0.21875","0.21875","0.21875"
"1100263","0.15625","0.15625","0.15625"
"1100282","0.1875","0.1875","0.1875"
"1110255","0.15625","0.15625","0.15625"
"1110260","0.21875","0.21875","0.21875"
"1110262","0.15625","0.15625","0.15625"
"1110271","0.0625","0.0625","0.0625"
"1110289","0.21875","0.21875","0.21875"
"1120221","0.25","0.25","0.25"
"1120226","0.125","0.125","0.125"
"1120234","0.15625","0.15625","0.15625"
"1120282","0.09375","0.09375","0.09375"
"1120283","0.25","0.25","0.25"
"1130225","0.09375","0.09375","0.09375"
"1130230","0.15625","0.15625","0.15625"
"1130242","0.1875","0.1875","0.1875"
"1130245","0.1875","0.1875","0.1875"
"1130275","0.09375","0.09375","0.09375"
"1140226","0.28125","0.28125","0.28125"
"1140258","0.125","0.125","0.125"
"1140268","0.1875","0.1875","0.1875"
"1140279","0.15625","0.15625","0.15625"
"1140288","0.25","0.25","0.25"
"1150246","0.21875","0.21875","0.21875"
"1150264","0.09375","0.09375","0.09375"
"1150279","0.0625","0.0625","0.0625"
"1150301","0.15625","0.15625","0.15625"
"1160266","0.1875","0.15625","0.21875"
"1160272","0.09375","0.09375","0.09375"
"1160276","0.171875","0.09375","0.25"
"1170225","0.21875","0.21875","0.21875"
"1170257","0.125","0.125","0.125"
"1170260","0.0625","0.0625","0.0625"
"1170263","0.25","0.25","0.25"
"1170312","0.25","0.25","0.25"
"1180226","0.15625","0.15625","0.15625"
"1180231","0.125","0.125","0.125"
"1180261","0.1875","0.1875","0.1875"
"1180264","0.09375","0.09375","0.09375"
"1190230","0.1875","0.1875","0.1875"
"1190234","0.125","0.125","0.125"
"1190244","0.125","0.125","0.125"
"1190245","0.09375","0.09375","0.09375"
"1190320","0.09375","0.09375","0.09375"
"1200231","0.15625","0.15625","0.15625"
"1200236","0.40625","0.40625","0.40625"
"1200261","0.125","0.125","0.125"
"1200263","0.25","0.25","0.25"
"1200269","0.125","0.125","0.125"
"1210220","0.25","0.25","0.25"
"1210224","0.125","0.125","0.125"
"1210240","0.09375","0.09375","0.09375"
"1210242","0.15625","0.15625","0.15625"
"1210308","0.25","0.25","0.25"
"1220224","0.125","0.125","0.125"
"1220234","0.0625","0.0625","0.0625"
"1220254","0.1875","0.1875","0.1875"
"1220280","0.25","0.25","0.25"
"1220294","0.25","0.25","0.25"
"1230236","0.125","0.125","0.125"
"1230263","0.125","0.125","0.125"
"1230277","0.15625","0.15625","0.15625"
"1230287","0.09375","0.09375","0.09375"
"1230333","0.09375","0.09375","0.09375"
"1240223","0.1875","0.1875","0.1875"
"1240233","0.1875","0.1875","0.1875"
"1240238","0.125","0.125","0.125"
"1240263","0.1875","0.1875","0.1875"
"1240287","0.21875","0.21875","0.21875"
"1250223","0.25","0.25","0.25"
"1250231","0.25","0.25","0.25"
"1250243","0.125","0.125","0.125"
"1250249","0.21875","0.21875","0.21875"
"1250269","0.28125","0.28125","0.28125"
"1260236","0.3125","0.3125","0.3125"
"1260239","0.09375","0.09375","0.09375"
"1260241","0.140625","0.09375","0.1875"
"1260278","0.15625","0.15625","0.15625"
"1270247","0.140625","0.0625","0.21875"
"1270265","0.21875","0.21875","0.21875"
"1270271","0.25","0.25","0.25"
"1270275","0.125","0.125","0.125"
"1280224","0.125","0.0625","0.1875"
"1280234","0.21875","0.21875","0.21875"
"1280270","0.25","0.25","0.25"
"1280279","0.1875","0.1875","0.1875"
"1290225","0.15625","0.15625","0.15625"
"1290227","0.125","0.125","0.125"
"1290233","0.21875","0.21875","0.21875"
"1290240","0.1875","0.1875","0.1875"
"1290294","0.125","0.125","0.125"
"1300220","0.15625","0.15625","0.15625"
"1300239","0.1875","0.1875","0.1875"
"1300247","0.3125","0.3125","0.3125"
"1300268","0.125","0.125","0.125"
"1300277","0.34375","0.34375","0.34375"
"1310248","0.25","0.25","0.25"
"1310255","0.1875","0.1875","0.1875"
"1310259","0.28125","0.28125","0.28125"
"1310272","0.15625","0.15625","0.15625"
"1310278","0.28125","0.28125","0.28125"
"1320227","0.125","0.125","0.125"
"1320255","0.28125","0.28125","0.28125"
"1320263","0.09375","0.09375","0.09375"
"1320273","0.125","0.125","0.125"
"1320285","0.21875","0.21875","0.21875"
"1330225","0.34375","0.34375","0.34375"
"1330241","0.28125","0.28125","0.28125"
"1330260","0.0625","0.0625","0.0625"
"1330312","0.09375","0.09375","0.09375"
"1330322","0.1875","0.1875","0.1875"
"1340220","0.0625","0.0625","0.0625"
"1340247","0.25","0.25","0.25"
"1340268","0.1875","0.1875","0.1875"
"1340271","0.28125","0.28125","0.28125"
"1340333","0.21875","0.21875","0.21875"
"1350226","0.125","0.125","0.125"
"1350228","0.15625","0.15625","0.15625"
"1350247","0.1875","0.1875","0.1875"
"1350258","0.09375","0.09375","0.09375"
"1350282","0.1875","0.1875","0.1875"
"1360230","0.3125","0.3125","0.3125"
"1360233","0.21875","0.21875","0.21875"
"1360240","0.1875","0.1875","0.1875"
"1360241","0.21875","0.21875","0.21875"
"1360256","0.1875","0.1875","0.1875"
"1370225","0.0625","0.0625","0.0625"
"1370256","0.21875","0.21875","0.21875"
"1370264","0.1875","0.1875","0.1875"
"1370286","0.1875","0.1875","0.1875"
"1370289","0.1875","0.1875","0.1875"
"1380224","0.15625","0.15625","0.15625"
"1380228","0.3125","0.3125","0.3125"
"1380250","0.125","0.125","0.125"
"1380261","0.15625","0.15625","0.15625"
"1380264","0.09375","0.09375","0.09375"
"1390224","0.21875","0.21875","0.21875"
"1390232","0.09375","0.09375","0.09375"
"1390253","0","0","0"
"1390268","0.1875","0.1875","0.1875"
"1390270","0.1875","0.1875","0.1875"
"1400224","0.25","0.25","0.25"
"1400239","0.1875","0.1875","0.1875"
"1400240","0.1875","0.1875","0.1875"
"1400271","0.3125","0.3125","0.3125"
"1400294","0.15625","0.15625","0.15625"
"1410221","0.125","0.125","0.125"
"1410245","0.09375","0.09375","0.09375"
"1410249","0.3125","0.3125","0.3125"
"1410269","0.125","0.125","0.125"
"1410322","0.15625","0.15625","0.15625"
"1420235","0.09375","0.09375","0.09375"
"1420240","0.15625","0.15625","0.15625"
"1420254","0.21875","0.21875","0.21875"
"1420265","0.21875","0.21875","0.21875"
"1420282","0.25","0.25","0.25"
"1430227","0.0625","0.0625","0.0625"
"1430238","0.28125","0.28125","0.28125"
"1430241","0.34375","0.34375","0.34375"
"1430248","0.125","0.125","0.125"
"1430351","0.28125","0.28125","0.28125"
"1440231","0.21875","0.21875","0.21875"
"1440253","0.21875","0.21875","0.21875"
"1440256","0.15625","0.15625","0.15625"
"1440292","0.21875","0.21875","0.21875"
"1440298","0.15625","0.15625","0.15625"
"1450243","0.40625","0.40625","0.40625"
"1450253","0.125","0.125","0.125"
"1450260","0.21875","0.21875","0.21875"
"1450266","0.1875","0.1875","0.1875"
"1450308","0.25","0.25","0.25"
"1460258","0.1875","0.1875","0.1875"
"1460261","0.1875","0.1875","0.1875"
"1460267","0.125","0.125","0.125"
"1460271","0.25","0.25","0.25"
"1460282","0.21875","0.21875","0.21875"
"1470220","0.125","0.125","0.125"
"1470240","0.25","0.25","0.25"
"1470244","0.25","0.25","0.25"
"1470285","0.25","0.25","0.25"
"1470288","0.15625","0.15625","0.15625"
"1480228","0.125","0.125","0.125"
"1480236","0.1875","0.1875","0.1875"
"1480237","0.125","0.125","0.125"
"1480257","0.09375","0.09375","0.09375"
"1480266","0.375","0.375","0.375"
"1490246","0.28125","0.28125","0.28125"
"1490253","0.25","0.25","0.25"
"1490280","0.03125","0.03125","0.03125"
"1490301","0.4375","0.4375","0.4375"
"1490315","0.25","0.25","0.25"
"1500242","0.1875","0.1875","0.1875"
"1500245","0.15625","0.15625","0.15625"
"1500248","0.15625","0.15625","0.15625"
"1500258","0.34375","0.34375","0.34375"
"1500262","0.46875","0.46875","0.46875"
"1510221","0.28125","0.28125","0.28125"
"1510250","0.25","0.25","0.25"
"1510258","0.15625","0.15625","0.15625"
"1510282","0.1875","0.1875","0.1875"
"1510292","0.21875","0.21875","0.21875"
"1520228","0.21875","0.21875","0.21875"
"1520235","0.34375","0.34375","0.34375"
"1520239","0.1875","0.1875","0.1875"
"1520248","0.09375","0.09375","0.09375"
"1520270","0.09375","0.09375","0.09375"
"1530232","0.125","0.125","0.125"
"1530248","0.15625","0.15625","0.15625"
"1530272","0.1875","0.1875","0.1875"
"1530283","0.46875","0.46875","0.46875"
"1530338","0.3125","0.3125","0.3125"
"1540221","0.28125","0.28125","0.28125"
"1540246","0.1875","0.1875","0.1875"
"1540265","0.3125","0.3125","0.3125"
"1540274","0.1875","0.1875","0.1875"
"1540294","0.15625","0.15625","0.15625"
"1550255","0.21875","0.21875","0.21875"
"1550263","0.21875","0.21875","0.21875"
"1550266","0.28125","0.28125","0.28125"
"1550275","0.28125","0.28125","0.28125"
"1550280","0.34375","0.34375","0.34375"
"1560227","0.1875","0.1875","0.1875"
"1560232","0.15625","0.15625","0.15625"
"1560235","0.21875","0.21875","0.21875"
"1560269","0.375","0.375","0.375"
"1560287","0.25","0.25","0.25"
"1570227","0.125","0.125","0.125"
"1570254","0.21875","0.21875","0.21875"
"1570265","0.25","0.25","0.25"
"1570276","0.21875","0.21875","0.21875"
"1570282","0.15625","0.15625","0.15625"
"1580226","0.28125","0.28125","0.28125"
"1580256","0.34375","0.34375","0.34375"
"1580273","0.21875","0.21875","0.21875"
"1580283","0.15625","0.15625","0.15625"
"1580290","0.3125","0.3125","0.3125"
"1590233","0.375","0.375","0.375"
"1590265","0.1875","0.1875","0.1875"
"1590269","0.1875","0.1875","0.1875"
"1590272","0.3125","0.3125","0.3125"
"1590277","0.25","0.25","0.25"
"1600225","0.15625","0.15625","0.15625"
"1600262","0.125","0.125","0.125"
"1600270","0.125","0.125","0.125"
"1600286","0.15625","0.15625","0.15625"
"1600301","0.1875","0.1875","0.1875"
"1610224","0.1875","0.1875","0.1875"
"1610228","0.3125","0.3125","0.3125"
"1610260","0.28125","0.28125","0.28125"
"1610274","0.1875","0.1875","0.1875"
"1610310","0.3125","0.3125","0.3125"
"1620228","0.3125","0.3125","0.3125"
"1620240","0.125","0.125","0.125"
"1620245","0.3125","0.3125","0.3125"
"1620271","0.34375","0.34375","0.34375"
"1620308","0.21875","0.21875","0.21875"
"1630246","0.4375","0.4375","0.4375"
"1630260","0.1875","0.1875","0.1875"
"1630287","0.1875","0.1875","0.1875"
"1630288","0.25","0.25","0.25"
"1630326","0.375","0.375","0.375"
"1640227","0.21875","0.21875","0.21875"
"1640247","0.25","0.25","0.25"
"1640248","0.28125","0.28125","0.28125"
"1640279","0.09375","0.09375","0.09375"
"1640329","0.28125","0.28125","0.28125"
"1650247","0.28125","0.28125","0.28125"
"1650248","0.15625","0.15625","0.15625"
"1650253","0.34375","0.34375","0.34375"
"1650267","0.125","0.125","0.125"
"1650297","0.15625","0.15625","0.15625"
"1660229","0.125","0.125","0.125"
"1660237","0.1875","0.1875","0.1875"
"1660265","0.25","0.25","0.25"
"1660276","0.125","0.125","0.125"
"1660305","0.15625","0.15625","0.15625"
"1670229","0.34375","0.34375","0.34375"
"1670230","0.25","0.25","0.25"
"1670268","0.25","0.25","0.25"
"1670269","0.28125","0.28125","0.28125"
"1670316","0.3125","0.3125","0.3125"
"1680222","0.1875","0.1875","0.1875"
"1680243","0.1875","0.1875","0.1875"
"1680245","0.125","0.125","0.125"
"1680311","0.28125","0.28125","0.28125"
"1680341","0.21875","0.21875","0.21875"
"1690222","0.21875","0.21875","0.21875"
"1690238","0.3125","0.3125","0.3125"
"1690243","0.3125","0.3125","0.3125"
"1690279","0.21875","0.21875","0.21875"
"1700225","0.09375","0.09375","0.09375"
"1700237","0.125","0.125","0.125"
"1700263","0.21875","0.21875","0.21875"
"1700277","0.21875","0.21875","0.21875"
"1700286","0.28125","0.28125","0.28125"
"1710240","0.25","0.25","0.25"
"1710244","0.4375","0.4375","0.4375"
"1710254","0.1875","0.1875","0.1875"
"1710267","0.25","0.25","0.25"
"1710280","0.125","0.125","0.125"
"1720241","0.25","0.25","0.25"
"1720257","0.3125","0.3125","0.3125"
"1720282","0.234375","0.15625","0.3125"
"1720291","0.15625","0.15625","0.15625"
"1730229","0.15625","0.15625","0.15625"
"1730239","0.25","0.25","0.25"
"1730268","0.09375","0.09375","0.09375"
"1730277","0.15625","0.15625","0.15625"
"1730288","0.1875","0.1875","0.1875"
"1740224","0.21875","0.21875","0.21875"
"1740238","0.25","0.25","0.25"
"1740258","0.25","0.25","0.25"
"1740275","0.09375","0.09375","0.09375"
"1740302","0.28125","0.28125","0.28125"
"1750252","0.125","0.125","0.125"
"1750264","0.0625","0.0625","0.0625"
"1750274","0.28125","0.28125","0.28125"
"1750275","0.25","0.25","0.25"
"1750300","0.40625","0.40625","0.40625"
"1760246","0.34375","0.34375","0.34375"
"1760259","0.15625","0.15625","0.15625"
"1760272","0.46875","0.46875","0.46875"
"1760274","0.28125","0.28125","0.28125"
"1760324","0.34375","0.34375","0.34375"
"1770226","0.25","0.25","0.25"
"1770250","0.125","0.125","0.125"
"1770260","0.25","0.25","0.25"
"1770273","0.28125","0.28125","0.28125"
"1770285","0.3125","0.3125","0.3125"
"1780221","0.15625","0.15625","0.15625"
"1780226","0.1875","0.1875","0.1875"
"1780256","0.15625","0.15625","0.15625"
"1780283","0.21875","0.21875","0.21875"
"1780319","0.28125","0.28125","0.28125"
"1790225","0.15625","0.15625","0.15625"
"1790238","0.21875","0.21875","0.21875"
"1790247","0.28125","0.28125","0.28125"
"1790258","0.15625","0.15625","0.15625"
"1790267","0.375","0.375","0.375"
"1800252","0.21875","0.21875","0.21875"
"1800261","0.125","0.125","0.125"
"1800266","0.4375","0.4375","0.4375"
"1800276","0.4375","0.4375","0.4375"
"1800285","0.3125","0.3125","0.3125"
"1810230","0.1875","0.1875","0.1875"
"1810249","0.1875","0.1875","0.1875"
"1810255","0.3125","0.3125","0.3125"
"1810272","0.3125","0.3125","0.3125"
"1810278","0.1875","0.1875","0.1875"
"1820238","0.15625","0.15625","0.15625"
"1820242","0.34375","0.34375","0.34375"
"1820255","0.25","0.25","0.25"
"1820283","0.40625","0.40625","0.40625"
"1820294","0.3125","0.3125","0.3125"
"1830245","0.28125","0.28125","0.28125"
"1830250","0.15625","0.09375","0.21875"
"1830286","0.25","0.25","0.25"
"1830402","0.21875","0.21875","0.21875"
"1840222","0.34375","0.34375","0.34375"
"1840250","0.3125","0.3125","0.3125"
"1840259","0.3125","0.3125","0.3125"
"1840267","0.296875","0.1875","0.40625"
"1850233","0.25","0.25","0.25"
"1850261","0.0625","0.0625","0.0625"
"1850270","0.1875","0.1875","0.1875"
"1850283","0.3125","0.3125","0.3125"
"1850328","0.28125","0.28125","0.28125"
"1860230","0.125","0.125","0.125"
"1860233","0.28125","0.28125","0.28125"
"1860237","0.375","0.375","0.375"
"1860240","0.375","0.375","0.375"
"1860313","0.15625","0.15625","0.15625"
"1870230","0.25","0.25","0.25"
"1870253","0.21875","0.1875","0.25"
"1870286","0.21875","0.21875","0.21875"
"1870287","0.15625","0.15625","0.15625"
"1880227","0.25","0.25","0.25"
"1880269","0.25","0.25","0.25"
"1880270","0.3125","0.3125","0.3125"
"1880272","0.21875","0.21875","0.21875"
"1880302","0.375","0.375","0.375"
"1890223","0.34375","0.34375","0.34375"
"1890226","0.28125","0.28125","0.28125"
"1890232","0.28125","0.28125","0.28125"
"1890254","0.1875","0.1875","0.1875"
"1890281","0.21875","0.21875","0.21875"
"1900230","0.15625","0.15625","0.15625"
"1900235","0.4375","0.4375","0.4375"
"1900239","0.28125","0.28125","0.28125"
"1900257","0.03125","0.03125","0.03125"
"1900300","0.21875","0.21875","0.21875"
"1910227","0.125","0.125","0.125"
"1910236","0.1875","0.1875","0.1875"
"1910252","0.28125","0.28125","0.28125"
"1910254","0.125","0.125","0.125"
"1910285","0.21875","0.21875","0.21875"
"1920243","0.34375","0.34375","0.34375"
"1920256","0.375","0.375","0.375"
"1920267","0.21875","0.21875","0.21875"
"1920276","0.25","0.25","0.25"
"1920309","0.3125","0.3125","0.3125"
"1930237","0.21875","0.21875","0.21875"
"1930240","0.1875","0.1875","0.1875"
"1930247","0.125","0.125","0.125"
"1930266","0.1875","0.1875","0.1875"
"1930281","0.46875","0.46875","0.46875"
"1940223","0.3125","0.3125","0.3125"
"1940227","0.125","0.125","0.125"
"1940275","0.25","0.25","0.25"
"1940278","0.375","0.375","0.375"
"1940328","0.15625","0.15625","0.15625"
"1950221","0.34375","0.34375","0.34375"
"1950249","0.25","0.25","0.25"
"1950265","0.25","0.25","0.25"
"1950277","0.1875","0.1875","0.1875"
"1950290","0.25","0.25","0.25"
"1960255","0.21875","0.21875","0.21875"
"1960275","0.09375","0.09375","0.09375"
"1960279","0.28125","0.28125","0.28125"
"1960284","0.28125","0.28125","0.28125"
"1960287","0.40625","0.40625","0.40625"
"1970223","0.28125","0.28125","0.28125"
"1970226","0.28125","0.28125","0.28125"
"1970241","0.1875","0.1875","0.1875"
"1970243","0.1875","0.1875","0.1875"
"1970257","0.375","0.375","0.375"
"1980235","0.1875","0.1875","0.1875"
"1980243","0.125","0.125","0.125"
"1980250","0.28125","0.28125","0.28125"
"1980269","0.3125","0.3125","0.3125"
"1980290","0.25","0.25","0.25"
"1990248","0.21875","0.21875","0.21875"
"1990258","0.21875","0.21875","0.21875"
"1990259","0.21875","0.21875","0.21875"
"1990269","0.40625","0.40625","0.40625"
"1990290","0.1875","0.1875","0.1875"
"2000227","0.40625","0.40625","0.40625"
"2000230","0.09375","0.09375","0.09375"
"2000247","0.28125","0.28125","0.28125"
"2000265","0.1875","0.1875","0.1875"
"2000290","0.28125","0.28125","0.28125"
"2010229","0.28125","0.28125","0.28125"
"2010237","0.21875","0.21875","0.21875"
"2010241","0.25","0.25","0.25"
"2010264","0.0625","0.0625","0.0625"
"2010277","0.34375","0.34375","0.34375"
"2020237","0.0625","0.0625","0.0625"
"2020240","0.21875","0.21875","0.21875"
"2020268","0.28125","0.28125","0.28125"
"2020274","0.15625","0.15625","0.15625"
"2020282","0.25","0.25","0.25"
"2030240","0.1875","0.1875","0.1875"
"2030263","0.25","0.25","0.25"
"2030266","0.1875","0.1875","0.1875"
"2030268","0.21875","0.21875","0.21875"
"2030271","0.1875","0.1875","0.1875"
"2040225","0.1875","0.1875","0.1875"
"2040245","0.3125","0.3125","0.3125"
"2040270","0.234375","0.15625","0.3125"
"2040286","0.15625","0.15625","0.15625"
"2050232","0.15625","0.15625","0.15625"
"2050237","0.21875","0.21875","0.21875"
"2050243","0.3125","0.3125","0.3125"
"2050255","0.3125","0.3125","0.3125"
"2050281","0.15625","0.15625","0.15625"
"2060233","0.28125","0.28125","0.28125"
"2060234","0.28125","0.28125","0.28125"
"2060248","0.28125","0.28125","0.28125"
"2060258","0.09375","0.09375","0.09375"
"2060278","0.34375","0.34375","0.34375"
"2070221","0.25","0.25","0.25"
"2070240","0.25","0.25","0.25"
"2070257","0.3125","0.3125","0.3125"
"2070262","0.1875","0.1875","0.1875"
"2070276","0.09375","0.09375","0.09375"
"2080233","0.15625","0.15625","0.15625"
"2080238","0.3125","0.3125","0.3125"
"2080245","0.5","0.5","0.5"
"2080252","0.34375","0.34375","0.34375"
"2080269","0.28125","0.28125","0.28125"
"2090220","0.21875","0.21875","0.21875"
"2090228","0.21875","0.1875","0.25"
"2090235","0.1875","0.1875","0.1875"
"2090294","0.53125","0.53125","0.53125"
"2100225","0.3125","0.3125","0.3125"
"2100239","0.1875","0.1875","0.1875"
"2100250","0.125","0.125","0.125"
"2100260","0.4375","0.4375","0.4375"
"2100279","0.375","0.375","0.375"
"2110235","0.28125","0.28125","0.28125"
"2110242","0.3125","0.3125","0.3125"
"2110244","0.125","0.125","0.125"
"2110255","0.1875","0.1875","0.1875"
"2110263","0.375","0.375","0.375"
"2120231","0.25","0.25","0.25"
"2120233","0.09375","0.09375","0.09375"
"2120235","0.28125","0.28125","0.28125"
"2120269","0.28125","0.28125","0.28125"
"2120280","0.28125","0.28125","0.28125"
"2130221","0.15625","0.15625","0.15625"
"2130242","0.375","0.375","0.375"
"2130260","0.25","0.25","0.25"
"2130294","0.09375","0.09375","0.09375"
"2130329","0.40625","0.40625","0.40625"
"2140223","0.1875","0.1875","0.1875"
"2140265","0.25","0.25","0.25"
"2140278","0.21875","0.21875","0.21875"
"2140285","0.125","0.125","0.125"
"2140332","0.28125","0.28125","0.28125"
"2150224","0.21875","0.21875","0.21875"
"2150226","0.34375","0.34375","0.34375"
"2150257","0.3125","0.3125","0.3125"
"2150260","0.125","0.125","0.125"
"2150285","0.375","0.375","0.375"
"2160229","0.1875","0.1875","0.1875"
"2160242","0.1875","0.1875","0.1875"
"2160266","0.25","0.25","0.25"
"2160290","0.3125","0.3125","0.3125"
"2160332","0.3125","0.3125","0.3125"
"2170237","0.125","0.125","0.125"
"2170248","0.34375","0.34375","0.34375"
"2170260","0.375","0.375","0.375"
"2170261","0.3125","0.3125","0.3125"
"2170264","0.28125","0.28125","0.28125"
"2180228","0.25","0.25","0.25"
"2180254","0.25","0.25","0.25"
"2180259","0.1875","0.1875","0.1875"
"2180273","0.21875","0.21875","0.21875"
"2180315","0.40625","0.40625","0.40625"
"2190231","0.21875","0.21875","0.21875"
"2190240","0.0625","0.0625","0.0625"
"2190257","0.34375","0.34375","0.34375"
"2190279","0.28125","0.28125","0.28125"
"2190289","0.3125","0.3125","0.3125"
"2200226","0.15625","0.125","0.1875"
"2200227","0.21875","0.21875","0.21875"
"2200246","0.25","0.25","0.25"
"2200256","0.21875","0.21875","0.21875"
"2210240","0.25","0.25","0.25"
"2210255","0.09375","0.09375","0.09375"
"2210272","0.28125","0.28125","0.28125"
"2210292","0.28125","0.28125","0.28125"
"2210302","0.3125","0.3125","0.3125"
"2220227","0.375","0.375","0.375"
"2220230","0.1875","0.1875","0.1875"
"2220257","0.25","0.25","0.25"
"2220270","0.28125","0.28125","0.28125"
"2220286","0.21875","0.21875","0.21875"
"2230246","0.28125","0.28125","0.28125"
"2230277","0.375","0.375","0.375"
"2230303","0.1875","0.1875","0.1875"
"2230312","0.3125","0.3125","0.3125"
"2230318","0.21875","0.21875","0.21875"
"2240229","0.125","0.125","0.125"
"2240241","0.375","0.375","0.375"
"2240242","0.28125","0.28125","0.28125"
"2240245","0.28125","0.28125","0.28125"
"2240275","0.5625","0.5625","0.5625"
"2250242","0.59375","0.59375","0.59375"
"2250254","0.25","0.25","0.25"
"2250279","0.15625","0.15625","0.15625"
"2250289","0.15625","0.15625","0.15625"
"2250307","0.1875","0.1875","0.1875"
"2260223","0.21875","0.21875","0.21875"
"2260252","0.1875","0.1875","0.1875"
"2260253","0.28125","0.28125","0.28125"
"2260278","0.1875","0.1875","0.1875"
"2260287","0.34375","0.34375","0.34375"
"2270264","0.21875","0.21875","0.21875"
"2270266","0.28125","0.28125","0.28125"
"2270276","0.09375","0.09375","0.09375"
"2270294","0.21875","0.21875","0.21875"
"2270322","0.1875","0.1875","0.1875"
"2280224","0.34375","0.34375","0.34375"
"2280234","0.21875","0.21875","0.21875"
"2280243","0.1875","0.1875","0.1875"
"2280265","0.34375","0.34375","0.34375"
"2280290","0.1875","0.1875","0.1875"
"2290242","0.15625","0.15625","0.15625"
"2290249","0.34375","0.34375","0.34375"
"2290272","0.375","0.375","0.375"
"2290294","0.375","0.375","0.375"
"2290321","0.21875","0.21875","0.21875"
"2300235","0.34375","0.34375","0.34375"
"2300243","0.28125","0.28125","0.28125"
"2300251","0.375","0.375","0.375"
"2300263","0.21875","0.21875","0.21875"
"2300274","0.3125","0.3125","0.3125"
"2310226","0.125","0.125","0.125"
"2310245","0.3125","0.3125","0.3125"
"2310270","0.4375","0.4375","0.4375"
"2310273","0.1875","0.1875","0.1875"
"2310291","0.21875","0.21875","0.21875"
"2320261","0.1875","0.1875","0.1875"
"2320264","0.125","0.125","0.125"
"2320268","0.28125","0.28125","0.28125"
"2320290","0.40625","0.40625","0.40625"
"2320306","0.21875","0.21875","0.21875"
"2330229","0.15625","0.15625","0.15625"
"2330233","0.34375","0.34375","0.34375"
"2330264","0.25","0.25","0.25"
"2330273","0.375","0.375","0.375"
"2330288","0.1875","0.1875","0.1875"
"2340222","0.375","0.375","0.375"
"2340244","0.40625","0.40625","0.40625"
"2340259","0.3125","0.3125","0.3125"
"2340281","0.21875","0.21875","0.21875"
"2340299","0.25","0.25","0.25"
"2350238","0.4375","0.4375","0.4375"
"2350250","0.21875","0.21875","0.21875"
"2350261","0.4375","0.4375","0.4375"
"2350266","0.375","0.375","0.375"
"2350269","0.28125","0.28125","0.28125"
"2360229","0.40625","0.40625","0.40625"
"2360248","0.1875","0.1875","0.1875"
"2360286","0.21875","0.21875","0.21875"
"2360289","0.40625","0.40625","0.40625"
"2360305","0.3125","0.3125","0.3125"
"2370224","0.25","0.25","0.25"
"2370251","0.25","0.25","0.25"
"2370277","0.1875","0.1875","0.1875"
"2370323","0.28125","0.28125","0.28125"
"2370333","0.21875","0.21875","0.21875"
"2380246","0.34375","0.34375","0.34375"
"2380247","0.3125","0.3125","0.3125"
"2380265","0.21875","0.21875","0.21875"
"2380269","0.09375","0.09375","0.09375"
"2380281","0.3125","0.3125","0.3125"
"2390220","0.1875","0.1875","0.1875"
"2390228","0.40625","0.40625","0.40625"
"2390236","0.3125","0.3125","0.3125"
"2390252","0.21875","0.21875","0.21875"
"2390287","0.3125","0.3125","0.3125"
"2400226","0.34375","0.34375","0.34375"
"2400228","0.46875","0.46875","0.46875"
"2400273","0.28125","0.28125","0.28125"
"2400282","0.3125","0.3125","0.3125"
"2400287","0.28125","0.28125","0.28125"
"2410255","0.28125","0.28125","0.28125"
"2410268","0.21875","0.21875","0.21875"
"2410287","0.3125","0.3125","0.3125"
"2410298","0.09375","0.09375","0.09375"
"2410299","0.1875","0.1875","0.1875"
"2420223","0.1875","0.1875","0.1875"
"2420227","0.25","0.25","0.25"
"2420229","0.3125","0.3125","0.3125"
"2420248","0.40625","0.40625","0.40625"
"2420255","0.375","0.375","0.375"
"2430224","0.46875","0.46875","0.46875"
"2430230","0.15625","0.15625","0.15625"
"2430250","0.3125","0.3125","0.3125"
"2430265","0.375","0.375","0.375"
"2430312","0.25","0.25","0.25"
"2440240","0.3125","0.3125","0.3125"
"2440253","0.3125","0.3125","0.3125"
"2440259","0.375","0.375","0.375"
"2440275","0.1875","0.1875","0.1875"
"2440276","0.1875","0.1875","0.1875"
"2450230","0.28125","0.28125","0.28125"
"2450242","0.21875","0.21875","0.21875"
"2450249","0.375","0.375","0.375"
"2450261","0.40625","0.40625","0.40625"
"2450285","0.375","0.375","0.375"
"2460223","0.15625","0.15625","0.15625"
"2460243","0.3125","0.3125","0.3125"
"2460252","0.28125","0.28125","0.28125"
"2460265","0.1875","0.1875","0.1875"
"2460287","0.21875","0.21875","0.21875"
"2470241","0.3125","0.3125","0.3125"
"2470256","0.40625","0.40625","0.40625"
"2470264","0.3125","0.3125","0.3125"
"2470270","0.21875","0.21875","0.21875"
"2470274","0.3125","0.3125","0.3125"
"2480225","0.0625","0.0625","0.0625"
"2480254","0.3125","0.3125","0.3125"
"2480266","0.25","0.25","0.25"
"2480280","0.375","0.375","0.375"
"2480289","0.375","0.375","0.375"
"2490222","0.40625","0.40625","0.40625"
"2490236","0.1875","0.1875","0.1875"
"2490254","0.15625","0.15625","0.15625"
"2490258","0.21875","0.21875","0.21875"
"2490269","0.375","0.375","0.375"
"2500220","0.25","0.25","0.25"
"2500227","0.4375","0.4375","0.4375"
"2500271","0.1875","0.1875","0.1875"
"2500281","0.15625","0.15625","0.15625"
"2500282","0.25","0.25","0.25"
"2510250","0.1875","0.1875","0.1875"
"2510272","0.3125","0.3125","0.3125"
"2510286","0.3125","0.3125","0.3125"
"2510303","0.3125","0.3125","0.3125"
"2510321","0.4375","0.4375","0.4375"
"2520221","0.25","0.25","0.25"
"2520222","0.46875","0.46875","0.46875"
"2520239","0.21875","0.21875","0.21875"
"2520254","0.53125","0.53125","0.53125"
"2520265","0.28125","0.28125","0.28125"
"2530241","0.21875","0.21875","0.21875"
"2530270","0.25","0.25","0.25"
"2530272","0.4375","0.4375","0.4375"
"2530289","0.34375","0.34375","0.34375"
"2530310","0.34375","0.34375","0.34375"
"2540238","0.40625","0.40625","0.40625"
"2540241","0.15625","0.15625","0.15625"
"2540248","0.1875","0.1875","0.1875"
"2540250","0.21875","0.21875","0.21875"
"2540277","0.375","0.375","0.375"
"2550220","0.25","0.25","0.25"
"2550226","0.40625","0.40625","0.40625"
"2550237","0.15625","0.15625","0.15625"
"2550259","0.25","0.25","0.25"
"2550337","0.28125","0.28125","0.28125"
"2560221","0.15625","0.15625","0.15625"
"2560222","0.25","0.25","0.25"
"2560241","0.3125","0.3125","0.3125"
"2560289","0.03125","0.03125","0.03125"
"2560291","0.40625","0.40625","0.40625"
"2570242","0.4375","0.4375","0.4375"
"2570254","0.34375","0.34375","0.34375"
"2570287","0.125","0.125","0.125"
"2570290","0.25","0.25","0.25"
"2570297","0.34375","0.34375","0.34375"
"2580227","0.34375","0.34375","0.34375"
"2580244","0.28125","0.28125","0.28125"
"2580250","0.15625","0.15625","0.15625"
"2580254","0.34375","0.34375","0.34375"
"2580281","0.0625","0.0625","0.0625"
"2590220","0.25","0.25","0.25"
"2590222","0.375","0.375","0.375"
"2590257","0.25","0.25","0.25"
"2590260","0.34375","0.34375","0.34375"
"2590283","0.4375","0.4375","0.4375"
"2600227","0.28125","0.28125","0.28125"
"2600232","0.25","0.25","0.25"
"2600248","0.28125","0.28125","0.28125"
"2600249","0.296875","0.25","0.34375"
"2610233","0.28125","0.28125","0.28125"
"2610239","0.28125","0.28125","0.28125"
"2610249","0.28125","0.28125","0.28125"
"2610264","0.3125","0.3125","0.3125"
"2610274","0.3125","0.3125","0.3125"
"2620223","0.28125","0.28125","0.28125"
"2620224","0.25","0.25","0.25"
"2620251","0.28125","0.28125","0.28125"
"2620256","0.5","0.5","0.5"
"2620287","0.3125","0.3125","0.3125"
"2630224","0.375","0.375","0.375"
"2630230","0.25","0.25","0.25"
"2630234","0.1875","0.1875","0.1875"
"2630240","0.21875","0.21875","0.21875"
"2630328","0.21875","0.21875","0.21875"
"2640222","0.15625","0.15625","0.15625"
"2640254","0.34375","0.34375","0.34375"
"2640281","0.125","0.125","0.125"
"2640296","0.28125","0.28125","0.28125"
"2640307","0.3125","0.3125","0.3125"
"2650222","0.34375","0.34375","0.34375"
"2650223","0.34375","0.34375","0.34375"
"2650245","0.3125","0.3125","0.3125"
"2650274","0.09375","0.09375","0.09375"
"2650324","0.21875","0.21875","0.21875"
"2660220","0.28125","0.28125","0.28125"
"2660223","0.375","0.375","0.375"
"2660249","0.21875","0.21875","0.21875"
"2660277","0.21875","0.21875","0.21875"
"2660302","0.3125","0.3125","0.3125"
"2670256","0.1875","0.1875","0.1875"
"2670257","0.4375","0.4375","0.4375"
"2670263","0.34375","0.34375","0.34375"
"2670268","0.265625","0.15625","0.375"
"2680230","0.21875","0.21875","0.21875"
"2680250","0.3125","0.3125","0.3125"
"2680269","0.3125","0.3125","0.3125"
"2680282","0.1875","0.1875","0.1875"
"2680291","0.15625","0.15625","0.15625"
"2690235","0.28125","0.28125","0.28125"
"2690254","0.375","0.375","0.375"
"2690266","0.21875","0.21875","0.21875"
"2690275","0.1875","0.1875","0.1875"
"2690309","0.40625","0.40625","0.40625"
"2700221","0.21875","0.21875","0.21875"
"2700238","0.28125","0.28125","0.28125"
"2700259","0.25","0.25","0.25"
"2700278","0.375","0.375","0.375"
"2700280","0.25","0.25","0.25"
"2710232","0.28125","0.28125","0.28125"
"2710260","0.40625","0.40625","0.40625"
"2710272","0.1875","0.1875","0.1875"
"2710280","0.3125","0.3125","0.3125"
"2710315","0.28125","0.28125","0.28125"
"2720242","0.25","0.25","0.25"
"2720244","0.25","0.25","0.25"
"2720254","0.34375","0.34375","0.34375"
"2720289","0.25","0.25","0.25"
"2720342","0.28125","0.28125","0.28125"
"2730249","0.25","0.25","0.25"
"2730250","0.28125","0.28125","0.28125"
"2730274","0.234375","0.21875","0.25"
"2730291","0.34375","0.34375","0.34375"
"2740223","0.25","0.25","0.25"
"2740233","0.15625","0.15625","0.15625"
"2740236","0.3125","0.3125","0.3125"
"2740251","0.15625","0.15625","0.15625"
"2740258","0.4375","0.4375","0.4375"
"2750226","0.34375","0.34375","0.34375"
"2750228","0.28125","0.28125","0.28125"
"2750246","0.375","0.375","0.375"
"2750277","0.21875","0.21875","0.21875"
"2750398","0.21875","0.21875","0.21875"
"2760228","0.0625","0.0625","0.0625"
"2760253","0.4375","0.4375","0.4375"
"2760262","0.09375","0.09375","0.09375"
"2760280","0.3125","0.3125","0.3125"
"2760297","0.5","0.5","0.5"
"2770224","0.25","0.25","0.25"
"2770232","0.1875","0.1875","0.1875"
"2770240","0.34375","0.34375","0.34375"
"2770258","0.34375","0.34375","0.34375"
"2770275","0.25","0.25","0.25"
"2780238","0.34375","0.34375","0.34375"
"2780256","0.1875","0.1875","0.1875"
"2780260","0.28125","0.28125","0.28125"
"2780303","0.21875","0.21875","0.21875"
"2780304","0.4375","0.4375","0.4375"
"2790221","0.34375","0.34375","0.34375"
"2790222","0.34375","0.34375","0.34375"
"2790223","0.34375","0.34375","0.34375"
"2790248","0.28125","0.28125","0.28125"
"2790259","0.34375","0.34375","0.34375"
"2800254","0.25","0.25","0.25"
"2800257","0.28125","0.28125","0.28125"
"2800281","0.25","0.25","0.25"
"2800283","0.1875","0.1875","0.1875"
"2800301","0.34375","0.34375","0.34375"
"2810220","0.25","0.25","0.25"
"2810226","0.34375","0.34375","0.34375"
"2810227","0.3125","0.25","0.375"
"2810305","0.34375","0.34375","0.34375"
"2820233","0.40625","0.40625","0.40625"
"2820237","0.3125","0.3125","0.3125"
"2820250","0.5","0.5","0.5"
"2820260","0.3125","0.3125","0.3125"
"2820287","0.28125","0.28125","0.28125"
"2830233","0.25","0.25","0.25"
"2830239","0.28125","0.28125","0.28125"
"2830255","0.34375","0.34375","0.34375"
"2830276","0.15625","0.15625","0.15625"
"2830294","0.46875","0.46875","0.46875"
"2840231","0.28125","0.28125","0.28125"
"2840254","0.21875","0.21875","0.21875"
"2840258","0.25","0.21875","0.28125"
"2840298","0.21875","0.21875","0.21875"
"2850227","0.3125","0.3125","0.3125"
"2850276","0.3125","0.3125","0.3125"
"2850288","0.4375","0.4375","0.4375"
"2850290","0.25","0.25","0.25"
"2850312","0.25","0.25","0.25"
"2860228","0.25","0.25","0.25"
"2860249","0.15625","0.15625","0.15625"
"2860282","0.34375","0.34375","0.34375"
"2860294","0.28125","0.28125","0.28125"
"2860313","0.28125","0.28125","0.28125"
"2870220","0.34375","0.3125","0.375"
"2870250","0.125","0.125","0.125"
"2870252","0.34375","0.34375","0.34375"
"2870291","0.15625","0.15625","0.15625"
"2880222","0.3125","0.3125","0.3125"
"2880230","0.5","0.5","0.5"
"2880241","0.375","0.375","0.375"
"2880315","0.3125","0.3125","0.3125"
"2880349","0.21875","0.21875","0.21875"
"2890244","0.40625","0.40625","0.40625"
"2890249","0.34375","0.34375","0.34375"
"2890269","0.53125","0.53125","0.53125"
"2890288","0.25","0.25","0.25"
"2890293","0.28125","0.28125","0.28125"
"2900226","0.21875","0.21875","0.21875"
"2900233","0.3125","0.3125","0.3125"
"2900247","0.296875","0.1875","0.40625"
"2900278","0.34375","0.34375","0.34375"
"2910235","0.4375","0.4375","0.4375"
"2910272","0.53125","0.53125","0.53125"
"2910281","0.34375","0.34375","0.34375"
"2910288","0.25","0.15625","0.34375"
"2920224","0.1875","0.1875","0.1875"
"2920235","0.46875","0.46875","0.46875"
"2920240","0.21875","0.21875","0.21875"
"2920247","0.21875","0.21875","0.21875"
"2920265","0.46875","0.46875","0.46875"
"2930222","0.375","0.375","0.375"
"2930233","0.4375","0.4375","0.4375"
"2930234","0.4375","0.4375","0.4375"
"2930252","0.34375","0.34375","0.34375"
"2930284","0.09375","0.09375","0.09375"
"2940234","0.40625","0.40625","0.40625"
"2940240","0.25","0.25","0.25"
"2940277","0.15625","0.15625","0.15625"
"2940289","0.3125","0.3125","0.3125"
"2940300","0.4375","0.4375","0.4375"
"2950241","0.25","0.25","0.25"
"2950243","0.40625","0.40625","0.40625"
"2950256","0.3125","0.3125","0.3125"
"2950269","0.3125","0.3125","0.3125"
"2950288","0.1875","0.1875","0.1875"
"2960230","0.53125","0.53125","0.53125"
"2960243","0.34375","0.34375","0.34375"
"2960249","0.25","0.25","0.25"
"2960266","0.28125","0.28125","0.28125"
"2960282","0.1875","0.1875","0.1875"
"2970221","0.4375","0.4375","0.4375"
"2970228","0.28125","0.28125","0.28125"
"2970260","0.09375","0.09375","0.09375"
"2970263","0.21875","0.21875","0.21875"
"2970316","0.375","0.375","0.375"
"2980221","0.25","0.25","0.25"
"2980225","0.4375","0.4375","0.4375"
"2980249","0.4375","0.4375","0.4375"
"2980270","0.21875","0.21875","0.21875"
"2980280","0.1875","0.1875","0.1875"
"2990268","0.390625","0.3125","0.46875"
"2990276","0.40625","0.40625","0.40625"
"2990304","0.34375","0.34375","0.34375"
"2990375","0.375","0.375","0.375"
"3000225","0.3125","0.3125","0.3125"
"3000227","0.375","0.375","0.375"
"3000233","0.3125","0.3125","0.3125"
"3000275","0.28125","0.28125","0.28125"
"3000316","0.15625","0.15625","0.15625"