"Step","Group: protoss_10_vs_11_QMIX - win_rate","Group: protoss_10_vs_11_QMIX - win_rate__MIN","Group: protoss_10_vs_11_QMIX - win_rate__MAX"
"0","0","0","0"
"10004","0","0","0"
"10023","0","0","0"
"10034","0","0","0"
"10053","0","0","0"
"10065","0","0","0"
"20005","0","0","0"
"20006","0","0","0"
"20012","0","0","0"
"20022","0","0","0"
"20030","0","0","0"
"20040","0","0","0"
"30001","0","0","0"
"30007","0","0","0"
"30028","0","0","0"
"30041","0","0","0"
"30048","0","0","0"
"30065","0","0","0"
"40009","0","0","0"
"40011","0","0","0"
"40029","0","0","0"
"40040","0","0","0"
"40041","0","0","0"
"40054","0","0","0"
"50009","0","0","0"
"50021","0","0","0"
"50032","0","0","0"
"50034","0","0","0"
"50058","0","0","0"
"60002","0","0","0"
"60004","0","0","0"
"60015","0","0","0"
"60026","0","0","0"
"60034","0","0","0"
"60061","0","0","0"
"70026","0","0","0"
"70028","0","0","0"
"70035","0","0","0"
"70038","0","0","0"
"70039","0","0","0"
"70051","0","0","0"
"80012","0","0","0"
"80014","0","0","0"
"80024","0","0","0"
"80041","0","0","0"
"80050","0","0","0"
"80055","0","0","0"
"90001","0","0","0"
"90003","0","0","0"
"90004","0","0","0"
"90018","0","0","0"
"90040","0","0","0"
"90057","0.03125","0.03125","0.03125"
"100001","0","0","0"
"100003","0","0","0"
"100021","0","0","0"
"100027","0","0","0"
"100034","0","0","0"
"100056","0","0","0"
"110001","0","0","0"
"110010","0","0","0"
"110016","0","0","0"
"110038","0","0","0"
"110045","0","0","0"
"110049","0","0","0"
"120002","0","0","0"
"120017","0","0","0"
"120026","0","0","0"
"120027","0","0","0"
"120041","0","0","0"
"130004","0","0","0"
"130023","0","0","0"
"130025","0","0","0"
"130043","0","0","0"
"130058","0","0","0"
"130061","0","0","0"
"140009","0","0","0"
"140016","0","0","0"
"140032","0","0","0"
"140041","0","0","0"
"140054","0","0","0"
"150001","0","0","0"
"150012","0","0","0"
"150028","0","0","0"
"150038","0","0","0"
"150039","0","0","0"
"150048","0","0","0"
"160004","0","0","0"
"160007","0","0","0"
"160016","0","0","0"
"160030","0","0","0"
"160043","0","0","0"
"170001","0","0","0"
"170003","0","0","0"
"170007","0","0","0"
"170011","0","0","0"
"170018","0","0","0"
"170038","0","0","0"
"180025","0","0","0"
"180028","0","0","0"
"180036","0","0","0"
"180040","0","0","0"
"180053","0","0","0"
"180054","0.03125","0.03125","0.03125"
"190009","0","0","0"
"190022","0","0","0"
"190026","0","0","0"
"190033","0","0","0"
"190050","0","0","0"
"190051","0","0","0"
"200008","0.03125","0.03125","0.03125"
"200009","0","0","0"
"200012","0","0","0"
"200014","0","0","0"
"200022","0","0","0"
"200050","0","0","0"
"210001","0","0","0"
"210014","0","0","0"
"210022","0","0","0"
"210028","0","0","0"
"210029","0","0","0"
"210032","0","0","0"
"220002","0","0","0"
"220021","0","0","0"
"220037","0","0","0"
"220038","0","0","0"
"220043","0","0","0"
"220072","0","0","0"
"230023","0","0","0"
"230040","0","0","0"
"230041","0","0","0"
"230042","0","0","0"
"230043","0","0","0"
"230060","0","0","0"
"240005","0","0","0"
"240013","0","0","0"
"240014","0","0","0"
"240025","0","0","0"
"240029","0","0","0"
"240053","0","0","0"
"250012","0","0","0"
"250013","0","0","0"
"250017","0","0","0"
"250018","0","0","0"
"250039","0","0","0"
"250046","0","0","0"
"260000","0","0","0"
"260001","0","0","0"
"260024","0","0","0"
"260041","0","0","0"
"260054","0","0","0"
"260057","0","0","0"
"270000","0","0","0"
"270017","0","0","0"
"270021","0","0","0"
"270036","0","0","0"
"270046","0","0","0"
"280002","0","0","0"
"280009","0","0","0"
"280017","0","0","0"
"280018","0","0","0"
"280031","0","0","0"
"280057","0","0","0"
"290007","0","0","0"
"290023","0","0","0"
"290024","0","0","0"
"290045","0.03125","0.03125","0.03125"
"290054","0","0","0"
"300015","0","0","0"
"300018","0","0","0"
"300020","0","0","0"
"300025","0","0","0"
"300042","0","0","0"
"300046","0","0","0"
"310004","0","0","0"
"310007","0","0","0"
"310023","0","0","0"
"310030","0","0","0"
"310032","0","0","0"
"310047","0","0","0"
"320006","0","0","0"
"320010","0.03125","0.03125","0.03125"
"320012","0","0","0"
"320030","0","0","0"
"320049","0.03125","0.03125","0.03125"
"320061","0","0","0"
"330009","0","0","0"
"330013","0","0","0"
"330018","0","0","0"
"330022","0","0","0"
"330048","0","0","0"
"330049","0","0","0"
"340005","0","0","0"
"340008","0","0","0"
"340016","0","0","0"
"340027","0","0","0"
"340045","0","0","0"
"340056","0","0","0"
"350001","0","0","0"
"350014","0","0","0"
"350022","0","0","0"
"350026","0","0","0"
"350028","0","0","0"
"350056","0","0","0"
"360021","0","0","0"
"360029","0","0","0"
"360032","0","0","0"
"360039","0","0","0"
"360045","0","0","0"
"360052","0","0","0"
"370005","0","0","0"
"370014","0","0","0"
"370022","0","0","0"
"370033","0","0","0"
"370034","0","0","0"
"370035","0","0","0"
"380008","0","0","0"
"380012","0","0","0"
"380020","0","0","0"
"380031","0.03125","0.03125","0.03125"
"380034","0","0","0"
"380054","0","0","0"
"390002","0","0","0"
"390024","0","0","0"
"390031","0","0","0"
"390038","0","0","0"
"390041","0","0","0"
"390051","0","0","0"
"400004","0","0","0"
"400005","0","0","0"
"400020","0","0","0"
"400030","0","0","0"
"400043","0","0","0"
"400051","0","0","0"
"410011","0","0","0"
"410029","0","0","0"
"410049","0","0","0"
"410054","0","0","0"
"410060","0","0","0"
"410062","0","0","0"
"420004","0","0","0"
"420006","0","0","0"
"420013","0","0","0"
"420026","0","0","0"
"420051","0","0","0"
"420056","0","0","0"
"430000","0","0","0"
"430017","0.03125","0.03125","0.03125"
"430021","0","0","0"
"430024","0","0","0"
"430027","0","0","0"
"430068","0","0","0"
"440002","0","0","0"
"440003","0","0","0"
"440007","0","0","0"
"440032","0","0","0"
"440035","0","0","0"
"440073","0","0","0"
"450001","0","0","0"
"450004","0","0","0"
"450008","0","0","0"
"450012","0","0","0"
"450027","0","0","0"
"450038","0","0","0"
"460000","0","0","0"
"460007","0","0","0"
"460022","0","0","0"
"460040","0","0","0"
"460042","0","0","0"
"460050","0","0","0"
"470005","0","0","0"
"470009","0","0","0"
"470024","0","0","0"
"470031","0","0","0"
"470047","0","0","0"
"470058","0","0","0"
"480000","0","0","0"
"480015","0","0","0"
"480022","0.03125","0.03125","0.03125"
"480028","0","0","0"
"480037","0","0","0"
"480064","0","0","0"
"490000","0.03125","0.03125","0.03125"
"490024","0","0","0"
"490033","0","0","0"
"490042","0","0","0"
"490053","0","0","0"
"490057","0","0","0"
"500012","0","0","0"
"500013","0","0","0"
"500016","0","0","0"
"500020","0","0","0"
"500022","0","0","0"
"500024","0","0","0"
"510016","0","0","0"
"510017","0","0","0"
"510026","0","0","0"
"510056","0","0","0"
"510067","0","0","0"
"520005","0","0","0"
"520012","0","0","0"
"520018","0","0","0"
"520025","0","0","0"
"520057","0","0","0"
"520104","0","0","0"
"530000","0","0","0"
"530016","0","0","0"
"530020","0","0","0"
"530046","0","0","0"
"530052","0","0","0"
"540002","0","0","0"
"540013","0.03125","0.03125","0.03125"
"540024","0","0","0"
"540026","0","0","0"
"540049","0","0","0"
"540052","0","0","0"
"550013","0","0","0"
"550015","0","0","0"
"550019","0","0","0"
"550026","0","0","0"
"550029","0","0","0"
"550054","0.03125","0.03125","0.03125"
"560017","0","0","0"
"560020","0","0","0"
"560036","0","0","0"
"560055","0.03125","0.03125","0.03125"
"560056","0","0","0"
"560058","0","0","0"
"570000","0","0","0"
"570018","0.03125","0.03125","0.03125"
"570038","0.015625","0","0.03125"
"570046","0","0","0"
"570107","0","0","0"
"580010","0","0","0"
"580014","0","0","0"
"580015","0","0","0"
"580024","0","0","0"
"580062","0","0","0"
"580083","0","0","0"
"590010","0.03125","0.03125","0.03125"
"590021","0","0","0"
"590026","0","0","0"
"590030","0","0","0"
"590041","0","0","0"
"590057","0","0","0"
"600006","0.03125","0.03125","0.03125"
"600007","0","0","0"
"600026","0","0","0"
"600028","0","0","0"
"600045","0.03125","0.03125","0.03125"
"600050","0","0","0"
"610003","0.010416666666666666","0","0.03125"
"610005","0","0","0"
"610033","0","0","0"
"610057","0","0","0"
"620003","0","0","0"
"620006","0","0","0"
"620013","0","0","0"
"620031","0","0","0"
"620034","0","0","0"
"620053","0","0","0"
"630011","0","0","0"
"630027","0","0","0"
"630029","0","0","0"
"630041","0.03125","0.03125","0.03125"
"630054","0","0","0"
"630059","0","0","0"
"640006","0","0","0"
"640018","0","0","0"
"640024","0","0","0"
"640027","0","0","0"
"640028","0","0","0"
"640059","0","0","0"
"650011","0","0","0"
"650027","0","0","0"
"650036","0","0","0"
"650046","0","0","0"
"650049","0","0","0"
"650050","0.03125","0.03125","0.03125"
"660001","0","0","0"
"660005","0","0","0"
"660011","0","0","0"
"660015","0","0","0"
"660040","0","0","0"
"660058","0","0","0"
"670016","0","0","0"
"670025","0","0","0"
"670027","0","0","0"
"670030","0","0","0"
"670050","0","0","0"
"670053","0","0","0"
"680012","0.03125","0.03125","0.03125"
"680013","0","0","0"
"680014","0","0","0"
"680048","0","0","0"
"680050","0","0","0"
"690014","0","0","0"
"690016","0","0","0"
"690023","0.03125","0.03125","0.03125"
"690026","0","0","0"
"690027","0","0","0"
"690035","0.03125","0.03125","0.03125"
"700011","0","0","0"
"700023","0","0","0"
"700032","0.03125","0.03125","0.03125"
"700046","0","0","0"
"700050","0","0","0"
"700079","0","0","0"
"710007","0","0","0"
"710016","0","0","0"
"710018","0","0","0"
"710033","0.03125","0.03125","0.03125"
"710045","0","0","0"
"710046","0","0","0"
"720001","0","0","0"
"720004","0","0","0"
"720011","0","0","0"
"720025","0","0","0"
"720030","0","0","0"
"720087","0","0","0"
"730004","0","0","0"
"730008","0","0","0"
"730011","0","0","0"
"730024","0","0","0"
"730026","0","0","0"
"730027","0","0","0"
"740011","0","0","0"
"740014","0","0","0"
"740016","0","0","0"
"740024","0","0","0"
"740053","0.03125","0.03125","0.03125"
"740074","0","0","0"
"750015","0","0","0"
"750025","0","0","0"
"750031","0.03125","0.03125","0.03125"
"750039","0","0","0"
"750047","0","0","0"
"750054","0","0","0"
"760000","0","0","0"
"760006","0","0","0"
"760010","0","0","0"
"760022","0","0","0"
"760032","0","0","0"
"760045","0.03125","0.03125","0.03125"
"770009","0","0","0"
"770019","0","0","0"
"770027","0","0","0"
"770045","0","0","0"
"770046","0","0","0"
"770048","0","0","0"
"780000","0","0","0"
"780009","0","0","0"
"780010","0","0","0"
"780027","0","0","0"
"780028","0","0","0"
"790005","0","0","0"
"790019","0","0","0"
"790035","0","0","0"
"790040","0","0","0"
"790042","0.03125","0.03125","0.03125"
"790054","0","0","0"
"800000","0.03125","0.03125","0.03125"
"800004","0","0","0"
"800025","0","0","0"
"800027","0.03125","0.03125","0.03125"
"800033","0","0","0"
"800038","0","0","0"
"810014","0","0","0"
"810031","0.03125","0.03125","0.03125"
"810034","0","0","0"
"810039","0","0","0"
"810041","0","0","0"
"810044","0","0","0"
"820008","0","0","0"
"820023","0.03125","0.03125","0.03125"
"820027","0","0","0"
"820038","0.03125","0.03125","0.03125"
"820041","0","0","0"
"820046","0","0","0"
"830027","0","0","0"
"830036","0","0","0"
"830041","0","0","0"
"830049","0","0","0"
"830050","0.03125","0.03125","0.03125"
"830113","0","0","0"
"840004","0","0","0"
"840014","0","0","0"
"840021","0","0","0"
"840041","0","0","0"
"840047","0","0","0"
"840055","0","0","0"
"850002","0","0","0"
"850015","0","0","0"
"850023","0","0","0"
"850027","0","0","0"
"850035","0","0","0"
"850046","0","0","0"
"860007","0","0","0"
"860012","0","0","0"
"860020","0","0","0"
"860022","0","0","0"
"860023","0","0","0"
"860025","0","0","0"
"870019","0","0","0"
"870025","0","0","0"
"870026","0","0","0"
"870028","0","0","0"
"870031","0","0","0"
"870051","0","0","0"
"880000","0","0","0"
"880012","0.03125","0.03125","0.03125"
"880026","0","0","0"
"880053","0","0","0"
"880065","0","0","0"
"890012","0.03125","0.03125","0.03125"
"890015","0","0","0"
"890020","0.03125","0.03125","0.03125"
"890023","0","0","0"
"890034","0.03125","0.03125","0.03125"
"890052","0","0","0"
"900000","0","0","0"
"900005","0","0","0"
"900008","0","0","0"
"900009","0.03125","0.03125","0.03125"
"900041","0","0","0"
"900046","0","0","0"
"910012","0.03125","0.03125","0.03125"
"910023","0","0","0"
"910029","0","0","0"
"910042","0","0","0"
"910049","0","0","0"
"910067","0","0","0"
"920006","0","0","0"
"920007","0","0","0"
"920011","0","0","0"
"920037","0","0","0"
"920045","0","0","0"
"920056","0.03125","0.03125","0.03125"
"930005","0","0","0"
"930016","0","0","0"
"930018","0","0","0"
"930019","0","0","0"
"930023","0.03125","0.03125","0.03125"
"930037","0","0","0"
"940013","0","0","0"
"940017","0","0","0"
"940019","0","0","0"
"940038","0","0","0"
"940057","0","0","0"
"940076","0","0","0"
"950010","0","0","0"
"950016","0","0","0"
"950029","0","0","0"
"950035","0","0","0"
"950043","0","0","0"
"950054","0","0","0"
"960017","0.03125","0.03125","0.03125"
"960020","0","0","0"
"960021","0","0","0"
"960037","0","0","0"
"960049","0","0","0"
"960064","0","0","0"
"970004","0","0","0"
"970009","0","0","0"
"970018","0","0","0"
"970029","0","0","0"
"970033","0","0","0"
"970043","0","0","0"
"980008","0","0","0"
"980014","0","0","0"
"980018","0","0","0"
"980029","0","0","0"
"980047","0.03125","0.03125","0.03125"
"980061","0","0","0"
"990008","0","0","0"
"990016","0","0","0"
"990032","0","0","0"
"990052","0.03125","0.03125","0.03125"
"990065","0","0","0"
"990067","0","0","0"
"1000000","0","0","0"
"1000020","0.015625","0","0.03125"
"1000027","0","0","0"
"1000031","0","0","0"
"1000038","0","0","0"
"1010005","0.03125","0.03125","0.03125"
"1010007","0","0","0"
"1010019","0","0","0"
"1010036","0","0","0"
"1010047","0","0","0"
"1010058","0","0","0"
"1020005","0","0","0"
"1020009","0","0","0"
"1020036","0","0","0"
"1020038","0","0","0"
"1020046","0","0","0"
"1020054","0","0","0"
"1030005","0","0","0"
"1030008","0","0","0"
"1030038","0","0","0"
"1030042","0","0","0"
"1030052","0","0","0"
"1040009","0.03125","0.03125","0.03125"
"1040013","0","0","0"
"1040042","0","0","0"
"1040056","0","0","0"
"1040058","0","0","0"
"1040060","0","0","0"
"1050002","0","0","0"
"1050004","0.03125","0.03125","0.03125"
"1050011","0","0","0"
"1050018","0","0","0"
"1050038","0","0","0"
"1050044","0","0","0"
"1060004","0.03125","0.03125","0.03125"
"1060011","0","0","0"
"1060014","0","0","0"
"1060033","0","0","0"
"1060035","0","0","0"
"1060043","0","0","0"
"1070001","0","0","0"
"1070012","0.03125","0.03125","0.03125"
"1070013","0.0625","0.0625","0.0625"
"1070017","0","0","0"
"1070022","0","0","0"
"1070027","0","0","0"
"1080000","0","0","0"
"1080013","0","0","0"
"1080045","0","0","0"
"1080054","0","0","0"
"1080056","0","0","0"
"1080076","0","0","0"
"1090001","0.03125","0.03125","0.03125"
"1090012","0","0","0"
"1090028","0","0","0"
"1090029","0","0","0"
"1090038","0","0","0"
"1090044","0","0","0"
"1100000","0","0","0"
"1100012","0","0","0"
"1100039","0","0","0"
"1100066","0","0","0"
"1100069","0","0","0"
"1110002","0","0","0"
"1110011","0","0","0"
"1110012","0","0","0"
"1110033","0","0","0"
"1110053","0","0","0"
"1110067","0","0","0"
"1120021","0","0","0"
"1120035","0","0","0"
"1120036","0","0","0"
"1120037","0","0","0"
"1120038","0.03125","0.03125","0.03125"
"1120041","0.03125","0.03125","0.03125"
"1130000","0","0","0"
"1130001","0","0","0"
"1130008","0","0","0"
"1130009","0","0","0"
"1130018","0","0","0"
"1130051","0.03125","0.03125","0.03125"
"1140015","0","0","0"
"1140020","0","0","0"
"1140028","0","0","0"
"1140033","0","0","0"
"1140040","0","0","0"
"1140052","0","0","0"
"1150004","0.03125","0.03125","0.03125"
"1150011","0","0","0"
"1150013","0","0","0"
"1150030","0","0","0"
"1150048","0","0","0"
"1150061","0","0","0"
"1160006","0","0","0"
"1160009","0","0","0"
"1160022","0","0","0"
"1160029","0","0","0"
"1160038","0","0","0"
"1160039","0","0","0"
"1170008","0.03125","0.03125","0.03125"
"1170019","0","0","0"
"1170027","0","0","0"
"1170046","0","0","0"
"1170047","0","0","0"
"1170052","0","0","0"
"1180004","0","0","0"
"1180017","0","0","0"
"1180030","0.03125","0.03125","0.03125"
"1180031","0","0","0"
"1180034","0","0","0"
"1180109","0","0","0"
"1190004","0.0625","0.0625","0.0625"
"1190006","0","0","0"
"1190009","0","0","0"
"1190015","0","0","0"
"1190022","0","0","0"
"1190030","0","0","0"
"1200006","0","0","0"
"1200012","0","0","0"
"1200014","0","0","0"
"1200019","0.03125","0.03125","0.03125"
"1200031","0","0","0"
"1200036","0","0","0"
"1210006","0","0","0"
"1210016","0","0","0"
"1210023","0","0","0"
"1210038","0","0","0"
"1210047","0.0625","0.0625","0.0625"
"1210050","0","0","0"
"1220028","0","0","0"
"1220029","0","0","0"
"1220034","0.03125","0.03125","0.03125"
"1220037","0","0","0"
"1220040","0","0","0"
"1220053","0","0","0"
"1230000","0","0","0"
"1230015","0.03125","0.03125","0.03125"
"1230024","0","0","0"
"1230029","0","0","0"
"1230030","0","0","0"
"1230032","0","0","0"
"1240020","0","0","0"
"1240040","0.03125","0.03125","0.03125"
"1240043","0","0","0"
"1240047","0.03125","0.03125","0.03125"
"1240048","0","0","0"
"1240049","0.03125","0.03125","0.03125"
"1250016","0","0","0"
"1250019","0.03125","0.03125","0.03125"
"1250024","0","0","0"
"1250034","0","0","0"
"1250040","0","0","0"
"1250049","0","0","0"
"1260009","0.03125","0.03125","0.03125"
"1260016","0.03125","0.03125","0.03125"
"1260017","0","0","0"
"1260034","0","0","0"
"1260053","0","0","0"
"1270002","0","0","0"
"1270014","0","0","0"
"1270025","0.09375","0.09375","0.09375"
"1270030","0","0","0"
"1270037","0","0","0"
"1270069","0","0","0"
"1280000","0","0","0"
"1280001","0","0","0"
"1280003","0","0","0"
"1280025","0","0","0"
"1280035","0","0","0"
"1280055","0","0","0"
"1290008","0","0","0"
"1290015","0.03125","0.03125","0.03125"
"1290026","0","0","0"
"1290027","0","0","0"
"1290028","0","0","0"
"1290046","0.03125","0.03125","0.03125"
"1300006","0","0","0"
"1300011","0.03125","0.03125","0.03125"
"1300024","0","0","0"
"1300030","0","0","0"
"1300049","0","0","0"
"1300058","0","0","0"
"1310021","0.03125","0.03125","0.03125"
"1310035","0","0","0"
"1310038","0","0","0"
"1310049","0","0","0"
"1310060","0","0","0"
"1310062","0","0","0"
"1320001","0","0","0"
"1320011","0.03125","0.03125","0.03125"
"1320013","0","0","0"
"1320019","0","0","0"
"1320032","0.03125","0.03125","0.03125"
"1330007","0","0","0"
"1330012","0","0","0"
"1330014","0.03125","0.03125","0.03125"
"1330020","0","0","0"
"1330053","0","0","0"
"1330071","0","0","0"
"1340003","0","0","0"
"1340024","0","0","0"
"1340049","0.015625","0","0.03125"
"1340055","0","0","0"
"1340061","0","0","0"
"1350005","0","0","0"
"1350007","0","0","0"
"1350019","0","0","0"
"1350037","0","0","0"
"1350040","0.0625","0.0625","0.0625"
"1350049","0","0","0"
"1360001","0","0","0"
"1360021","0","0","0"
"1360024","0","0","0"
"1360035","0","0","0"
"1360036","0","0","0"
"1360046","0","0","0"
"1370011","0","0","0"
"1370012","0","0","0"
"1370021","0.03125","0.03125","0.03125"
"1370028","0","0","0"
"1370047","0.03125","0.03125","0.03125"
"1370048","0","0","0"
"1380006","0","0","0"
"1380014","0","0","0"
"1380026","0","0","0"
"1380042","0","0","0"
"1380043","0","0","0"
"1380053","0","0","0"
"1390009","0","0","0"
"1390020","0","0","0"
"1390027","0.03125","0.03125","0.03125"
"1390032","0","0","0"
"1390037","0.03125","0.03125","0.03125"
"1390045","0","0","0"
"1400000","0.03125","0.03125","0.03125"
"1400005","0","0","0"
"1400030","0","0","0"
"1400038","0.03125","0.03125","0.03125"
"1400056","0","0","0"
"1400127","0","0","0"
"1410000","0","0","0"
"1410025","0","0","0"
"1410042","0","0","0"
"1410053","0","0","0"
"1410061","0","0","0"
"1410063","0.03125","0.03125","0.03125"
"1420016","0","0","0"
"1420020","0.03125","0.03125","0.03125"
"1420041","0","0","0"
"1420047","0","0","0"
"1420054","0","0","0"
"1420064","0","0","0"
"1430011","0","0","0"
"1430021","0.03125","0.03125","0.03125"
"1430022","0.0625","0.0625","0.0625"
"1430025","0.0625","0.0625","0.0625"
"1430035","0","0","0"
"1430037","0","0","0"
"1440006","0.03125","0.03125","0.03125"
"1440027","0","0","0"
"1440028","0","0","0"
"1440032","0","0","0"
"1440048","0.03125","0.03125","0.03125"
"1440050","0.03125","0.03125","0.03125"
"1450005","0","0","0"
"1450022","0","0","0"
"1450026","0","0","0"
"1450034","0.03125","0.03125","0.03125"
"1450044","0","0","0"
"1450045","0","0","0"
"1460001","0","0","0"
"1460008","0","0","0"
"1460049","0.0625","0.0625","0.0625"
"1460051","0.03125","0.03125","0.03125"
"1460052","0","0","0"
"1460060","0","0","0"
"1470001","0.03125","0.03125","0.03125"
"1470005","0.0625","0.0625","0.0625"
"1470017","0","0","0"
"1470028","0","0","0"
"1470044","0.03125","0.03125","0.03125"
"1470051","0.03125","0.03125","0.03125"
"1480002","0","0","0"
"1480003","0","0","0"
"1480004","0","0","0"
"1480011","0","0","0"
"1480032","0","0","0"
"1480034","0.09375","0.09375","0.09375"
"1490011","0","0","0"
"1490023","0","0","0"
"1490032","0","0","0"
"1490039","0.03125","0.03125","0.03125"
"1490044","0","0","0"
"1500004","0","0","0"
"1500010","0","0","0"
"1500038","0.03125","0.03125","0.03125"
"1500039","0.03125","0.03125","0.03125"
"1500051","0","0","0"
"1500065","0","0","0"
"1510004","0.03125","0.03125","0.03125"
"1510010","0","0","0"
"1510011","0.03125","0.03125","0.03125"
"1510029","0","0","0"
"1510031","0","0","0"
"1510035","0","0","0"
"1520003","0","0","0"
"1520019","0.03125","0.03125","0.03125"
"1520032","0","0","0"
"1520042","0","0","0"
"1520065","0","0","0"
"1520069","0.03125","0.03125","0.03125"
"1530018","0","0","0"
"1530022","0","0","0"
"1530024","0","0","0"
"1530038","0.015625","0","0.03125"
"1530056","0","0","0"
"1540000","0","0","0"
"1540003","0","0","0"
"1540015","0","0","0"
"1540034","0","0","0"
"1540051","0.03125","0.03125","0.03125"
"1550000","0.0625","0.0625","0.0625"
"1550026","0","0","0"
"1550039","0","0","0"
"1550044","0","0","0"
"1550046","0","0","0"
"1550047","0","0","0"
"1560001","0.03125","0.03125","0.03125"
"1560020","0","0","0"
"1560035","0","0","0"
"1560050","0.03125","0.03125","0.03125"
"1560063","0","0","0"
"1570005","0","0","0"
"1570007","0","0","0"
"1570022","0","0","0"
"1570029","0","0","0"
"1570031","0.0625","0.0625","0.0625"
"1580007","0.03125","0.03125","0.03125"
"1580010","0.0625","0.0625","0.0625"
"1580022","0","0","0"
"1580034","0","0","0"
"1580037","0.03125","0.03125","0.03125"
"1580042","0.03125","0.03125","0.03125"
"1590017","0","0","0"
"1590022","0.03125","0.03125","0.03125"
"1590032","0","0","0"
"1590037","0","0","0"
"1590041","0.03125","0.03125","0.03125"
"1590140","0","0","0"
"1600005","0","0","0"
"1600017","0","0","0"
"1600027","0","0","0"
"1600039","0","0","0"
"1600048","0","0","0"
"1600054","0","0","0"
"1610000","0","0","0"
"1610011","0","0","0"
"1610024","0.09375","0.09375","0.09375"
"1610032","0","0","0"
"1610034","0","0","0"
"1610044","0","0","0"
"1620000","0","0","0"
"1620018","0","0","0"
"1620025","0.03125","0.03125","0.03125"
"1620031","0","0","0"
"1620040","0.03125","0.03125","0.03125"
"1620059","0.03125","0.03125","0.03125"
"1630009","0","0","0"
"1630014","0.09375","0.09375","0.09375"
"1630021","0","0","0"
"1630024","0.0625","0.0625","0.0625"
"1630042","0","0","0"
"1630046","0","0","0"
"1640009","0","0","0"
"1640012","0","0","0"
"1640016","0","0","0"
"1640033","0","0","0"
"1640048","0.03125","0.03125","0.03125"
"1640049","0","0","0"
"1650005","0","0","0"
"1650008","0","0","0"
"1650019","0.03125","0.03125","0.03125"
"1650033","0","0","0"
"1650047","0","0","0"
"1650061","0","0","0"
"1660015","0.09375","0.09375","0.09375"
"1660021","0.015625","0","0.03125"
"1660026","0","0","0"
"1660027","0","0","0"
"1660054","0","0","0"
"1670004","0","0","0"
"1670007","0.03125","0.03125","0.03125"
"1670008","0.0625","0.0625","0.0625"
"1670011","0.03125","0.03125","0.03125"
"1670032","0.03125","0.03125","0.03125"
"1670048","0","0","0"
"1680000","0.0625","0.0625","0.0625"
"1680020","0","0","0"
"1680023","0","0","0"
"1680034","0","0","0"
"1680037","0","0","0"
"1680044","0","0","0"
"1690018","0","0","0"
"1690020","0.015625","0","0.03125"
"1690028","0","0","0"
"1690051","0.03125","0.03125","0.03125"
"1690079","0","0","0"
"1700006","0","0","0"
"1700021","0","0","0"
"1700025","0.03125","0.03125","0.03125"
"1700036","0","0","0"
"1700041","0","0","0"
"1700075","0.03125","0.03125","0.03125"
"1710005","0","0","0"
"1710027","0.03125","0.03125","0.03125"
"1710037","0.03125","0.03125","0.03125"
"1710042","0","0","0"
"1710046","0.03125","0.03125","0.03125"
"1710079","0","0","0"
"1720006","0","0","0"
"1720025","0","0","0"
"1720029","0","0","0"
"1720043","0.09375","0.09375","0.09375"
"1720050","0","0","0"
"1720051","0.03125","0.03125","0.03125"
"1730009","0","0","0"
"1730010","0","0","0"
"1730011","0.03125","0.03125","0.03125"
"1730017","0","0","0"
"1730021","0","0","0"
"1730034","0","0","0"
"1740000","0","0","0"
"1740001","0","0","0"
"1740016","0","0","0"
"1740020","0.03125","0.03125","0.03125"
"1740025","0.03125","0.03125","0.03125"
"1740046","0.03125","0.03125","0.03125"
"1750018","0","0","0"
"1750019","0.0625","0.0625","0.0625"
"1750024","0","0","0"
"1750029","0.046875","0.03125","0.0625"
"1750034","0","0","0"
"1760000","0","0","0"
"1760007","0","0","0"
"1760046","0","0","0"
"1760050","0.03125","0.03125","0.03125"
"1760052","0.0625","0.0625","0.0625"
"1760055","0","0","0"
"1770002","0","0","0"
"1770021","0.015625","0","0.03125"
"1770026","0","0","0"
"1770040","0","0","0"
"1770045","0.0625","0.0625","0.0625"
"1780030","0.0625","0.0625","0.0625"
"1780040","0","0","0"
"1780048","0.03125","0.03125","0.03125"
"1780050","0","0","0"
"1780062","0","0","0"
"1780109","0.03125","0.03125","0.03125"
"1790032","0.09375","0.09375","0.09375"
"1790040","0.03125","0.03125","0.03125"
"1790042","0","0","0"
"1790044","0","0","0"
"1790083","0","0","0"
"1790110","0","0","0"
"1800001","0.0625","0.0625","0.0625"
"1800003","0","0","0"
"1800030","0.03125","0.03125","0.03125"
"1800032","0.03125","0.03125","0.03125"
"1800042","0","0","0"
"1800053","0","0","0"
"1810008","0","0","0"
"1810021","0","0","0"
"1810040","0","0","0"
"1810051","0","0","0"
"1810067","0.03125","0.03125","0.03125"
"1820008","0","0","0"
"1820021","0","0","0"
"1820022","0","0","0"
"1820062","0","0","0"
"1830023","0","0","0"
"1830030","0","0","0"
"1830038","0.03125","0.03125","0.03125"
"1830056","0","0","0"
"1830061","0","0","0"
"1840008","0.03125","0.03125","0.03125"
"1840009","0","0","0"
"1840014","0","0","0"
"1840017","0.03125","0.03125","0.03125"
"1840032","0","0","0"
"1840047","0.03125","0.03125","0.03125"
"1850005","0.03125","0.03125","0.03125"
"1850022","0","0","0"
"1850025","0.03125","0.03125","0.03125"
"1850027","0","0","0"
"1850035","0.03125","0.03125","0.03125"
"1850044","0","0","0"
"1860008","0.03125","0.03125","0.03125"
"1860013","0","0","0"
"1860014","0.09375","0.09375","0.09375"
"1860018","0","0","0"
"1860051","0","0","0"
"1860061","0","0","0"
"1870005","0.03125","0.03125","0.03125"
"1870018","0.09375","0.09375","0.09375"
"1870028","0.03125","0.03125","0.03125"
"1870030","0","0","0"
"1870037","0.03125","0.03125","0.03125"
"1870041","0","0","0"
"1880009","0","0","0"
"1880012","0","0","0"
"1880020","0.03125","0","0.0625"
"1880026","0","0","0"
"1880028","0","0","0"
"1890020","0.03125","0.03125","0.03125"
"1890026","0","0","0"
"1890032","0","0","0"
"1890042","0","0","0"
"1890045","0","0","0"
"1890066","0.0625","0.0625","0.0625"
"1900008","0.0625","0.0625","0.0625"
"1900018","0","0","0"
"1900025","0.03125","0.03125","0.03125"
"1900032","0.09375","0.09375","0.09375"
"1900036","0.03125","0.03125","0.03125"
"1900042","0","0","0"
"1910002","0","0","0"
"1910008","0","0","0"
"1910014","0.03125","0.03125","0.03125"
"1910042","0.03125","0.03125","0.03125"
"1910047","0.0625","0.0625","0.0625"
"1910052","0","0","0"
"1920019","0","0","0"
"1920032","0.03125","0.03125","0.03125"
"1920039","0.03125","0.03125","0.03125"
"1920041","0.03125","0.03125","0.03125"
"1920049","0","0","0"
"1920053","0","0","0"
"1930008","0.03125","0.03125","0.03125"
"1930010","0","0","0"
"1930023","0","0","0"
"1930026","0.0625","0.0625","0.0625"
"1930033","0","0","0"
"1930060","0.03125","0.03125","0.03125"
"1940014","0.0625","0.0625","0.0625"
"1940020","0.03125","0.03125","0.03125"
"1940021","0","0","0"
"1940042","0","0","0"
"1940061","0","0","0"
"1940062","0","0","0"
"1950002","0","0","0"
"1950010","0","0","0"
"1950014","0","0","0"
"1950053","0.03125","0.03125","0.03125"
"1950060","0.0625","0.0625","0.0625"
"1950062","0","0","0"
"1960000","0.046875","0","0.09375"
"1960004","0","0","0"
"1960018","0.09375","0.09375","0.09375"
"1960044","0","0","0"
"1960048","0.03125","0.03125","0.03125"
"1970005","0","0","0"
"1970014","0.03125","0.03125","0.03125"
"1970019","0","0","0"
"1970033","0.03125","0.03125","0.03125"
"1970034","0","0","0"
"1970099","0","0","0"
"1980010","0","0","0"
"1980012","0","0","0"
"1980019","0.03125","0.03125","0.03125"
"1980025","0.03125","0.03125","0.03125"
"1980044","0","0","0"
"1990015","0.03125","0.03125","0.03125"
"1990021","0.03125","0","0.0625"
"1990031","0","0","0"
"1990032","0","0","0"
"1990130","0.125","0.125","0.125"
"2000003","0.03125","0.03125","0.03125"
"2000014","0","0","0"
"2000019","0.03125","0.03125","0.03125"
"2000023","0","0","0"
"2000025","0","0","0"
"2000028","0","0","0"
"2010015","0.03125","0.03125","0.03125"
"2010034","0.03125","0.03125","0.03125"
"2010043","0","0","0"
"2010047","0.03125","0.03125","0.03125"
"2010048","0.03125","0.03125","0.03125"
"2010050","0.03125","0.03125","0.03125"
"2020008","0.0625","0.0625","0.0625"
"2020023","0.0625","0.0625","0.0625"
"2020030","0.03125","0.03125","0.03125"
"2020040","0","0","0"
"2020053","0.03125","0.03125","0.03125"
"2020060","0","0","0"
"2030000","0.03125","0.03125","0.03125"
"2030004","0.0625","0.0625","0.0625"
"2030024","0.03125","0.03125","0.03125"
"2030031","0.03125","0.03125","0.03125"
"2030041","0.03125","0.03125","0.03125"
"2030057","0","0","0"
"2040007","0","0","0"
"2040022","0.03125","0.03125","0.03125"
"2040033","0.03125","0.03125","0.03125"
"2040039","0.03125","0.03125","0.03125"
"2040053","0","0","0"
"2040057","0","0","0"
"2050011","0.03125","0.03125","0.03125"
"2050014","0","0","0"
"2050027","0.03125","0.03125","0.03125"
"2050036","0","0","0"
"2050037","0","0","0"
"2050066","0","0","0"
"2060008","0","0","0"
"2060023","0.0625","0.0625","0.0625"
"2060036","0.015625","0","0.03125"
"2060040","0.03125","0.03125","0.03125"
"2060049","0","0","0"
"2070006","0","0","0"
"2070015","0.03125","0.03125","0.03125"
"2070026","0.0625","0.0625","0.0625"
"2070035","0.03125","0.03125","0.03125"
"2070057","0.03125","0.03125","0.03125"
"2070063","0.0625","0.0625","0.0625"
"2080015","0","0","0"
"2080016","0.03125","0.03125","0.03125"
"2080032","0.0625","0.0625","0.0625"
"2080042","0","0","0"
"2080046","0","0","0"
"2080051","0.03125","0.03125","0.03125"
"2090011","0","0","0"
"2090023","0","0","0"
"2090024","0","0","0"
"2090037","0.03125","0.03125","0.03125"
"2090046","0.03125","0.03125","0.03125"
"2090093","0.03125","0.03125","0.03125"
"2100019","0.0625","0.0625","0.0625"
"2100031","0","0","0"
"2100043","0.03125","0.03125","0.03125"
"2100053","0","0","0"
"2100054","0","0","0"
"2100070","0","0","0"
"2110000","0.03125","0.03125","0.03125"
"2110020","0.0625","0.0625","0.0625"
"2110053","0.03125","0.03125","0.03125"
"2110058","0","0","0"
"2110081","0.0625","0.0625","0.0625"
"2110148","0","0","0"
"2120002","0.03125","0.03125","0.03125"
"2120018","0.03125","0.03125","0.03125"
"2120019","0.0625","0.0625","0.0625"
"2120024","0.0625","0.0625","0.0625"
"2120025","0","0","0"
"2120033","0.09375","0.09375","0.09375"
"2130000","0","0","0"
"2130006","0.15625","0.15625","0.15625"
"2130016","0.03125","0.03125","0.03125"
"2130019","0.0625","0.0625","0.0625"
"2130027","0.03125","0.03125","0.03125"
"2130053","0.03125","0.03125","0.03125"
"2140011","0","0","0"
"2140013","0.03125","0.03125","0.03125"
"2140037","0","0","0"
"2140046","0.0625","0.0625","0.0625"
"2140047","0","0","0"
"2140141","0","0","0"
"2150033","0","0","0"
"2150039","0.03125","0.03125","0.03125"
"2150042","0.03125","0.03125","0.03125"
"2150043","0","0","0"
"2150052","0","0","0"
"2150079","0.0625","0.0625","0.0625"
"2160014","0","0","0"
"2160021","0.09375","0.09375","0.09375"
"2160023","0","0","0"
"2160035","0","0","0"
"2160048","0.03125","0.03125","0.03125"
"2160115","0.125","0.125","0.125"
"2170011","0.03125","0.03125","0.03125"
"2170020","0","0","0"
"2170022","0.03125","0.03125","0.03125"
"2170026","0.015625","0","0.03125"
"2170030","0.09375","0.09375","0.09375"
"2180000","0.03125","0.03125","0.03125"
"2180007","0.03125","0.03125","0.03125"
"2180026","0.09375","0.09375","0.09375"
"2180030","0","0","0"
"2180043","0.03125","0.03125","0.03125"
"2180052","0.0625","0.0625","0.0625"
"2190019","0.0625","0.0625","0.0625"
"2190027","0","0","0"
"2190028","0.09375","0.09375","0.09375"
"2190038","0","0","0"
"2190059","0","0","0"
"2190075","0.0625","0.0625","0.0625"
"2200001","0.0625","0.0625","0.0625"
"2200022","0.09375","0.09375","0.09375"
"2200029","0.03125","0.03125","0.03125"
"2200031","0","0","0"
"2200038","0.03125","0.03125","0.03125"
"2200044","0.03125","0.03125","0.03125"
"2210008","0","0","0"
"2210020","0","0","0"
"2210032","0.0625","0.0625","0.0625"
"2210034","0.03125","0.03125","0.03125"
"2210045","0","0","0"
"2210056","0.0625","0.0625","0.0625"
"2220000","0","0","0"
"2220016","0.03125","0.03125","0.03125"
"2220027","0","0","0"
"2220028","0.0625","0.0625","0.0625"
"2220031","0.03125","0.03125","0.03125"
"2220060","0.03125","0.03125","0.03125"
"2230012","0.03125","0.03125","0.03125"
"2230025","0.0625","0.0625","0.0625"
"2230033","0","0","0"
"2230036","0.0625","0.0625","0.0625"
"2230050","0.0625","0.0625","0.0625"
"2230053","0","0","0"
"2240006","0","0","0"
"2240012","0.09375","0.09375","0.09375"
"2240014","0.09375","0.09375","0.09375"
"2240035","0","0","0"
"2240046","0.03125","0.03125","0.03125"
"2240049","0.03125","0.03125","0.03125"
"2250011","0.0625","0.0625","0.0625"
"2250017","0","0","0"
"2250031","0.0625","0.0625","0.0625"
"2250041","0","0","0"
"2250048","0","0","0"
"2250056","0.0625","0.0625","0.0625"
"2260001","0","0","0"
"2260015","0.0625","0.0625","0.0625"
"2260024","0","0","0"
"2260037","0.125","0.125","0.125"
"2260046","0.03125","0.03125","0.03125"
"2260058","0.0625","0.0625","0.0625"
"2270006","0","0","0"
"2270032","0.03125","0.03125","0.03125"
"2270034","0.03125","0.03125","0.03125"
"2270038","0.03125","0.03125","0.03125"
"2270050","0","0","0"
"2270107","0.03125","0.03125","0.03125"
"2280004","0.03125","0.03125","0.03125"
"2280032","0.03125","0.03125","0.03125"
"2280039","0.03125","0.03125","0.03125"
"2280044","0","0","0"
"2280052","0","0","0"
"2280084","0.1875","0.1875","0.1875"
"2290003","0","0","0"
"2290016","0.09375","0.09375","0.09375"
"2290021","0","0","0"
"2290026","0.0625","0.0625","0.0625"
"2290036","0","0","0"
"2290047","0.03125","0.03125","0.03125"
"2300005","0","0","0"
"2300013","0","0","0"
"2300037","0","0","0"
"2300042","0","0","0"
"2300053","0.0625","0.0625","0.0625"
"2300109","0.0625","0.0625","0.0625"
"2310005","0","0","0"
"2310015","0.03125","0.03125","0.03125"
"2310028","0","0","0"
"2310039","0","0","0"
"2310057","0.03125","0.03125","0.03125"
"2310073","0.125","0.125","0.125"
"2320002","0","0","0"
"2320018","0.0625","0.0625","0.0625"
"2320026","0","0","0"
"2320028","0.09375","0.09375","0.09375"
"2320037","0.03125","0.03125","0.03125"
"2320042","0.03125","0.03125","0.03125"
"2330012","0.03125","0.03125","0.03125"
"2330024","0.03125","0.03125","0.03125"
"2330026","0.0625","0.0625","0.0625"
"2330043","0.03125","0.03125","0.03125"
"2330046","0.0625","0.0625","0.0625"
"2330063","0.0625","0.0625","0.0625"
"2340000","0.03125","0.03125","0.03125"
"2340010","0","0","0"
"2340013","0","0","0"
"2340022","0","0","0"
"2340024","0.03125","0.03125","0.03125"
"2340037","0","0","0"
"2350000","0.0625","0.0625","0.0625"
"2350002","0.15625","0.15625","0.15625"
"2350003","0","0","0"
"2350021","0.03125","0.03125","0.03125"
"2350038","0","0","0"
"2350053","0","0","0"
"2360007","0.0625","0.0625","0.0625"
"2360024","0","0","0"
"2360030","0.0625","0.0625","0.0625"
"2360042","0","0","0"
"2360044","0","0","0"
"2360070","0.0625","0.0625","0.0625"
"2370013","0.09375","0.09375","0.09375"
"2370020","0.03125","0.03125","0.03125"
"2370021","0.015625","0","0.03125"
"2370045","0","0","0"
"2370062","0.03125","0.03125","0.03125"
"2380000","0","0","0"
"2380025","0.0625","0.0625","0.0625"
"2380037","0.0625","0.0625","0.0625"
"2380048","0.03125","0.03125","0.03125"
"2380061","0.03125","0.03125","0.03125"
"2380065","0","0","0"
"2390007","0.03125","0.03125","0.03125"
"2390025","0","0","0"
"2390032","0.15625","0.15625","0.15625"
"2390055","0","0","0"
"2390059","0.015625","0","0.03125"
"2400016","0.03125","0.03125","0.03125"
"2400025","0.03125","0.03125","0.03125"
"2400034","0.0625","0.0625","0.0625"
"2400043","0","0","0"
"2400053","0.125","0.125","0.125"
"2400061","0.03125","0.03125","0.03125"
"2410016","0","0","0"
"2410021","0.03125","0.03125","0.03125"
"2410034","0.0625","0.0625","0.0625"
"2410044","0.0625","0.0625","0.0625"
"2410051","0","0","0"
"2410055","0.03125","0.03125","0.03125"
"2420005","0.03125","0.03125","0.03125"
"2420016","0","0","0"
"2420040","0.0625","0.0625","0.0625"
"2420045","0","0","0"
"2420053","0.03125","0.03125","0.03125"
"2420071","0.03125","0.03125","0.03125"
"2430011","0","0","0"
"2430015","0.03125","0.03125","0.03125"
"2430030","0","0","0"
"2430032","0","0","0"
"2430039","0.03125","0.03125","0.03125"
"2430058","0.0625","0.0625","0.0625"
"2440005","0.03125","0.03125","0.03125"
"2440018","0","0","0"
"2440033","0.09375","0.09375","0.09375"
"2440037","0","0","0"
"2440042","0.03125","0.03125","0.03125"
"2440124","0","0","0"
"2450011","0.0625","0.0625","0.0625"
"2450015","0.03125","0.03125","0.03125"
"2450041","0.0625","0.0625","0.0625"
"2450055","0","0","0"
"2450066","0","0","0"
"2450074","0.0625","0.0625","0.0625"
"2460014","0.03125","0.03125","0.03125"
"2460041","0.03125","0.03125","0.03125"
"2460043","0","0","0"
"2460055","0","0","0"
"2460056","0","0","0"
"2460095","0.03125","0.03125","0.03125"
"2470010","0.09375","0.09375","0.09375"
"2470017","0.03125","0.03125","0.03125"
"2470018","0.0625","0.0625","0.0625"
"2470050","0.03125","0.03125","0.03125"
"2470074","0","0","0"
"2470142","0","0","0"
"2480002","0.09375","0.09375","0.09375"
"2480005","0.0625","0.0625","0.0625"
"2480032","0","0","0"
"2480039","0","0","0"
"2480047","0","0","0"
"2480066","0.0625","0.0625","0.0625"
"2490018","0.015625","0","0.03125"
"2490044","0.03125","0.03125","0.03125"
"2490051","0.0625","0.0625","0.0625"
"2490055","0.0625","0.0625","0.0625"
"2500002","0.0625","0.0625","0.0625"
"2500006","0.0625","0.0625","0.0625"
"2500018","0.0625","0.0625","0.0625"
"2500019","0.0625","0.0625","0.0625"
"2500023","0.09375","0.09375","0.09375"
"2500026","0.09375","0.09375","0.09375"
"2510020","0.0625","0.0625","0.0625"
"2510026","0.03125","0.03125","0.03125"
"2510027","0.09375","0.09375","0.09375"
"2510035","0.0625","0.0625","0.0625"
"2510042","0.09375","0.09375","0.09375"
"2510045","0","0","0"
"2520003","0.09375","0.09375","0.09375"
"2520006","0.0625","0.0625","0.0625"
"2520029","0.0625","0.0625","0.0625"
"2520036","0.09375","0.09375","0.09375"
"2520044","0","0","0"
"2520063","0.03125","0.03125","0.03125"
"2530015","0.0625","0.0625","0.0625"
"2530018","0.03125","0.03125","0.03125"
"2530024","0.125","0.125","0.125"
"2530038","0","0","0"
"2530049","0.03125","0.03125","0.03125"
"2530053","0.09375","0.09375","0.09375"
"2540015","0","0","0"
"2540043","0.0625","0.0625","0.0625"
"2540051","0.015625","0","0.03125"
"2540069","0.03125","0.03125","0.03125"
"2540093","0.03125","0.03125","0.03125"
"2550010","0.015625","0","0.03125"
"2550019","0.0625","0.0625","0.0625"
"2550027","0.0625","0.0625","0.0625"
"2550042","0","0","0"
"2550094","0.03125","0.03125","0.03125"
"2560008","0.03125","0.03125","0.03125"
"2560015","0.03125","0.03125","0.03125"
"2560020","0.0625","0.0625","0.0625"
"2560052","0.03125","0.03125","0.03125"
"2560064","0.09375","0.09375","0.09375"
"2560091","0.0625","0.0625","0.0625"
"2570015","0.03125","0.03125","0.03125"
"2570016","0","0","0"
"2570032","0.0625","0.0625","0.0625"
"2570036","0.0625","0.0625","0.0625"
"2570039","0.03125","0.03125","0.03125"
"2570055","0.0625","0.0625","0.0625"
"2580005","0","0","0"
"2580009","0.03125","0.03125","0.03125"
"2580013","0.03125","0.03125","0.03125"
"2580035","0.03125","0.03125","0.03125"
"2580046","0.0625","0.0625","0.0625"
"2580050","0.03125","0.03125","0.03125"
"2590000","0","0","0"
"2590008","0.03125","0.03125","0.03125"
"2590014","0.03125","0.03125","0.03125"
"2590017","0.09375","0.09375","0.09375"
"2590024","0.03125","0.03125","0.03125"
"2590030","0","0","0"
"2600009","0.0625","0.0625","0.0625"
"2600017","0.03125","0.03125","0.03125"
"2600023","0","0","0"
"2600042","0.0625","0.0625","0.0625"
"2600049","0.09375","0.09375","0.09375"
"2600053","0","0","0"
"2610004","0","0","0"
"2610027","0.03125","0.03125","0.03125"
"2610029","0.0625","0.0625","0.0625"
"2610033","0.03125","0.03125","0.03125"
"2610036","0.046875","0","0.09375"
"2620035","0","0","0"
"2620038","0","0","0"
"2620043","0.09375","0.09375","0.09375"
"2620047","0","0","0"
"2620052","0","0","0"
"2620076","0","0","0"
"2630002","0.03125","0.03125","0.03125"
"2630006","0.0625","0.0625","0.0625"
"2630018","0.03125","0.03125","0.03125"
"2630027","0.0625","0.0625","0.0625"
"2630060","0","0","0"
"2630062","0.09375","0.09375","0.09375"
"2640002","0.03125","0.03125","0.03125"
"2640022","0.03125","0.03125","0.03125"
"2640026","0.0625","0.0625","0.0625"
"2640052","0.09375","0.09375","0.09375"
"2640061","0.09375","0.09375","0.09375"
"2640082","0.09375","0.09375","0.09375"
"2650016","0.09375","0.09375","0.09375"
"2650025","0","0","0"
"2650038","0.0625","0.0625","0.0625"
"2650039","0.09375","0.09375","0.09375"
"2650048","0","0","0"
"2650051","0.03125","0.03125","0.03125"
"2660010","0.0625","0.0625","0.0625"
"2660014","0.09375","0.09375","0.09375"
"2660030","0.03125","0.03125","0.03125"
"2660033","0.09375","0.09375","0.09375"
"2660049","0.03125","0.03125","0.03125"
"2660055","0.09375","0.09375","0.09375"
"2670013","0.0625","0.0625","0.0625"
"2670015","0.03125","0.03125","0.03125"
"2670025","0.03125","0.03125","0.03125"
"2670030","0.09375","0","0.1875"
"2670082","0.03125","0.03125","0.03125"
"2680002","0.125","0.125","0.125"
"2680008","0.03125","0.03125","0.03125"
"2680009","0","0","0"
"2680041","0","0","0"
"2680043","0.03125","0.03125","0.03125"
"2680092","0","0","0"
"2690009","0.09375","0.03125","0.15625"
"2690020","0.125","0.125","0.125"
"2690023","0","0","0"
"2690045","0","0","0"
"2690064","0.0625","0.0625","0.0625"
"2700003","0.0625","0.0625","0.0625"
"2700010","0","0","0"
"2700042","0","0","0"
"2700045","0.09375","0.09375","0.09375"
"2700047","0.03125","0.03125","0.03125"
"2700048","0.03125","0.03125","0.03125"
"2710006","0.125","0.125","0.125"
"2710015","0.0625","0.0625","0.0625"
"2710020","0","0","0"
"2710048","0","0","0"
"2710057","0","0","0"
"2710075","0.09375","0.09375","0.09375"
"2720031","0","0","0"
"2720044","0.125","0.09375","0.15625"
"2720051","0","0","0"
"2720076","0.125","0.125","0.125"
"2730003","0","0","0"
"2730017","0.0625","0.0625","0.0625"
"2730019","0.03125","0.03125","0.03125"
"2730035","0.03125","0.03125","0.03125"
"2730038","0","0","0"
"2730039","0.0625","0.0625","0.0625"
"2740000","0.03125","0.03125","0.03125"
"2740007","0.0625","0.0625","0.0625"
"2740009","0.03125","0.03125","0.03125"
"2740013","0","0","0"
"2740040","0.03125","0.03125","0.03125"
"2740049","0","0","0"
"2750010","0.125","0.125","0.125"
"2750025","0.0625","0.0625","0.0625"
"2750028","0.125","0.125","0.125"
"2750048","0","0","0"
"2750076","0.03125","0.03125","0.03125"
"2750079","0","0","0"
"2760005","0","0","0"
"2760023","0.0625","0.0625","0.0625"
"2760031","0.0625","0.0625","0.0625"
"2760033","0.0625","0.0625","0.0625"
"2760039","0","0","0"
"2760065","0.03125","0.03125","0.03125"
"2770013","0.03125","0.03125","0.03125"
"2770022","0","0","0"
"2770042","0.125","0.125","0.125"
"2770044","0.09375","0.09375","0.09375"
"2770048","0","0","0"
"2770053","0.0625","0.0625","0.0625"
"2780015","0.03125","0.03125","0.03125"
"2780021","0.03125","0.03125","0.03125"
"2780045","0.09375","0.09375","0.09375"
"2780049","0.03125","0.03125","0.03125"
"2780056","0.0625","0.0625","0.0625"
"2780093","0.125","0.125","0.125"
"2790011","0.03125","0.03125","0.03125"
"2790019","0.0625","0.0625","0.0625"
"2790021","0.03125","0.03125","0.03125"
"2790025","0","0","0"
"2790042","0.03125","0.03125","0.03125"
"2790051","0.03125","0.03125","0.03125"
"2800009","0.03125","0.03125","0.03125"
"2800016","0.03125","0.03125","0.03125"
"2800038","0.0625","0.0625","0.0625"
"2800055","0.09375","0.09375","0.09375"
"2800061","0","0","0"
"2800068","0.09375","0.09375","0.09375"
"2810023","0.0625","0.0625","0.0625"
"2810029","0.09375","0.09375","0.09375"
"2810031","0.03125","0.03125","0.03125"
"2810051","0.03125","0.03125","0.03125"
"2810068","0.09375","0.09375","0.09375"
"2810086","0.0625","0.0625","0.0625"
"2820009","0.0625","0.0625","0.0625"
"2820015","0.09375","0.09375","0.09375"
"2820016","0.0625","0.0625","0.0625"
"2820026","0.09375","0.09375","0.09375"
"2820035","0.09375","0.09375","0.09375"
"2820040","0","0","0"
"2830020","0.125","0.125","0.125"
"2830027","0","0","0"
"2830041","0.0625","0.0625","0.0625"
"2830046","0.0625","0.0625","0.0625"
"2830047","0.0625","0.0625","0.0625"
"2830050","0.15625","0.15625","0.15625"
"2840017","0","0","0"
"2840019","0.125","0.125","0.125"
"2840042","0.125","0.125","0.125"
"2840050","0.125","0.125","0.125"
"2840053","0.09375","0.09375","0.09375"
"2840065","0.0625","0.0625","0.0625"
"2850023","0","0","0"
"2850027","0","0","0"
"2850029","0.15625","0.15625","0.15625"
"2850048","0.0625","0.0625","0.0625"
"2850049","0.09375","0.09375","0.09375"
"2850066","0","0","0"
"2860015","0.0625","0.0625","0.0625"
"2860025","0.0625","0.0625","0.0625"
"2860029","0.03125","0.03125","0.03125"
"2860050","0","0","0"
"2860068","0.09375","0.09375","0.09375"
"2860089","0.03125","0.03125","0.03125"
"2870005","0.0625","0.0625","0.0625"
"2870011","0.0625","0.0625","0.0625"
"2870017","0.0625","0.0625","0.0625"
"2870023","0.0625","0.0625","0.0625"
"2870040","0.09375","0.09375","0.09375"
"2870134","0","0","0"
"2880000","0.0625","0.0625","0.0625"
"2880027","0.03125","0.03125","0.03125"
"2880032","0.09375","0.09375","0.09375"
"2880036","0.015625","0","0.03125"
"2880050","0","0","0"
"2890000","0","0","0"
"2890040","0.0625","0.0625","0.0625"
"2890046","0.03125","0.03125","0.03125"
"2890050","0.0625","0.0625","0.0625"
"2890095","0","0","0"
"2890147","0.03125","0.03125","0.03125"
"2900002","0.0625","0.0625","0.0625"
"2900008","0.125","0.125","0.125"
"2900023","0.0625","0.0625","0.0625"
"2900024","0","0","0"
"2900055","0","0","0"
"2900068","0.0625","0.0625","0.0625"
"2910014","0.09375","0.09375","0.09375"
"2910015","0.03125","0.03125","0.03125"
"2910026","0.0625","0.0625","0.0625"
"2910030","0","0","0"
"2910045","0.0625","0.0625","0.0625"
"2910053","0.0625","0.0625","0.0625"
"2920015","0.0625","0.0625","0.0625"
"2920025","0","0","0"
"2920026","0.03125","0.03125","0.03125"
"2920040","0.03125","0.03125","0.03125"
"2920045","0.09375","0.09375","0.09375"
"2920075","0.03125","0.03125","0.03125"
"2930008","0.0625","0.0625","0.0625"
"2930017","0.03125","0.03125","0.03125"
"2930043","0","0","0"
"2930084","0.1875","0.1875","0.1875"
"2930086","0","0","0"
"2930094","0.0625","0.0625","0.0625"
"2940020","0.21875","0.21875","0.21875"
"2940043","0.078125","0.0625","0.09375"
"2940065","0.03125","0.03125","0.03125"
"2940066","0","0","0"
"2940088","0.09375","0.09375","0.09375"
"2950001","0.078125","0.03125","0.125"
"2950015","0.03125","0.03125","0.03125"
"2950034","0.0625","0.0625","0.0625"
"2950055","0.03125","0.03125","0.03125"
"2950076","0.09375","0.09375","0.09375"
"2960003","0.03125","0.03125","0.03125"
"2960005","0.03125","0.03125","0.03125"
"2960009","0","0","0"
"2960013","0.1875","0.1875","0.1875"
"2960052","0.0625","0.0625","0.0625"
"2960114","0.09375","0.09375","0.09375"
"2970009","0.09375","0.09375","0.09375"
"2970011","0.03125","0.03125","0.03125"
"2970013","0.03125","0.03125","0.03125"
"2970014","0.15625","0.15625","0.15625"
"2970044","0.0625","0.0625","0.0625"
"2970045","0.0625","0.0625","0.0625"
"2980002","0","0","0"
"2980006","0.03125","0.03125","0.03125"
"2980018","0.03125","0.03125","0.03125"
"2980021","0.125","0.125","0.125"
"2980026","0.09375","0.09375","0.09375"
"2980053","0.0625","0.0625","0.0625"
"2990003","0.0625","0.03125","0.09375"
"2990014","0.09375","0.09375","0.09375"
"2990024","0.0625","0.0625","0.0625"
"2990034","0.0625","0.0625","0.0625"
"2990053","0","0","0"
"3000008","0.03125","0.03125","0.03125"
"3000012","0","0","0"
"3000027","0.0625","0.0625","0.0625"
"3000037","0.09375","0.09375","0.09375"
"3000041","0","0","0"
"3000060","0.09375","0.09375","0.09375"