"Step","Group: protoss_10_vs_11_ACORM - win_rate","Group: protoss_10_vs_11_ACORM - win_rate__MIN","Group: protoss_10_vs_11_ACORM - win_rate__MAX"
"0","0","0","0"
"10229","0.03125","0.03125","0.03125"
"10233","0","0","0"
"10244","0.0625","0.0625","0.0625"
"10253","0","0","0"
"10261","0","0","0"
"20224","0","0","0"
"20236","0","0","0"
"20255","0","0","0"
"20258","0","0","0"
"20262","0","0","0"
"20281","0","0","0"
"30232","0","0","0"
"30233","0","0","0"
"30237","0","0","0"
"30250","0","0","0"
"30257","0","0","0"
"30265","0","0","0"
"40221","0","0","0"
"40240","0","0","0"
"40243","0","0","0"
"40267","0","0","0"
"40272","0","0","0"
"40273","0","0","0"
"50228","0","0","0"
"50231","0","0","0"
"50233","0","0","0"
"50235","0","0","0"
"50258","0","0","0"
"50259","0","0","0"
"60225","0","0","0"
"60234","0","0","0"
"60240","0","0","0"
"60241","0","0","0"
"60270","0","0","0"
"60284","0","0","0"
"70222","0","0","0"
"70242","0","0","0"
"70243","0","0","0"
"70254","0","0","0"
"70257","0","0","0"
"70259","0","0","0"
"80235","0","0","0"
"80237","0","0","0"
"80252","0","0","0"
"80259","0","0","0"
"80266","0","0","0"
"90221","0.03125","0.03125","0.03125"
"90225","0","0","0"
"90228","0","0","0"
"90240","0","0","0"
"90264","0","0","0"
"90279","0","0","0"
"100224","0","0","0"
"100237","0","0","0"
"100240","0","0","0"
"100242","0","0","0"
"100247","0","0","0"
"100269","0","0","0"
"110224","0","0","0"
"110245","0","0","0"
"110252","0.03125","0.03125","0.03125"
"110256","0","0","0"
"110262","0","0","0"
"110269","0.03125","0.03125","0.03125"
"120220","0","0","0"
"120234","0","0","0"
"120242","0","0","0"
"120248","0","0","0"
"120267","0","0","0"
"120316","0","0","0"
"130223","0","0","0"
"130228","0","0","0"
"130233","0","0","0"
"130243","0","0","0"
"130255","0","0","0"
"130259","0","0","0"
"140230","0","0","0"
"140245","0","0","0"
"140246","0","0","0"
"140253","0","0","0"
"140257","0","0","0"
"140258","0","0","0"
"150235","0","0","0"
"150247","0","0","0"
"150251","0","0","0"
"150265","0","0","0"
"150282","0","0","0"
"160224","0","0","0"
"160229","0","0","0"
"160232","0","0","0"
"160240","0","0","0"
"160259","0","0","0"
"170222","0","0","0"
"170226","0.03125","0.03125","0.03125"
"170232","0.03125","0.03125","0.03125"
"170240","0","0","0"
"170244","0","0","0"
"170257","0","0","0"
"180227","0","0","0"
"180230","0.03125","0.03125","0.03125"
"180233","0","0","0"
"180259","0","0","0"
"190224","0","0","0"
"190233","0","0","0"
"190253","0","0","0"
"190257","0","0","0"
"190263","0","0","0"
"190264","0","0","0"
"200228","0","0","0"
"200233","0","0","0"
"200243","0","0","0"
"200251","0","0","0"
"200262","0","0","0"
"200263","0","0","0"
"210221","0","0","0"
"210227","0","0","0"
"210245","0","0","0"
"210246","0","0","0"
"210247","0.03125","0.03125","0.03125"
"210249","0","0","0"
"220246","0","0","0"
"220249","0","0","0"
"220255","0","0","0"
"220259","0","0","0"
"220275","0","0","0"
"220282","0","0","0"
"230225","0","0","0"
"230233","0","0","0"
"230235","0","0","0"
"230242","0","0","0"
"230253","0","0","0"
"230269","0","0","0"
"240222","0","0","0"
"240228","0","0","0"
"240233","0","0","0"
"240254","0","0","0"
"240266","0","0","0"
"250230","0","0","0"
"250245","0","0","0"
"250246","0","0","0"
"250253","0","0","0"
"250254","0","0","0"
"250263","0.03125","0.03125","0.03125"
"260221","0","0","0"
"260225","0","0","0"
"260236","0","0","0"
"260241","0","0","0"
"260260","0","0","0"
"260272","0","0","0"
"270236","0","0","0"
"270239","0","0","0"
"270251","0","0","0"
"270254","0","0","0"
"270258","0.03125","0.03125","0.03125"
"270262","0","0","0"
"280224","0.03125","0.03125","0.03125"
"280266","0","0","0"
"280269","0","0","0"
"280276","0","0","0"
"280284","0","0","0"
"280292","0","0","0"
"290221","0","0","0"
"290225","0","0","0"
"290248","0","0","0"
"290255","0","0","0"
"290285","0.03125","0.03125","0.03125"
"300220","0","0","0"
"300238","0","0","0"
"300256","0","0","0"
"300264","0","0","0"
"300266","0","0","0"
"300292","0","0","0"
"310238","0","0","0"
"310262","0.03125","0.03125","0.03125"
"310265","0","0","0"
"310274","0","0","0"
"310292","0","0","0"
"310297","0","0","0"
"320235","0.03125","0.03125","0.03125"
"320245","0","0","0"
"320248","0","0","0"
"320253","0","0","0"
"320255","0","0","0"
"320269","0","0","0"
"330225","0.03125","0.03125","0.03125"
"330231","0","0","0"
"330248","0.03125","0.03125","0.03125"
"330263","0","0","0"
"330270","0","0","0"
"330280","0","0","0"
"340220","0.03125","0.03125","0.03125"
"340234","0.03125","0.03125","0.03125"
"340245","0","0","0"
"340257","0","0","0"
"340260","0","0","0"
"340267","0","0","0"
"350223","0","0","0"
"350258","0","0","0"
"350259","0","0","0"
"350263","0","0","0"
"350264","0.03125","0.03125","0.03125"
"350267","0","0","0"
"360226","0.03125","0.03125","0.03125"
"360230","0","0","0"
"360240","0","0","0"
"360249","0.03125","0.03125","0.03125"
"360266","0.03125","0.03125","0.03125"
"360281","0","0","0"
"370227","0","0","0"
"370230","0","0","0"
"370241","0.03125","0.03125","0.03125"
"370255","0","0","0"
"370259","0","0","0"
"380223","0.03125","0.03125","0.03125"
"380235","0.03125","0.03125","0.03125"
"380257","0","0","0"
"380261","0","0","0"
"380263","0","0","0"
"380292","0","0","0"
"390225","0.03125","0.03125","0.03125"
"390229","0","0","0"
"390247","0","0","0"
"390251","0","0","0"
"390255","0.03125","0.03125","0.03125"
"390257","0","0","0"
"400221","0.0625","0.0625","0.0625"
"400241","0.03125","0.03125","0.03125"
"400243","0","0","0"
"400244","0.0625","0.0625","0.0625"
"400271","0","0","0"
"400287","0.03125","0.03125","0.03125"
"410230","0.03125","0.03125","0.03125"
"410237","0","0","0"
"410245","0.03125","0.03125","0.03125"
"410253","0","0","0"
"410262","0","0","0"
"410283","0.03125","0.03125","0.03125"
"420222","0.03125","0.03125","0.03125"
"420237","0.03125","0.03125","0.03125"
"420247","0","0","0"
"420249","0.03125","0.03125","0.03125"
"420255","0.03125","0.03125","0.03125"
"420267","0","0","0"
"430221","0","0","0"
"430228","0","0","0"
"430258","0.03125","0.03125","0.03125"
"430270","0.03125","0","0.0625"
"430271","0","0","0"
"440238","0.03125","0.03125","0.03125"
"440240","0","0","0"
"440246","0","0","0"
"440270","0","0","0"
"440278","0.125","0.125","0.125"
"440279","0","0","0"
"450225","0","0","0"
"450244","0.03125","0.03125","0.03125"
"450249","0.03125","0.03125","0.03125"
"450264","0.03125","0.03125","0.03125"
"450269","0","0","0"
"450276","0","0","0"
"460224","0","0","0"
"460246","0","0","0"
"460272","0","0","0"
"460278","0","0","0"
"460279","0","0","0"
"460281","0.0625","0.0625","0.0625"
"470222","0.03125","0.03125","0.03125"
"470235","0","0","0"
"470243","0.03125","0.03125","0.03125"
"470246","0","0","0"
"470251","0.03125","0.03125","0.03125"
"470267","0.0625","0.0625","0.0625"
"480225","0","0","0"
"480227","0","0","0"
"480229","0","0","0"
"480234","0","0","0"
"480258","0","0","0"
"480264","0","0","0"
"490220","0.03125","0.03125","0.03125"
"490227","0","0","0"
"490230","0","0","0"
"490231","0","0","0"
"490242","0","0","0"
"490250","0.03125","0.03125","0.03125"
"500238","0","0","0"
"500245","0","0","0"
"500253","0.03125","0.03125","0.03125"
"500263","0.0625","0.0625","0.0625"
"500273","0","0","0"
"500275","0","0","0"
"510230","0","0","0"
"510232","0","0","0"
"510241","0.0625","0.0625","0.0625"
"510255","0","0","0"
"510269","0","0","0"
"510279","0.03125","0.03125","0.03125"
"520221","0.03125","0.03125","0.03125"
"520232","0","0","0"
"520239","0","0","0"
"520260","0","0","0"
"520270","0","0","0"
"520281","0.03125","0.03125","0.03125"
"530223","0","0","0"
"530226","0","0","0"
"530234","0.03125","0.03125","0.03125"
"530245","0.03125","0.03125","0.03125"
"530249","0","0","0"
"530270","0","0","0"
"540220","0","0","0"
"540227","0","0","0"
"540243","0.046875","0.03125","0.0625"
"540252","0","0","0"
"540270","0","0","0"
"550229","0","0","0"
"550242","0.03125","0.03125","0.03125"
"550246","0","0","0"
"550259","0","0","0"
"550279","0.09375","0.09375","0.09375"
"560224","0","0","0"
"560229","0.03125","0.03125","0.03125"
"560255","0.03125","0.03125","0.03125"
"560257","0","0","0"
"560259","0.03125","0.03125","0.03125"
"560281","0","0","0"
"570243","0","0","0"
"570251","0","0","0"
"570254","0","0","0"
"570262","0","0","0"
"570263","0","0","0"
"570266","0","0","0"
"580226","0","0","0"
"580233","0.03125","0.03125","0.03125"
"580234","0","0","0"
"580243","0","0","0"
"580259","0","0","0"
"580265","0.03125","0.03125","0.03125"
"590223","0.03125","0.03125","0.03125"
"590235","0.03125","0.03125","0.03125"
"590240","0.03125","0.03125","0.03125"
"590247","0","0","0"
"590265","0","0","0"
"590269","0.09375","0.09375","0.09375"
"600227","0.0625","0.0625","0.0625"
"600228","0.0625","0.0625","0.0625"
"600245","0.03125","0.03125","0.03125"
"600247","0","0","0"
"600261","0","0","0"
"600280","0.03125","0.03125","0.03125"
"610221","0","0","0"
"610229","0.03125","0.03125","0.03125"
"610231","0","0","0"
"610243","0","0","0"
"610260","0","0","0"
"610262","0.0625","0.0625","0.0625"
"620227","0","0","0"
"620241","0","0","0"
"620243","0.03125","0.03125","0.03125"
"620245","0.03125","0.03125","0.03125"
"620259","0.0625","0.0625","0.0625"
"620266","0.03125","0.03125","0.03125"
"630236","0.03125","0.03125","0.03125"
"630243","0","0","0"
"630244","0.0625","0.0625","0.0625"
"630247","0.0625","0.0625","0.0625"
"630254","0","0","0"
"630278","0","0","0"
"640241","0.015625","0","0.03125"
"640257","0","0","0"
"640263","0.0625","0.0625","0.0625"
"640273","0","0","0"
"640305","0.03125","0.03125","0.03125"
"650232","0.03125","0.03125","0.03125"
"650238","0.09375","0.09375","0.09375"
"650239","0.0625","0.0625","0.0625"
"650245","0","0","0"
"650261","0.03125","0","0.0625"
"660221","0.03125","0.03125","0.03125"
"660222","0","0","0"
"660232","0","0","0"
"660236","0","0","0"
"660246","0.03125","0.03125","0.03125"
"660270","0","0","0"
"670223","0","0","0"
"670225","0","0","0"
"670251","0","0","0"
"670261","0.03125","0.03125","0.03125"
"670264","0.03125","0.03125","0.03125"
"670274","0","0","0"
"680230","0","0","0"
"680234","0","0","0"
"680241","0","0","0"
"680242","0","0","0"
"680248","0.03125","0.03125","0.03125"
"680266","0.03125","0.03125","0.03125"
"690230","0.0625","0.0625","0.0625"
"690231","0.03125","0.03125","0.03125"
"690238","0.0625","0.0625","0.0625"
"690240","0.03125","0.03125","0.03125"
"690245","0","0","0"
"690249","0","0","0"
"700226","0","0","0"
"700230","0.03125","0.03125","0.03125"
"700239","0.0625","0.0625","0.0625"
"700251","0.03125","0.03125","0.03125"
"700262","0","0","0"
"700271","0","0","0"
"710223","0","0","0"
"710229","0","0","0"
"710235","0","0","0"
"710251","0","0","0"
"710273","0.03125","0.03125","0.03125"
"710288","0.03125","0.03125","0.03125"
"720235","0","0","0"
"720240","0.0625","0.0625","0.0625"
"720241","0.03125","0.03125","0.03125"
"720242","0","0","0"
"720258","0.03125","0.03125","0.03125"
"720275","0.03125","0.03125","0.03125"
"730224","0","0","0"
"730225","0.0625","0.0625","0.0625"
"730226","0.03125","0.03125","0.03125"
"730235","0.03125","0.03125","0.03125"
"730261","0","0","0"
"730282","0","0","0"
"740239","0","0","0"
"740258","0","0","0"
"740259","0","0","0"
"740269","0.0625","0.0625","0.0625"
"740274","0.03125","0.03125","0.03125"
"740294","0.03125","0.03125","0.03125"
"750221","0.03125","0.03125","0.03125"
"750228","0.0625","0.0625","0.0625"
"750245","0.03125","0.03125","0.03125"
"750247","0.03125","0.03125","0.03125"
"750255","0.03125","0.03125","0.03125"
"750287","0","0","0"
"760253","0.03125","0.03125","0.03125"
"760258","0","0","0"
"760260","0","0","0"
"760265","0","0","0"
"760275","0","0","0"
"760295","0.09375","0.09375","0.09375"
"770221","0.03125","0.03125","0.03125"
"770226","0","0","0"
"770259","0","0","0"
"770261","0","0","0"
"770277","0","0","0"
"770296","0","0","0"
"780223","0.03125","0.03125","0.03125"
"780234","0.03125","0.03125","0.03125"
"780248","0.03125","0.03125","0.03125"
"780249","0.03125","0.03125","0.03125"
"780269","0.0625","0.0625","0.0625"
"780270","0","0","0"
"790238","0.03125","0.03125","0.03125"
"790248","0.0625","0.0625","0.0625"
"790253","0","0","0"
"790261","0.03125","0.03125","0.03125"
"790267","0","0","0"
"790286","0.03125","0.03125","0.03125"
"800221","0.15625","0.15625","0.15625"
"800223","0","0","0"
"800238","0.0625","0.0625","0.0625"
"800240","0","0","0"
"800263","0","0","0"
"800274","0.0625","0.0625","0.0625"
"810224","0.03125","0.03125","0.03125"
"810227","0","0","0"
"810228","0","0","0"
"810252","0.0625","0.0625","0.0625"
"810258","0.03125","0.03125","0.03125"
"810293","0","0","0"
"820228","0","0","0"
"820231","0","0","0"
"820232","0.125","0.09375","0.15625"
"820244","0","0","0"
"820278","0.0625","0.0625","0.0625"
"830241","0","0","0"
"830246","0.03125","0.03125","0.03125"
"830254","0","0","0"
"830260","0","0","0"
"830261","0.03125","0.03125","0.03125"
"840233","0.03125","0.03125","0.03125"
"840250","0.125","0.125","0.125"
"840256","0","0","0"
"840263","0","0","0"
"840269","0","0","0"
"840279","0.03125","0.03125","0.03125"
"850225","0","0","0"
"850228","0","0","0"
"850248","0.03125","0.03125","0.03125"
"850249","0","0","0"
"850253","0.03125","0.03125","0.03125"
"850338","0.03125","0.03125","0.03125"
"860242","0.015625","0","0.03125"
"860252","0.0625","0.0625","0.0625"
"860253","0.0625","0.0625","0.0625"
"860254","0","0","0"
"860267","0.03125","0.03125","0.03125"
"870224","0","0","0"
"870230","0","0","0"
"870247","0.03125","0.03125","0.03125"
"870261","0.03125","0.03125","0.03125"
"870263","0","0","0"
"870304","0.09375","0.09375","0.09375"
"880220","0","0","0"
"880234","0","0","0"
"880239","0","0","0"
"880241","0.0625","0.0625","0.0625"
"880256","0.03125","0.03125","0.03125"
"880257","0","0","0"
"890235","0.09375","0.09375","0.09375"
"890242","0","0","0"
"890245","0","0","0"
"890250","0.03125","0.03125","0.03125"
"890272","0","0","0"
"890294","0.125","0.125","0.125"
"900228","0.0625","0.0625","0.0625"
"900237","0.03125","0.03125","0.03125"
"900241","0","0","0"
"900247","0.03125","0.03125","0.03125"
"900259","0","0","0"
"900273","0.03125","0.03125","0.03125"
"910221","0","0","0"
"910243","0","0","0"
"910247","0","0","0"
"910250","0.03125","0.03125","0.03125"
"910253","0.03125","0.03125","0.03125"
"910271","0.0625","0.0625","0.0625"
"920225","0","0","0"
"920230","0.03125","0.03125","0.03125"
"920231","0","0","0"
"920239","0.03125","0.03125","0.03125"
"920252","0.03125","0.03125","0.03125"
"920262","0","0","0"
"930228","0.03125","0","0.0625"
"930240","0.03125","0.03125","0.03125"
"930244","0.09375","0","0.1875"
"930284","0","0","0"
"940230","0.03125","0.03125","0.03125"
"940232","0","0","0"
"940237","0","0","0"
"940246","0.15625","0.15625","0.15625"
"940251","0.09375","0.09375","0.09375"
"940258","0","0","0"
"950221","0.03125","0.03125","0.03125"
"950229","0.03125","0.03125","0.03125"
"950240","0.09375","0.09375","0.09375"
"950248","0","0","0"
"950263","0","0","0"
"950265","0.03125","0.03125","0.03125"
"960227","0","0","0"
"960241","0","0","0"
"960258","0.03125","0.03125","0.03125"
"960259","0.03125","0.03125","0.03125"
"960294","0.125","0.125","0.125"
"970220","0","0","0"
"970245","0","0","0"
"970246","0.03125","0.03125","0.03125"
"970247","0.03125","0.03125","0.03125"
"970277","0.03125","0","0.0625"
"980225","0.03125","0.03125","0.03125"
"980233","0","0","0"
"980238","0.0625","0.0625","0.0625"
"980257","0","0","0"
"980277","0","0","0"
"980284","0.0625","0.0625","0.0625"
"990229","0.03125","0.03125","0.03125"
"990236","0.03125","0.03125","0.03125"
"990248","0.03125","0.03125","0.03125"
"990252","0.09375","0.09375","0.09375"
"990272","0","0","0"
"990274","0.09375","0.09375","0.09375"
"1000231","0.03125","0.03125","0.03125"
"1000232","0.125","0.125","0.125"
"1000242","0.0625","0.0625","0.0625"
"1000262","0.0625","0.0625","0.0625"
"1000273","0.03125","0.03125","0.03125"
"1000276","0","0","0"
"1010220","0.03125","0.03125","0.03125"
"1010222","0","0","0"
"1010231","0.0625","0.0625","0.0625"
"1010238","0","0","0"
"1010262","0.03125","0.03125","0.03125"
"1010319","0.0625","0.0625","0.0625"
"1020225","0","0","0"
"1020242","0.0625","0.0625","0.0625"
"1020244","0.03125","0.03125","0.03125"
"1020245","0.03125","0.03125","0.03125"
"1020249","0","0","0"
"1020250","0.1875","0.1875","0.1875"
"1030220","0.0625","0.0625","0.0625"
"1030221","0.09375","0.09375","0.09375"
"1030233","0.0625","0.0625","0.0625"
"1030236","0","0","0"
"1030243","0.09375","0.09375","0.09375"
"1030250","0","0","0"
"1040225","0.03125","0.03125","0.03125"
"1040237","0","0","0"
"1040241","0.0625","0.0625","0.0625"
"1040255","0","0","0"
"1040262","0.03125","0.03125","0.03125"
"1040290","0","0","0"
"1050232","0.09375","0.09375","0.09375"
"1050237","0.0625","0.0625","0.0625"
"1050264","0.03125","0.03125","0.03125"
"1050267","0","0","0"
"1050282","0","0","0"
"1050285","0.03125","0.03125","0.03125"
"1060224","0.03125","0.03125","0.03125"
"1060232","0.03125","0.03125","0.03125"
"1060233","0.09375","0.09375","0.09375"
"1060248","0","0","0"
"1060253","0.09375","0.09375","0.09375"
"1060259","0","0","0"
"1070222","0.03125","0.03125","0.03125"
"1070233","0.0625","0.0625","0.0625"
"1070247","0.0625","0.0625","0.0625"
"1070271","0.125","0.125","0.125"
"1070273","0","0","0"
"1070283","0.0625","0.0625","0.0625"
"1080220","0.03125","0.03125","0.03125"
"1080222","0.09375","0.09375","0.09375"
"1080225","0.25","0.25","0.25"
"1080228","0.125","0.125","0.125"
"1080241","0","0","0"
"1080279","0.03125","0.03125","0.03125"
"1090227","0.0625","0.0625","0.0625"
"1090242","0","0","0"
"1090253","0.09375","0.09375","0.09375"
"1090270","0.03125","0.03125","0.03125"
"1090276","0","0","0"
"1090277","0.09375","0.09375","0.09375"
"1100227","0","0","0"
"1100247","0.03125","0.03125","0.03125"
"1100264","0.21875","0.21875","0.21875"
"1100266","0.03125","0.03125","0.03125"
"1100268","0.03125","0.03125","0.03125"
"1100295","0.09375","0.09375","0.09375"
"1110223","0.0625","0.0625","0.0625"
"1110235","0.03125","0.03125","0.03125"
"1110238","0.03125","0.03125","0.03125"
"1110243","0","0","0"
"1110269","0","0","0"
"1110289","0.0625","0.0625","0.0625"
"1120256","0","0","0"
"1120260","0.125","0.125","0.125"
"1120261","0.03125","0","0.0625"
"1120272","0","0","0"
"1120274","0.0625","0.0625","0.0625"
"1130232","0","0","0"
"1130242","0","0","0"
"1130245","0.03125","0.03125","0.03125"
"1130262","0","0","0"
"1130263","0","0","0"
"1130280","0.03125","0.03125","0.03125"
"1140227","0","0","0"
"1140235","0.0625","0.0625","0.0625"
"1140236","0.125","0.125","0.125"
"1140238","0","0","0"
"1140255","0.0625","0.0625","0.0625"
"1140283","0","0","0"
"1150229","0","0","0"
"1150237","0.09375","0.09375","0.09375"
"1150251","0.0625","0.0625","0.0625"
"1150267","0.1875","0.1875","0.1875"
"1150271","0","0","0"
"1150278","0.0625","0.0625","0.0625"
"1160221","0.0625","0.0625","0.0625"
"1160222","0.125","0.125","0.125"
"1160225","0","0","0"
"1160237","0","0","0"
"1160251","0.0625","0.0625","0.0625"
"1160263","0.0625","0.0625","0.0625"
"1170244","0.0625","0.0625","0.0625"
"1170247","0.03125","0.03125","0.03125"
"1170264","0.09375","0.09375","0.09375"
"1170268","0","0","0"
"1170279","0.0625","0.0625","0.0625"
"1170284","0.09375","0.09375","0.09375"
"1180221","0","0","0"
"1180232","0.0625","0.0625","0.0625"
"1180244","0.125","0.125","0.125"
"1180266","0","0","0"
"1180267","0","0","0"
"1180282","0.09375","0.09375","0.09375"
"1190237","0.125","0.125","0.125"
"1190238","0.03125","0.03125","0.03125"
"1190258","0","0","0"
"1190260","0","0","0"
"1190267","0","0","0"
"1200225","0.03125","0.03125","0.03125"
"1200236","0.0625","0.0625","0.0625"
"1200244","0.125","0.125","0.125"
"1200248","0.03125","0.03125","0.03125"
"1200253","0.03125","0.03125","0.03125"
"1200259","0","0","0"
"1210222","0.0625","0.0625","0.0625"
"1210223","0.0625","0.0625","0.0625"
"1210240","0.0625","0.0625","0.0625"
"1210244","0.03125","0.03125","0.03125"
"1210249","0","0","0"
"1210259","0.03125","0.03125","0.03125"
"1220221","0.15625","0.15625","0.15625"
"1220241","0","0","0"
"1220243","0","0","0"
"1220273","0.09375","0.09375","0.09375"
"1220290","0.0625","0.0625","0.0625"
"1220295","0.15625","0.15625","0.15625"
"1230231","0.03125","0.03125","0.03125"
"1230236","0.03125","0.03125","0.03125"
"1230248","0.03125","0.03125","0.03125"
"1230263","0.0625","0.0625","0.0625"
"1230276","0.09375","0.09375","0.09375"
"1230296","0.03125","0.03125","0.03125"
"1240250","0.046875","0","0.09375"
"1240255","0.03125","0.03125","0.03125"
"1240262","0.0625","0.0625","0.0625"
"1240271","0.09375","0.09375","0.09375"
"1240272","0","0","0"
"1250224","0","0","0"
"1250240","0.125","0.125","0.125"
"1250250","0.03125","0.03125","0.03125"
"1250255","0.03125","0.03125","0.03125"
"1250257","0","0","0"
"1250269","0.0625","0.0625","0.0625"
"1260220","0.0625","0.0625","0.0625"
"1260228","0.03125","0.03125","0.03125"
"1260229","0.125","0.125","0.125"
"1260241","0","0","0"
"1260249","0.125","0.125","0.125"
"1260257","0.03125","0.03125","0.03125"
"1270227","0.09375","0.09375","0.09375"
"1270236","0.0625","0.0625","0.0625"
"1270256","0","0","0"
"1270262","0.0625","0.0625","0.0625"
"1270265","0.03125","0.03125","0.03125"
"1270287","0.0625","0.0625","0.0625"
"1280257","0.0625","0.0625","0.0625"
"1280261","0.09375","0.09375","0.09375"
"1280269","0.09375","0.09375","0.09375"
"1280271","0.046875","0.03125","0.0625"
"1280279","0.09375","0.09375","0.09375"
"1290239","0.15625","0.15625","0.15625"
"1290242","0.03125","0.03125","0.03125"
"1290248","0.03125","0.03125","0.03125"
"1290262","0.03125","0.03125","0.03125"
"1290264","0.09375","0.09375","0.09375"
"1290277","0","0","0"
"1300223","0.0625","0.0625","0.0625"
"1300230","0","0","0"
"1300252","0.09375","0.09375","0.09375"
"1300261","0.03125","0.03125","0.03125"
"1300269","0","0","0"
"1300272","0.03125","0.03125","0.03125"
"1310248","0.03125","0.03125","0.03125"
"1310250","0.0625","0.0625","0.0625"
"1310251","0","0","0"
"1310257","0","0","0"
"1310262","0.0625","0.0625","0.0625"
"1310309","0","0","0"
"1320236","0.03125","0.03125","0.03125"
"1320239","0.1875","0.1875","0.1875"
"1320267","0.0625","0.0625","0.0625"
"1320277","0.0625","0.0625","0.0625"
"1320287","0","0","0"
"1320289","0.03125","0.03125","0.03125"
"1330221","0","0","0"
"1330223","0.125","0.125","0.125"
"1330226","0.09375","0.09375","0.09375"
"1330232","0.03125","0.03125","0.03125"
"1330233","0.0625","0.0625","0.0625"
"1330243","0.03125","0.03125","0.03125"
"1340223","0.03125","0.03125","0.03125"
"1340229","0","0","0"
"1340245","0","0","0"
"1340253","0.125","0.125","0.125"
"1340256","0.03125","0.03125","0.03125"
"1340284","0.09375","0.09375","0.09375"
"1350225","0.0625","0.0625","0.0625"
"1350232","0","0","0"
"1350236","0.125","0.125","0.125"
"1350238","0.03125","0.03125","0.03125"
"1350240","0","0","0"
"1350297","0","0","0"
"1360224","0.03125","0.03125","0.03125"
"1360225","0.03125","0.03125","0.03125"
"1360248","0.125","0.125","0.125"
"1360268","0","0","0"
"1360271","0.15625","0.15625","0.15625"
"1360289","0.0625","0.0625","0.0625"
"1370220","0","0","0"
"1370236","0.0625","0.0625","0.0625"
"1370251","0.09375","0.09375","0.09375"
"1370297","0.03125","0.03125","0.03125"
"1370309","0.15625","0.15625","0.15625"
"1380226","0","0","0"
"1380227","0.03125","0.03125","0.03125"
"1380228","0","0","0"
"1380230","0.03125","0.03125","0.03125"
"1380245","0.125","0.125","0.125"
"1380296","0.125","0.125","0.125"
"1390224","0","0","0"
"1390226","0.0625","0.0625","0.0625"
"1390229","0.0625","0.0625","0.0625"
"1390239","0.03125","0.03125","0.03125"
"1390280","0.03125","0.03125","0.03125"
"1390285","0.09375","0.09375","0.09375"
"1400232","0.03125","0.03125","0.03125"
"1400238","0.0625","0.0625","0.0625"
"1400244","0","0","0"
"1400250","0.0625","0.0625","0.0625"
"1400266","0.0625","0.0625","0.0625"
"1400302","0.0625","0.0625","0.0625"
"1410226","0.3125","0.3125","0.3125"
"1410258","0.125","0.125","0.125"
"1410267","0","0","0"
"1410269","0","0","0"
"1410275","0.21875","0.21875","0.21875"
"1410289","0.09375","0.09375","0.09375"
"1420227","0","0","0"
"1420241","0.03125","0.03125","0.03125"
"1420242","0.0625","0.0625","0.0625"
"1420254","0.0625","0.0625","0.0625"
"1420257","0.03125","0.03125","0.03125"
"1420265","0.15625","0.15625","0.15625"
"1430232","0.03125","0.03125","0.03125"
"1430244","0.0625","0.0625","0.0625"
"1430252","0","0","0"
"1430259","0.125","0.125","0.125"
"1430261","0.03125","0.03125","0.03125"
"1430282","0.15625","0.15625","0.15625"
"1440245","0.0625","0.0625","0.0625"
"1440261","0","0","0"
"1440263","0.03125","0.03125","0.03125"
"1440264","0.1875","0.1875","0.1875"
"1440283","0.03125","0.03125","0.03125"
"1440285","0.09375","0.09375","0.09375"
"1450224","0.0625","0.0625","0.0625"
"1450239","0.0625","0.0625","0.0625"
"1450244","0.125","0.125","0.125"
"1450249","0.0625","0.0625","0.0625"
"1450251","0","0","0"
"1450261","0.0625","0.0625","0.0625"
"1460224","0","0","0"
"1460226","0.0625","0.0625","0.0625"
"1460237","0","0","0"
"1460239","0.1875","0.1875","0.1875"
"1460249","0.0625","0.0625","0.0625"
"1460260","0.09375","0.09375","0.09375"
"1470224","0.125","0.125","0.125"
"1470240","0","0","0"
"1470246","0","0","0"
"1470262","0.0625","0.0625","0.0625"
"1470270","0.09375","0.09375","0.09375"
"1470276","0.25","0.25","0.25"
"1480225","0.0625","0.0625","0.0625"
"1480240","0.0625","0.0625","0.0625"
"1480244","0","0","0"
"1480249","0.03125","0.03125","0.03125"
"1480269","0.03125","0.03125","0.03125"
"1480283","0.125","0.125","0.125"
"1490221","0.03125","0","0.0625"
"1490227","0.03125","0.03125","0.03125"
"1490235","0.03125","0.03125","0.03125"
"1490237","0","0","0"
"1490258","0","0","0"
"1500221","0.0625","0.0625","0.0625"
"1500229","0.1875","0.1875","0.1875"
"1500234","0.03125","0.03125","0.03125"
"1500240","0","0","0"
"1500254","0","0","0"
"1500302","0.0625","0.0625","0.0625"
"1510223","0.03125","0.03125","0.03125"
"1510228","0.09375","0.09375","0.09375"
"1510241","0.03125","0.03125","0.03125"
"1510259","0.03125","0.03125","0.03125"
"1510265","0.15625","0.15625","0.15625"
"1510267","0.0625","0.0625","0.0625"
"1520233","0.09375","0.09375","0.09375"
"1520234","0","0","0"
"1520238","0.15625","0.15625","0.15625"
"1520242","0.09375","0.09375","0.09375"
"1520250","0","0","0"
"1520278","0.09375","0.09375","0.09375"
"1530235","0.0625","0.0625","0.0625"
"1530249","0.03125","0.03125","0.03125"
"1530250","0.0625","0.0625","0.0625"
"1530256","0.03125","0.03125","0.03125"
"1530259","0","0","0"
"1530273","0.09375","0.09375","0.09375"
"1540226","0.0625","0.0625","0.0625"
"1540229","0.0625","0.0625","0.0625"
"1540234","0.0625","0.0625","0.0625"
"1540254","0","0","0"
"1540258","0","0","0"
"1540260","0.03125","0.03125","0.03125"
"1550240","0.03125","0.03125","0.03125"
"1550245","0.09375","0.09375","0.09375"
"1550260","0","0","0"
"1550261","0.125","0.125","0.125"
"1550264","0.03125","0.03125","0.03125"
"1550288","0.15625","0.15625","0.15625"
"1560224","0.03125","0.03125","0.03125"
"1560236","0","0","0"
"1560237","0.0625","0.0625","0.0625"
"1560273","0.125","0.125","0.125"
"1560278","0.03125","0.03125","0.03125"
"1560297","0.125","0.125","0.125"
"1570244","0.03125","0.03125","0.03125"
"1570246","0.078125","0","0.15625"
"1570256","0.09375","0.09375","0.09375"
"1570260","0.0625","0.0625","0.0625"
"1570263","0.03125","0.03125","0.03125"
"1580221","0.15625","0.15625","0.15625"
"1580224","0.09375","0.09375","0.09375"
"1580239","0.03125","0.03125","0.03125"
"1580246","0.03125","0.03125","0.03125"
"1580250","0.03125","0.03125","0.03125"
"1580271","0.125","0.125","0.125"
"1590237","0.0625","0.0625","0.0625"
"1590248","0.03125","0.03125","0.03125"
"1590249","0.0625","0.0625","0.0625"
"1590250","0.125","0.125","0.125"
"1590253","0.15625","0.15625","0.15625"
"1590258","0.15625","0.15625","0.15625"
"1600225","0.03125","0.03125","0.03125"
"1600232","0","0","0"
"1600236","0.09375","0.09375","0.09375"
"1600240","0.03125","0.03125","0.03125"
"1600254","0.15625","0.15625","0.15625"
"1600271","0.03125","0.03125","0.03125"
"1610240","0.0625","0.0625","0.0625"
"1610249","0.03125","0.03125","0.03125"
"1610257","0.03125","0.03125","0.03125"
"1610260","0.125","0.125","0.125"
"1610268","0.09375","0.09375","0.09375"
"1610274","0.09375","0.09375","0.09375"
"1620231","0.25","0.25","0.25"
"1620238","0.03125","0.03125","0.03125"
"1620248","0.015625","0","0.03125"
"1620256","0.03125","0.03125","0.03125"
"1620267","0.03125","0.03125","0.03125"
"1630224","0","0","0"
"1630233","0","0","0"
"1630239","0.125","0.125","0.125"
"1630256","0.125","0.125","0.125"
"1630262","0.15625","0.15625","0.15625"
"1630283","0.03125","0.03125","0.03125"
"1640220","0.03125","0.03125","0.03125"
"1640230","0.15625","0.15625","0.15625"
"1640247","0","0","0"
"1640262","0.125","0.125","0.125"
"1640271","0.03125","0.03125","0.03125"
"1640310","0.09375","0.09375","0.09375"
"1650220","0.0625","0.0625","0.0625"
"1650226","0.03125","0.03125","0.03125"
"1650239","0.09375","0.09375","0.09375"
"1650246","0","0","0"
"1650263","0.03125","0.03125","0.03125"
"1650267","0.125","0.125","0.125"
"1660237","0.03125","0.03125","0.03125"
"1660245","0.0625","0.0625","0.0625"
"1660265","0.03125","0.03125","0.03125"
"1660278","0.125","0.125","0.125"
"1660288","0.03125","0.03125","0.03125"
"1660290","0.1875","0.1875","0.1875"
"1670233","0","0","0"
"1670240","0","0","0"
"1670243","0.125","0.125","0.125"
"1670260","0.09375","0.09375","0.09375"
"1670268","0.15625","0.15625","0.15625"
"1670269","0.125","0.125","0.125"
"1680229","0","0","0"
"1680242","0.21875","0.21875","0.21875"
"1680245","0.03125","0.03125","0.03125"
"1680260","0.03125","0.03125","0.03125"
"1680261","0.0625","0.0625","0.0625"
"1680262","0.03125","0.03125","0.03125"
"1690223","0","0","0"
"1690228","0.15625","0.15625","0.15625"
"1690231","0.03125","0.03125","0.03125"
"1690233","0.03125","0.03125","0.03125"
"1690241","0","0","0"
"1690257","0.125","0.125","0.125"
"1700225","0.09375","0.09375","0.09375"
"1700229","0.125","0.125","0.125"
"1700237","0.09375","0.09375","0.09375"
"1700238","0","0","0"
"1700242","0.125","0.125","0.125"
"1700251","0.0625","0.0625","0.0625"
"1710222","0.03125","0.03125","0.03125"
"1710227","0.09375","0.09375","0.09375"
"1710254","0.15625","0.15625","0.15625"
"1710261","0.03125","0.03125","0.03125"
"1710277","0.0625","0.0625","0.0625"
"1710282","0.03125","0.03125","0.03125"
"1720220","0.03125","0.03125","0.03125"
"1720229","0","0","0"
"1720234","0","0","0"
"1720263","0.09375","0.09375","0.09375"
"1720267","0.0625","0.0625","0.0625"
"1720331","0.125","0.125","0.125"
"1730225","0.0625","0.0625","0.0625"
"1730238","0","0","0"
"1730252","0.125","0.125","0.125"
"1730255","0.03125","0.03125","0.03125"
"1730268","0.0625","0.0625","0.0625"
"1730276","0.09375","0.09375","0.09375"
"1740254","0.09375","0.09375","0.09375"
"1740263","0.03125","0.03125","0.03125"
"1740264","0.21875","0.21875","0.21875"
"1740271","0.0625","0.0625","0.0625"
"1740272","0.0625","0.0625","0.0625"
"1740274","0.09375","0.09375","0.09375"
"1750230","0.15625","0.15625","0.15625"
"1750235","0.0625","0.0625","0.0625"
"1750239","0.0625","0.0625","0.0625"
"1750245","0","0","0"
"1750270","0.125","0.125","0.125"
"1750281","0.03125","0.03125","0.03125"
"1760224","0","0","0"
"1760225","0.21875","0.21875","0.21875"
"1760234","0.0625","0.0625","0.0625"
"1760241","0.09375","0.09375","0.09375"
"1760243","0","0","0"
"1760250","0.0625","0.0625","0.0625"
"1770226","0.125","0.125","0.125"
"1770227","0.09375","0.09375","0.09375"
"1770236","0.21875","0.21875","0.21875"
"1770257","0.09375","0.09375","0.09375"
"1770262","0","0","0"
"1770280","0.03125","0.03125","0.03125"
"1780224","0.03125","0.03125","0.03125"
"1780228","0.0625","0.0625","0.0625"
"1780252","0.03125","0.03125","0.03125"
"1780281","0.09375","0.09375","0.09375"
"1780284","0.1875","0.1875","0.1875"
"1780285","0","0","0"
"1790237","0","0","0"
"1790238","0.0625","0.0625","0.0625"
"1790251","0","0","0"
"1790275","0.125","0.125","0.125"
"1790282","0.125","0.09375","0.15625"
"1800221","0.09375","0.09375","0.09375"
"1800223","0.03125","0.03125","0.03125"
"1800230","0","0","0"
"1800242","0.03125","0.03125","0.03125"
"1800273","0.15625","0.15625","0.15625"
"1800294","0.03125","0.03125","0.03125"
"1810222","0.125","0.125","0.125"
"1810242","0.21875","0.21875","0.21875"
"1810249","0.1875","0.1875","0.1875"
"1810272","0.03125","0.03125","0.03125"
"1810295","0.03125","0.03125","0.03125"
"1810308","0.0625","0.0625","0.0625"
"1820231","0.125","0.125","0.125"
"1820241","0.09375","0.09375","0.09375"
"1820242","0.03125","0.03125","0.03125"
"1820244","0","0","0"
"1820256","0.0625","0.0625","0.0625"
"1820264","0","0","0"
"1830232","0.1875","0.1875","0.1875"
"1830258","0.03125","0.03125","0.03125"
"1830263","0","0","0"
"1830265","0.0625","0.0625","0.0625"
"1830266","0.15625","0.15625","0.15625"
"1830340","0.0625","0.0625","0.0625"
"1840223","0.0625","0.0625","0.0625"
"1840238","0.0625","0.0625","0.0625"
"1840261","0.125","0.125","0.125"
"1840266","0.09375","0.09375","0.09375"
"1840284","0.0625","0.0625","0.0625"
"1840317","0.0625","0.0625","0.0625"
"1850223","0.1875","0.1875","0.1875"
"1850225","0.09375","0.09375","0.09375"
"1850229","0","0","0"
"1850233","0.1875","0.1875","0.1875"
"1850234","0.0625","0.0625","0.0625"
"1860238","0.09375","0.09375","0.09375"
"1860248","0.21875","0.21875","0.21875"
"1860252","0.09375","0.09375","0.09375"
"1860260","0.03125","0.03125","0.03125"
"1860264","0.0625","0.0625","0.0625"
"1860266","0","0","0"
"1870231","0.03125","0.03125","0.03125"
"1870234","0.1875","0.1875","0.1875"
"1870238","0.0625","0.0625","0.0625"
"1870245","0.03125","0.03125","0.03125"
"1870251","0.09375","0.09375","0.09375"
"1870264","0.03125","0.03125","0.03125"
"1880225","0.125","0.125","0.125"
"1880234","0.1875","0.1875","0.1875"
"1880247","0","0","0"
"1880265","0.09375","0.09375","0.09375"
"1880279","0.0625","0.0625","0.0625"
"1880281","0.09375","0.09375","0.09375"
"1890239","0.03125","0.03125","0.03125"
"1890243","0.1875","0.1875","0.1875"
"1890249","0","0","0"
"1890257","0.046875","0.03125","0.0625"
"1890262","0.09375","0.09375","0.09375"
"1900236","0.0625","0.0625","0.0625"
"1900247","0.0625","0.0625","0.0625"
"1900260","0.015625","0","0.03125"
"1900276","0.0625","0.0625","0.0625"
"1900298","0","0","0"
"1910223","0.125","0.125","0.125"
"1910229","0","0","0"
"1910231","0.03125","0.03125","0.03125"
"1910237","0.09375","0.09375","0.09375"
"1910256","0","0","0"
"1910296","0.125","0.125","0.125"
"1920229","0.125","0.125","0.125"
"1920245","0.03125","0.03125","0.03125"
"1920253","0.03125","0.03125","0.03125"
"1920260","0.0625","0.0625","0.0625"
"1920261","0.21875","0.21875","0.21875"
"1920277","0.03125","0.03125","0.03125"
"1930224","0","0","0"
"1930225","0.125","0.125","0.125"
"1930231","0.125","0.125","0.125"
"1930245","0","0","0"
"1930252","0.125","0.125","0.125"
"1930257","0.15625","0.15625","0.15625"
"1940234","0.09375","0.09375","0.09375"
"1940239","0.21875","0.21875","0.21875"
"1940258","0.09375","0.09375","0.09375"
"1940268","0.0625","0.0625","0.0625"
"1940289","0","0","0"
"1940292","0.125","0.125","0.125"
"1950221","0.0625","0.0625","0.0625"
"1950228","0.09375","0.09375","0.09375"
"1950239","0.15625","0.15625","0.15625"
"1950251","0","0","0"
"1950278","0.03125","0.03125","0.03125"
"1950300","0.09375","0.09375","0.09375"
"1960226","0.046875","0","0.09375"
"1960230","0.21875","0.21875","0.21875"
"1960237","0.09375","0.09375","0.09375"
"1960265","0.0625","0.0625","0.0625"
"1960275","0","0","0"
"1970220","0.03125","0.03125","0.03125"
"1970221","0.125","0.125","0.125"
"1970232","0.15625","0.15625","0.15625"
"1970247","0.15625","0.15625","0.15625"
"1970274","0.03125","0.03125","0.03125"
"1970299","0","0","0"
"1980228","0.09375","0.09375","0.09375"
"1980250","0.0625","0.0625","0.0625"
"1980259","0.15625","0.15625","0.15625"
"1980266","0.15625","0.15625","0.15625"
"1980269","0.21875","0.21875","0.21875"
"1980276","0.03125","0.03125","0.03125"
"1990232","0.21875","0.21875","0.21875"
"1990234","0","0","0"
"1990260","0.1875","0.1875","0.1875"
"1990267","0.015625","0","0.03125"
"1990272","0.0625","0.0625","0.0625"
"2000230","0.125","0.125","0.125"
"2000236","0.0625","0.0625","0.0625"
"2000238","0","0","0"
"2000242","0.0625","0.0625","0.0625"
"2000244","0.15625","0.15625","0.15625"
"2000260","0.125","0.125","0.125"
"2010226","0.03125","0.03125","0.03125"
"2010249","0.09375","0.09375","0.09375"
"2010259","0.0625","0.0625","0.0625"
"2010263","0.125","0.125","0.125"
"2010272","0.03125","0.03125","0.03125"
"2010276","0.09375","0.09375","0.09375"
"2020220","0.15625","0.15625","0.15625"
"2020226","0.03125","0.03125","0.03125"
"2020250","0.09375","0.09375","0.09375"
"2020251","0","0","0"
"2020259","0.15625","0.15625","0.15625"
"2020264","0.15625","0.15625","0.15625"
"2030242","0.15625","0.15625","0.15625"
"2030246","0.03125","0.03125","0.03125"
"2030253","0.0625","0.0625","0.0625"
"2030255","0.125","0.125","0.125"
"2030300","0.125","0.125","0.125"
"2030338","0.09375","0.09375","0.09375"
"2040237","0.1875","0.1875","0.1875"
"2040238","0.03125","0.03125","0.03125"
"2040250","0.03125","0.03125","0.03125"
"2040256","0.0625","0.0625","0.0625"
"2040274","0.03125","0.03125","0.03125"
"2040308","0.15625","0.15625","0.15625"
"2050223","0.0625","0.0625","0.0625"
"2050234","0.125","0.125","0.125"
"2050236","0.03125","0.03125","0.03125"
"2050242","0.21875","0.21875","0.21875"
"2050244","0.125","0.125","0.125"
"2050253","0.03125","0.03125","0.03125"
"2060232","0.125","0.125","0.125"
"2060233","0.09375","0.09375","0.09375"
"2060235","0.03125","0.03125","0.03125"
"2060243","0","0","0"
"2060284","0.1875","0.1875","0.1875"
"2060293","0","0","0"
"2070228","0.09375","0.09375","0.09375"
"2070229","0.0625","0.0625","0.0625"
"2070236","0.25","0.25","0.25"
"2070239","0","0","0"
"2070246","0.03125","0.03125","0.03125"
"2070266","0.09375","0.09375","0.09375"
"2080230","0.09375","0.09375","0.09375"
"2080237","0","0","0"
"2080240","0.15625","0.15625","0.15625"
"2080265","0.03125","0.03125","0.03125"
"2080277","0.0625","0.0625","0.0625"
"2080278","0.09375","0.09375","0.09375"
"2090223","0.03125","0.03125","0.03125"
"2090247","0.03125","0.03125","0.03125"
"2090254","0.0625","0.0625","0.0625"
"2090263","0.09375","0.09375","0.09375"
"2090275","0.15625","0.15625","0.15625"
"2090280","0.125","0.125","0.125"
"2100224","0.0625","0.0625","0.0625"
"2100248","0.125","0.125","0.125"
"2100258","0.28125","0.28125","0.28125"
"2100264","0.0625","0.0625","0.0625"
"2100271","0","0","0"
"2100312","0","0","0"
"2110220","0.03125","0.03125","0.03125"
"2110228","0.0625","0.0625","0.0625"
"2110237","0.0625","0.0625","0.0625"
"2110258","0.1875","0.1875","0.1875"
"2110259","0.125","0.125","0.125"
"2110260","0.15625","0.15625","0.15625"
"2120221","0.09375","0.09375","0.09375"
"2120249","0.21875","0.21875","0.21875"
"2120255","0.125","0.125","0.125"
"2120261","0.03125","0.03125","0.03125"
"2120270","0.03125","0.03125","0.03125"
"2120312","0.125","0.125","0.125"
"2130221","0.21875","0.21875","0.21875"
"2130224","0.0625","0.0625","0.0625"
"2130231","0.0625","0.0625","0.0625"
"2130266","0.0625","0.0625","0.0625"
"2130276","0.03125","0.03125","0.03125"
"2130286","0.09375","0.09375","0.09375"
"2140235","0.03125","0.03125","0.03125"
"2140236","0.09375","0.09375","0.09375"
"2140253","0.1875","0.1875","0.1875"
"2140261","0.03125","0.03125","0.03125"
"2140263","0.0625","0.0625","0.0625"
"2140293","0.09375","0.09375","0.09375"
"2150225","0.15625","0.15625","0.15625"
"2150233","0.03125","0.03125","0.03125"
"2150236","0.03125","0.03125","0.03125"
"2150239","0.15625","0.15625","0.15625"
"2150245","0.046875","0.03125","0.0625"
"2160221","0.1875","0.1875","0.1875"
"2160225","0.125","0.125","0.125"
"2160233","0.0625","0.0625","0.0625"
"2160236","0.0625","0.0625","0.0625"
"2160249","0.09375","0.09375","0.09375"
"2160287","0.15625","0.15625","0.15625"
"2170230","0.03125","0.03125","0.03125"
"2170234","0","0","0"
"2170246","0.03125","0.03125","0.03125"
"2170249","0.15625","0.15625","0.15625"
"2170284","0.28125","0.28125","0.28125"
"2170303","0.15625","0.15625","0.15625"
"2180221","0.125","0.125","0.125"
"2180235","0.15625","0.15625","0.15625"
"2180249","0.03125","0.03125","0.03125"
"2180281","0.0625","0.0625","0.0625"
"2180291","0.125","0.125","0.125"
"2180301","0.15625","0.15625","0.15625"
"2190231","0.03125","0.03125","0.03125"
"2190238","0.15625","0.15625","0.15625"
"2190248","0.125","0.125","0.125"
"2190255","0.03125","0.03125","0.03125"
"2190257","0.1875","0.1875","0.1875"
"2190280","0.125","0.125","0.125"
"2200230","0.09375","0.09375","0.09375"
"2200232","0.03125","0.03125","0.03125"
"2200242","0.03125","0.03125","0.03125"
"2200251","0.21875","0.21875","0.21875"
"2200261","0.25","0.25","0.25"
"2200267","0.09375","0.09375","0.09375"
"2210232","0","0","0"
"2210253","0.03125","0.03125","0.03125"
"2210256","0.15625","0.15625","0.15625"
"2210267","0.15625","0.15625","0.15625"
"2210275","0.1875","0.1875","0.1875"
"2210290","0.09375","0.09375","0.09375"
"2220229","0.125","0.03125","0.21875"
"2220236","0.15625","0.15625","0.15625"
"2220245","0.09375","0.09375","0.09375"
"2220250","0.0625","0.0625","0.0625"
"2220257","0","0","0"
"2230224","0.28125","0.28125","0.28125"
"2230231","0.125","0.09375","0.15625"
"2230232","0.15625","0.15625","0.15625"
"2230234","0.03125","0.03125","0.03125"
"2230290","0.09375","0.09375","0.09375"
"2240239","0.15625","0.0625","0.25"
"2240242","0.03125","0.03125","0.03125"
"2240244","0.09375","0.09375","0.09375"
"2240246","0.03125","0.03125","0.03125"
"2240292","0.09375","0.09375","0.09375"
"2250238","0.09375","0.09375","0.09375"
"2250256","0.21875","0.21875","0.21875"
"2250262","0.0625","0.0625","0.0625"
"2250276","0","0","0"
"2250277","0.03125","0.03125","0.03125"
"2250300","0.15625","0.15625","0.15625"
"2260230","0.09375","0.09375","0.09375"
"2260237","0.0625","0.0625","0.0625"
"2260241","0.0625","0.0625","0.0625"
"2260245","0.21875","0.21875","0.21875"
"2260254","0.125","0.125","0.125"
"2260265","0.15625","0.15625","0.15625"
"2270220","0.15625","0.15625","0.15625"
"2270240","0.03125","0.03125","0.03125"
"2270250","0.03125","0.03125","0.03125"
"2270252","0.0625","0.0625","0.0625"
"2270269","0.1875","0.1875","0.1875"
"2270271","0.125","0.125","0.125"
"2280224","0.0625","0.0625","0.0625"
"2280257","0.15625","0.15625","0.15625"
"2280260","0.125","0.125","0.125"
"2280264","0.0625","0.0625","0.0625"
"2280291","0.09375","0.09375","0.09375"
"2280315","0.09375","0.09375","0.09375"
"2290223","0.21875","0.21875","0.21875"
"2290245","0.09375","0.09375","0.09375"
"2290254","0.03125","0.03125","0.03125"
"2290278","0.03125","0.03125","0.03125"
"2290283","0.15625","0.15625","0.15625"
"2290311","0.125","0.125","0.125"
"2300224","0.1875","0.1875","0.1875"
"2300226","0.125","0.125","0.125"
"2300249","0.25","0.25","0.25"
"2300252","0.125","0.125","0.125"
"2300257","0","0","0"
"2300260","0.0625","0.0625","0.0625"
"2310255","0.03125","0.03125","0.03125"
"2310257","0.171875","0.09375","0.25"
"2310270","0.125","0.125","0.125"
"2310271","0.125","0.125","0.125"
"2310287","0.0625","0.0625","0.0625"
"2320238","0.125","0.125","0.125"
"2320240","0.140625","0.03125","0.25"
"2320245","0.09375","0.09375","0.09375"
"2320247","0.125","0.125","0.125"
"2320288","0.09375","0.09375","0.09375"
"2330239","0.03125","0.03125","0.03125"
"2330252","0.3125","0.3125","0.3125"
"2330257","0.125","0.125","0.125"
"2330267","0.0625","0.0625","0.0625"
"2330293","0.15625","0.15625","0.15625"
"2330366","0.25","0.25","0.25"
"2340227","0.03125","0.03125","0.03125"
"2340246","0.125","0.125","0.125"
"2340251","0.03125","0.03125","0.03125"
"2340257","0.03125","0.03125","0.03125"
"2340275","0.125","0.125","0.125"
"2340352","0.125","0.125","0.125"
"2350237","0.0625","0.0625","0.0625"
"2350242","0.03125","0.03125","0.03125"
"2350248","0.125","0.125","0.125"
"2350258","0.09375","0.09375","0.09375"
"2350280","0.125","0.125","0.125"
"2350287","0.15625","0.15625","0.15625"
"2360220","0.0625","0.0625","0.0625"
"2360225","0","0","0"
"2360244","0.15625","0.15625","0.15625"
"2360254","0.03125","0.03125","0.03125"
"2360261","0.125","0.125","0.125"
"2360309","0.21875","0.21875","0.21875"
"2370230","0.0625","0.0625","0.0625"
"2370239","0","0","0"
"2370245","0.15625","0.15625","0.15625"
"2370255","0.1875","0.1875","0.1875"
"2370261","0.125","0.125","0.125"
"2370268","0.09375","0.09375","0.09375"
"2380224","0.125","0.125","0.125"
"2380230","0.0625","0.0625","0.0625"
"2380231","0.125","0.125","0.125"
"2380240","0","0","0"
"2380243","0.125","0.125","0.125"
"2380272","0.09375","0.09375","0.09375"
"2390248","0.15625","0.15625","0.15625"
"2390250","0.03125","0.03125","0.03125"
"2390255","0.1875","0.1875","0.1875"
"2390267","0.0625","0.0625","0.0625"
"2390276","0.09375","0.09375","0.09375"
"2390332","0.125","0.125","0.125"
"2400250","0.1875","0.1875","0.1875"
"2400256","0.15625","0.15625","0.15625"
"2400271","0.0625","0.0625","0.0625"
"2400272","0.09375","0.09375","0.09375"
"2400274","0","0","0"
"2400298","0.03125","0.03125","0.03125"
"2410243","0.09375","0.09375","0.09375"
"2410247","0.03125","0.03125","0.03125"
"2410252","0.21875","0.21875","0.21875"
"2410259","0.03125","0.03125","0.03125"
"2410265","0.0625","0.0625","0.0625"
"2410266","0.0625","0.0625","0.0625"
"2420241","0.0625","0.0625","0.0625"
"2420244","0.203125","0.15625","0.25"
"2420266","0.15625","0.15625","0.15625"
"2420274","0.125","0.125","0.125"
"2420282","0","0","0"
"2430220","0.125","0.125","0.125"
"2430242","0","0","0"
"2430250","0.09375","0.09375","0.09375"
"2430253","0.09375","0.09375","0.09375"
"2430257","0.09375","0.09375","0.09375"
"2430284","0.25","0.25","0.25"
"2440242","0.125","0.125","0.125"
"2440251","0.03125","0.03125","0.03125"
"2440253","0.125","0.125","0.125"
"2440266","0.125","0.125","0.125"
"2440274","0.09375","0.09375","0.09375"
"2450241","0.0625","0.0625","0.0625"
"2450250","0.1875","0.1875","0.1875"
"2450270","0.15625","0.15625","0.15625"
"2450285","0.109375","0.0625","0.15625"
"2450286","0.03125","0.03125","0.03125"
"2460231","0.15625","0.15625","0.15625"
"2460242","0.03125","0.03125","0.03125"
"2460255","0.03125","0.03125","0.03125"
"2460256","0.21875","0.21875","0.21875"
"2460261","0.09375","0.09375","0.09375"
"2460269","0.15625","0.15625","0.15625"
"2470236","0.15625","0.15625","0.15625"
"2470254","0.15625","0.15625","0.15625"
"2470257","0.09375","0.09375","0.09375"
"2470260","0","0","0"
"2470270","0.21875","0.21875","0.21875"
"2470272","0.15625","0.15625","0.15625"
"2480221","0","0","0"
"2480238","0.15625","0.15625","0.15625"
"2480241","0.03125","0.03125","0.03125"
"2480249","0.03125","0.03125","0.03125"
"2480252","0.25","0.25","0.25"
"2480263","0.0625","0.0625","0.0625"
"2490245","0.03125","0.03125","0.03125"
"2490255","0.0625","0.0625","0.0625"
"2490259","0.125","0.125","0.125"
"2490268","0.125","0.125","0.125"
"2490270","0.0625","0.0625","0.0625"
"2490292","0.25","0.25","0.25"
"2500226","0.03125","0.03125","0.03125"
"2500244","0.09375","0.09375","0.09375"
"2500257","0.21875","0.21875","0.21875"
"2500258","0.125","0.125","0.125"
"2500267","0.21875","0.21875","0.21875"
"2500270","0","0","0"
"2510234","0.0625","0.0625","0.0625"
"2510241","0.25","0.25","0.25"
"2510262","0.09375","0.09375","0.09375"
"2510265","0.03125","0.03125","0.03125"
"2510272","0.03125","0.03125","0.03125"
"2510273","0.09375","0.09375","0.09375"
"2520223","0.21875","0.21875","0.21875"
"2520231","0","0","0"
"2520233","0.15625","0.15625","0.15625"
"2520260","0.0625","0.0625","0.0625"
"2520262","0.25","0.25","0.25"
"2520287","0.125","0.125","0.125"
"2530222","0.09375","0.09375","0.09375"
"2530226","0.0625","0.0625","0.0625"
"2530228","0.21875","0.21875","0.21875"
"2530234","0.15625","0.15625","0.15625"
"2530259","0.125","0.125","0.125"
"2530284","0.09375","0.09375","0.09375"
"2540222","0.0625","0.0625","0.0625"
"2540239","0.09375","0.09375","0.09375"
"2540249","0.09375","0.09375","0.09375"
"2540251","0.1875","0.1875","0.1875"
"2540264","0.125","0.125","0.125"
"2540265","0.125","0.125","0.125"
"2550231","0.21875","0.21875","0.21875"
"2550244","0.09375","0.09375","0.09375"
"2550246","0.1875","0.1875","0.1875"
"2550250","0.0625","0.0625","0.0625"
"2550259","0.078125","0.0625","0.09375"
"2560221","0.15625","0.15625","0.15625"
"2560225","0.09375","0.09375","0.09375"
"2560235","0.15625","0.15625","0.15625"
"2560249","0","0","0"
"2560305","0.21875","0.21875","0.21875"
"2560310","0.15625","0.15625","0.15625"
"2570225","0.21875","0.21875","0.21875"
"2570247","0.109375","0.0625","0.15625"
"2570262","0.09375","0","0.1875"
"2570294","0.3125","0.3125","0.3125"
"2580220","0.15625","0.15625","0.15625"
"2580230","0.25","0.25","0.25"
"2580231","0.09375","0.09375","0.09375"
"2580275","0.15625","0.15625","0.15625"
"2580287","0.21875","0.21875","0.21875"
"2580294","0.09375","0.09375","0.09375"
"2590221","0.0625","0.0625","0.0625"
"2590225","0.15625","0.15625","0.15625"
"2590238","0.125","0.125","0.125"
"2590256","0.21875","0.21875","0.21875"
"2590265","0.34375","0.34375","0.34375"
"2590274","0.09375","0.09375","0.09375"
"2600236","0.28125","0.28125","0.28125"
"2600254","0.0625","0.0625","0.0625"
"2600258","0.09375","0.09375","0.09375"
"2600259","0.0625","0.0625","0.0625"
"2600261","0.03125","0.03125","0.03125"
"2600262","0.28125","0.28125","0.28125"
"2610226","0.125","0.125","0.125"
"2610237","0.09375","0.09375","0.09375"
"2610245","0.125","0.125","0.125"
"2610247","0.09375","0.09375","0.09375"
"2610259","0.0625","0.0625","0.0625"
"2610275","0.03125","0.03125","0.03125"
"2620223","0.0625","0.0625","0.0625"
"2620234","0.125","0.125","0.125"
"2620242","0.15625","0.15625","0.15625"
"2620250","0.125","0.125","0.125"
"2620259","0.0625","0.0625","0.0625"
"2620260","0.0625","0.0625","0.0625"
"2630225","0.15625","0.15625","0.15625"
"2630236","0.15625","0.15625","0.15625"
"2630238","0.0625","0.0625","0.0625"
"2630244","0.03125","0.03125","0.03125"
"2630254","0.0625","0.0625","0.0625"
"2630260","0.15625","0.15625","0.15625"
"2640236","0.125","0.125","0.125"
"2640240","0.09375","0.09375","0.09375"
"2640251","0.1875","0.1875","0.1875"
"2640270","0","0","0"
"2640276","0.09375","0.09375","0.09375"
"2640280","0.1875","0.1875","0.1875"
"2650223","0.125","0.125","0.125"
"2650233","0.09375","0.09375","0.09375"
"2650247","0.21875","0.21875","0.21875"
"2650257","0.09375","0.09375","0.09375"
"2650264","0.15625","0.15625","0.15625"
"2650272","0.125","0.125","0.125"
"2660221","0.125","0.125","0.125"
"2660235","0","0","0"
"2660256","0.125","0.125","0.125"
"2660262","0.09375","0.09375","0.09375"
"2660269","0.09375","0.09375","0.09375"
"2660292","0.125","0.125","0.125"
"2670223","0.09375","0.09375","0.09375"
"2670240","0.1875","0.1875","0.1875"
"2670242","0.15625","0.15625","0.15625"
"2670251","0.25","0.25","0.25"
"2670278","0.109375","0.0625","0.15625"
"2680228","0.1875","0.1875","0.1875"
"2680248","0.25","0.25","0.25"
"2680252","0.1875","0.1875","0.1875"
"2680253","0.0625","0.0625","0.0625"
"2680269","0.03125","0.03125","0.03125"
"2680281","0.15625","0.15625","0.15625"
"2690241","0.125","0.125","0.125"
"2690262","0.125","0.125","0.125"
"2690267","0.03125","0.03125","0.03125"
"2690274","0.09375","0.09375","0.09375"
"2690275","0.09375","0.09375","0.09375"
"2690317","0.03125","0.03125","0.03125"
"2700236","0.0625","0.0625","0.0625"
"2700246","0.0625","0.0625","0.0625"
"2700255","0.203125","0.1875","0.21875"
"2700259","0.1875","0.1875","0.1875"
"2700261","0.03125","0.03125","0.03125"
"2710229","0.03125","0.03125","0.03125"
"2710242","0.125","0.125","0.125"
"2710245","0.09375","0.09375","0.09375"
"2710260","0.15625","0.15625","0.15625"
"2710264","0.0625","0.0625","0.0625"
"2710275","0.1875","0.1875","0.1875"
"2720222","0.1875","0.1875","0.1875"
"2720223","0.1875","0.1875","0.1875"
"2720225","0.03125","0.03125","0.03125"
"2720238","0.125","0.125","0.125"
"2720249","0","0","0"
"2730221","0.03125","0.03125","0.03125"
"2730250","0.03125","0.03125","0.03125"
"2730261","0.1875","0.1875","0.1875"
"2730275","0.21875","0.21875","0.21875"
"2730290","0.15625","0.15625","0.15625"
"2730294","0.09375","0.09375","0.09375"
"2740228","0.25","0.25","0.25"
"2740251","0.15625","0.15625","0.15625"
"2740255","0","0","0"
"2740256","0.1875","0.1875","0.1875"
"2740261","0.0625","0.0625","0.0625"
"2740273","0.21875","0.21875","0.21875"
"2750235","0.125","0.125","0.125"
"2750258","0.03125","0.03125","0.03125"
"2750261","0.15625","0.15625","0.15625"
"2750270","0.09375","0.09375","0.09375"
"2750280","0.28125","0.28125","0.28125"
"2750302","0.0625","0.0625","0.0625"
"2760226","0.0625","0.0625","0.0625"
"2760240","0.21875","0.1875","0.25"
"2760245","0.109375","0","0.21875"
"2760265","0.15625","0.15625","0.15625"
"2770221","0.125","0.125","0.125"
"2770225","0.125","0.125","0.125"
"2770239","0.15625","0.15625","0.15625"
"2770271","0.09375","0.09375","0.09375"
"2770283","0.0625","0.0625","0.0625"
"2770287","0.09375","0.09375","0.09375"
"2780227","0.28125","0.28125","0.28125"
"2780234","0","0","0"
"2780241","0.21875","0.21875","0.21875"
"2780245","0.0625","0.0625","0.0625"
"2780259","0.15625","0.15625","0.15625"
"2780282","0.03125","0.03125","0.03125"
"2790246","0.03125","0.03125","0.03125"
"2790252","0.21875","0.21875","0.21875"
"2790257","0.03125","0.03125","0.03125"
"2790284","0.15625","0.15625","0.15625"
"2790286","0.15625","0.15625","0.15625"
"2790308","0.15625","0.15625","0.15625"
"2800228","0.21875","0.21875","0.21875"
"2800262","0.203125","0.15625","0.25"
"2800264","0.125","0.125","0.125"
"2800272","0.0625","0.0625","0.0625"
"2800273","0.0625","0.0625","0.0625"
"2810234","0","0","0"
"2810240","0.15625","0.15625","0.15625"
"2810243","0.21875","0.21875","0.21875"
"2810267","0.15625","0.15625","0.15625"
"2810277","0.25","0.25","0.25"
"2810295","0.21875","0.21875","0.21875"
"2820226","0.125","0.125","0.125"
"2820231","0.25","0.25","0.25"
"2820241","0.03125","0.03125","0.03125"
"2820259","0.125","0.125","0.125"
"2820275","0.15625","0.15625","0.15625"
"2820282","0.28125","0.28125","0.28125"
"2830234","0.1875","0.1875","0.1875"
"2830254","0.28125","0.28125","0.28125"
"2830263","0.1875","0.1875","0.1875"
"2830271","0.09375","0.09375","0.09375"
"2830281","0","0","0"
"2830288","0.25","0.25","0.25"
"2840228","0","0","0"
"2840232","0.1875","0.1875","0.1875"
"2840249","0.0625","0.0625","0.0625"
"2840253","0.15625","0.15625","0.15625"
"2840265","0.125","0.125","0.125"
"2840278","0.125","0.125","0.125"
"2850221","0.03125","0.03125","0.03125"
"2850244","0.0625","0.0625","0.0625"
"2850257","0","0","0"
"2850265","0.15625","0.15625","0.15625"
"2850269","0.1875","0.1875","0.1875"
"2850310","0.21875","0.21875","0.21875"
"2860228","0.09375","0.09375","0.09375"
"2860238","0.0625","0.0625","0.0625"
"2860247","0.0625","0.0625","0.0625"
"2860267","0.1875","0.1875","0.1875"
"2860280","0.1875","0.1875","0.1875"
"2860303","0.28125","0.28125","0.28125"
"2870221","0","0","0"
"2870222","0.125","0.125","0.125"
"2870255","0.15625","0.15625","0.15625"
"2870264","0.15625","0.15625","0.15625"
"2870266","0.15625","0.15625","0.15625"
"2870271","0.125","0.125","0.125"
"2880245","0.21875","0.21875","0.21875"
"2880252","0.09375","0.09375","0.09375"
"2880257","0","0","0"
"2880262","0.1875","0.1875","0.1875"
"2880270","0.15625","0.15625","0.15625"
"2880311","0.125","0.125","0.125"
"2890226","0.203125","0.125","0.28125"
"2890231","0.125","0.125","0.125"
"2890237","0.1875","0.1875","0.1875"
"2890269","0.125","0.125","0.125"
"2890274","0.03125","0.03125","0.03125"
"2900238","0.09375","0.09375","0.09375"
"2900241","0.25","0.25","0.25"
"2900242","0.09375","0.09375","0.09375"
"2900244","0.21875","0.21875","0.21875"
"2900249","0.125","0.125","0.125"
"2900267","0.15625","0.15625","0.15625"
"2910220","0","0","0"
"2910223","0.125","0.125","0.125"
"2910261","0.09375","0.09375","0.09375"
"2910299","0.25","0.25","0.25"
"2910307","0.15625","0.15625","0.15625"
"2910312","0.125","0.125","0.125"
"2920242","0","0","0"
"2920251","0.15625","0.15625","0.15625"
"2920261","0.25","0.25","0.25"
"2920272","0.15625","0.15625","0.15625"
"2920278","0.1875","0.1875","0.1875"
"2920284","0.15625","0.15625","0.15625"
"2930238","0.0625","0.0625","0.0625"
"2930249","0.15625","0.15625","0.15625"
"2930251","0.09375","0.09375","0.09375"
"2930258","0.0625","0.0625","0.0625"
"2930263","0.25","0.25","0.25"
"2930282","0.1875","0.1875","0.1875"
"2940237","0.21875","0.21875","0.21875"
"2940238","0.1875","0.1875","0.1875"
"2940252","0.21875","0.21875","0.21875"
"2940267","0.21875","0.21875","0.21875"
"2940273","0.09375","0.09375","0.09375"
"2940274","0.125","0.125","0.125"
"2950237","0.125","0.125","0.125"
"2950255","0.09375","0.09375","0.09375"
"2950261","0.1875","0.1875","0.1875"
"2950268","0.09375","0.09375","0.09375"
"2950291","0.21875","0.21875","0.21875"
"2950301","0.125","0.125","0.125"
"2960227","0.125","0.125","0.125"
"2960230","0.125","0.125","0.125"
"2960256","0.0625","0.0625","0.0625"
"2960257","0.21875","0.21875","0.21875"
"2960266","0.15625","0.15625","0.15625"
"2960341","0.15625","0.15625","0.15625"
"2970236","0.1875","0.1875","0.1875"
"2970239","0.03125","0.03125","0.03125"
"2970243","0.15625","0.15625","0.15625"
"2970251","0.21875","0.21875","0.21875"
"2970261","0.0625","0.0625","0.0625"
"2970272","0.1875","0.1875","0.1875"
"2980245","0.125","0.125","0.125"
"2980254","0.171875","0.03125","0.3125"
"2980255","0.15625","0.15625","0.15625"
"2980266","0.25","0.25","0.25"
"2980292","0.1875","0.1875","0.1875"
"2990233","0.0625","0.0625","0.0625"
"2990237","0.125","0.125","0.125"
"2990246","0.0625","0.0625","0.0625"
"2990247","0.15625","0.15625","0.15625"
"2990265","0.28125","0.28125","0.28125"
"2990288","0.21875","0.21875","0.21875"
"3000225","0.1875","0.1875","0.1875"
"3000232","0.09375","0.09375","0.09375"
"3000237","0.078125","0.0625","0.09375"
"3000249","0.03125","0.03125","0.03125"
"3000253","0.15625","0.15625","0.15625"