"Step","Group: 3s5z_vs_3s6z_ACORM_WMnocl - win_rate","Group: 3s5z_vs_3s6z_ACORM_WMnocl - win_rate__MIN","Group: 3s5z_vs_3s6z_ACORM_WMnocl - win_rate__MAX"
"0","0","0","0"
"10220","0","0","0"
"10228","0","0","0"
"10238","0","0","0"
"10247","0","0","0"
"10248","0","0","0"
"10258","0","0","0"
"20234","0","0","0"
"20240","0","0","0"
"20241","0","0","0"
"20243","0","0","0"
"20247","0","0","0"
"20251","0","0","0"
"30226","0","0","0"
"30228","0","0","0"
"30251","0","0","0"
"30254","0","0","0"
"30256","0","0","0"
"30262","0","0","0"
"40225","0","0","0"
"40226","0","0","0"
"40235","0","0","0"
"40240","0","0","0"
"40251","0","0","0"
"40253","0","0","0"
"50225","0","0","0"
"50227","0","0","0"
"50235","0","0","0"
"50236","0","0","0"
"50239","0","0","0"
"50241","0","0","0"
"60220","0","0","0"
"60222","0","0","0"
"60223","0","0","0"
"60230","0","0","0"
"60246","0","0","0"
"60251","0","0","0"
"70222","0","0","0"
"70243","0","0","0"
"70250","0","0","0"
"70253","0","0","0"
"70266","0","0","0"
"70361","0","0","0"
"80230","0","0","0"
"80235","0","0","0"
"80248","0","0","0"
"80253","0","0","0"
"80257","0","0","0"
"80260","0","0","0"
"90225","0","0","0"
"90226","0","0","0"
"90233","0","0","0"
"90234","0","0","0"
"90252","0","0","0"
"90258","0","0","0"
"100230","0","0","0"
"100234","0","0","0"
"100237","0","0","0"
"100250","0","0","0"
"100251","0","0","0"
"100254","0","0","0"
"110222","0","0","0"
"110243","0","0","0"
"110255","0","0","0"
"110256","0","0","0"
"110258","0","0","0"
"110380","0","0","0"
"120227","0","0","0"
"120228","0","0","0"
"120234","0","0","0"
"120249","0","0","0"
"120251","0","0","0"
"120297","0","0","0"
"130227","0","0","0"
"130234","0","0","0"
"130239","0","0","0"
"130257","0","0","0"
"130260","0","0","0"
"130280","0","0","0"
"140232","0","0","0"
"140239","0","0","0"
"140240","0","0","0"
"140243","0","0","0"
"140251","0","0","0"
"140270","0","0","0"
"150221","0","0","0"
"150239","0","0","0"
"150259","0","0","0"
"150263","0","0","0"
"150269","0","0","0"
"150294","0","0","0"
"160223","0","0","0"
"160226","0","0","0"
"160248","0","0","0"
"160250","0","0","0"
"160262","0","0","0"
"160310","0","0","0"
"170227","0","0","0"
"170234","0","0","0"
"170237","0","0","0"
"170238","0","0","0"
"170260","0","0","0"
"170261","0","0","0"
"180222","0","0","0"
"180229","0","0","0"
"180238","0","0","0"
"180242","0","0","0"
"180258","0","0","0"
"180260","0","0","0"
"190229","0","0","0"
"190234","0","0","0"
"190249","0","0","0"
"190251","0","0","0"
"190261","0","0","0"
"190370","0","0","0"
"200235","0","0","0"
"200236","0","0","0"
"200257","0","0","0"
"200260","0","0","0"
"200265","0","0","0"
"200378","0","0","0"
"210222","0","0","0"
"210248","0","0","0"
"210271","0","0","0"
"210284","0","0","0"
"210291","0","0","0"
"210308","0","0","0"
"220220","0","0","0"
"220233","0","0","0"
"220237","0","0","0"
"220243","0","0","0"
"220263","0","0","0"
"230240","0","0","0"
"230249","0","0","0"
"230252","0","0","0"
"230255","0","0","0"
"230281","0","0","0"
"230292","0","0","0"
"240221","0","0","0"
"240224","0","0","0"
"240226","0","0","0"
"240243","0","0","0"
"240358","0","0","0"
"240375","0","0","0"
"250234","0","0","0"
"250235","0","0","0"
"250254","0","0","0"
"250256","0","0","0"
"250278","0","0","0"
"250373","0","0","0"
"260225","0","0","0"
"260231","0","0","0"
"260235","0","0","0"
"260249","0","0","0"
"260256","0","0","0"
"260260","0","0","0"
"270234","0","0","0"
"270245","0","0","0"
"270261","0","0","0"
"270271","0","0","0"
"270338","0","0","0"
"270349","0","0","0"
"280231","0","0","0"
"280245","0","0","0"
"280260","0","0","0"
"280270","0","0","0"
"280322","0","0","0"
"280378","0","0","0"
"290224","0","0","0"
"290229","0","0","0"
"290256","0","0","0"
"290286","0","0","0"
"290313","0","0","0"
"290361","0","0","0"
"300233","0","0","0"
"300256","0","0","0"
"300258","0","0","0"
"300263","0","0","0"
"300267","0","0","0"
"300283","0","0","0"
"310224","0","0","0"
"310233","0","0","0"
"310245","0","0","0"
"310262","0.03125","0.03125","0.03125"
"310265","0","0","0"
"310321","0","0","0"
"320226","0","0","0"
"320236","0","0","0"
"320237","0","0","0"
"320241","0","0","0"
"320269","0","0","0"
"320377","0","0","0"
"330234","0","0","0"
"330251","0","0","0"
"330257","0","0","0"
"330259","0","0","0"
"330260","0","0","0"
"330335","0","0","0"
"340224","0","0","0"
"340238","0","0","0"
"340243","0","0","0"
"340255","0","0","0"
"340277","0","0","0"
"340300","0","0","0"
"350240","0","0","0"
"350241","0","0","0"
"350266","0","0","0"
"350268","0","0","0"
"350273","0","0","0"
"360257","0","0","0"
"360259","0","0","0"
"360265","0","0","0"
"360269","0","0","0"
"360312","0","0","0"
"360370","0","0","0"
"370221","0","0","0"
"370230","0","0","0"
"370245","0","0","0"
"370249","0","0","0"
"370264","0","0","0"
"370318","0","0","0"
"380222","0","0","0"
"380229","0","0","0"
"380248","0","0","0"
"380252","0","0","0"
"380258","0","0","0"
"380334","0","0","0"
"390249","0","0","0"
"390250","0","0","0"
"390301","0","0","0"
"390303","0","0","0"
"390364","0","0","0"
"400220","0","0","0"
"400233","0","0","0"
"400248","0","0","0"
"400267","0","0","0"
"400339","0","0","0"
"410230","0","0","0"
"410233","0","0","0"
"410264","0","0","0"
"410334","0","0","0"
"410336","0","0","0"
"410372","0","0","0"
"420221","0","0","0"
"420249","0","0","0"
"420259","0","0","0"
"420264","0","0","0"
"420310","0","0","0"
"420330","0","0","0"
"430247","0","0","0"
"430264","0","0","0"
"430265","0","0","0"
"430281","0","0","0"
"430312","0","0","0"
"430320","0","0","0"
"440232","0","0","0"
"440256","0.03125","0.03125","0.03125"
"440257","0","0","0"
"440263","0","0","0"
"440332","0","0","0"
"440345","0","0","0"
"450233","0","0","0"
"450254","0","0","0"
"450279","0","0","0"
"450294","0","0","0"
"450321","0","0","0"
"450389","0","0","0"
"460220","0","0","0"
"460231","0","0","0"
"460239","0","0","0"
"460271","0","0","0"
"460296","0","0","0"
"460361","0","0","0"
"470256","0","0","0"
"470263","0","0","0"
"470293","0","0","0"
"470315","0.03125","0.03125","0.03125"
"470342","0","0","0"
"470384","0","0","0"
"480223","0","0","0"
"480230","0","0","0"
"480240","0","0","0"
"480241","0","0","0"
"480243","0","0","0"
"480270","0","0","0"
"490228","0","0","0"
"490256","0","0","0"
"490261","0","0","0"
"490265","0","0","0"
"490344","0","0","0"
"490348","0","0","0"
"500223","0","0","0"
"500228","0","0","0"
"500248","0","0","0"
"500252","0","0","0"
"500261","0","0","0"
"500266","0","0","0"
"510237","0","0","0"
"510241","0","0","0"
"510267","0","0","0"
"510334","0","0","0"
"510340","0","0","0"
"510371","0.0625","0.0625","0.0625"
"520229","0","0","0"
"520265","0","0","0"
"520290","0.03125","0.03125","0.03125"
"520292","0","0","0"
"520321","0","0","0"
"520379","0","0","0"
"530223","0","0","0"
"530234","0","0","0"
"530243","0","0","0"
"530253","0","0","0"
"530274","0","0","0"
"530357","0","0","0"
"540223","0","0","0"
"540241","0","0","0"
"540277","0","0","0"
"540283","0","0","0"
"540294","0","0","0"
"540348","0","0","0"
"550220","0","0","0"
"550223","0.03125","0.03125","0.03125"
"550230","0","0","0"
"550255","0","0","0"
"550353","0","0","0"
"550355","0","0","0"
"560247","0","0","0"
"560259","0.0625","0.0625","0.0625"
"560268","0","0","0"
"560330","0","0","0"
"560344","0","0","0"
"570234","0","0","0"
"570241","0","0","0"
"570244","0","0","0"
"570258","0","0","0"
"570263","0","0","0"
"570292","0","0","0"
"580228","0","0","0"
"580275","0","0","0"
"580293","0","0","0"
"580296","0","0","0"
"580305","0","0","0"
"580314","0.0625","0.0625","0.0625"
"590230","0","0","0"
"590245","0","0","0"
"590271","0","0","0"
"590319","0","0","0"
"590367","0","0","0"
"590386","0","0","0"
"600224","0","0","0"
"600233","0.03125","0.03125","0.03125"
"600244","0","0","0"
"600263","0","0","0"
"600377","0.03125","0.03125","0.03125"
"600378","0","0","0"
"610223","0","0","0"
"610236","0","0","0"
"610247","0","0","0"
"610256","0","0","0"
"610261","0","0","0"
"610363","0","0","0"
"620221","0.03125","0.03125","0.03125"
"620239","0","0","0"
"620252","0","0","0"
"620258","0","0","0"
"620272","0","0","0"
"620361","0","0","0"
"630228","0","0","0"
"630255","0.03125","0.03125","0.03125"
"630281","0.03125","0.03125","0.03125"
"630320","0","0","0"
"630356","0","0","0"
"630371","0.03125","0.03125","0.03125"
"640226","0","0","0"
"640236","0.0625","0.0625","0.0625"
"640259","0","0","0"
"640290","0","0","0"
"640319","0","0","0"
"640358","0","0","0"
"650236","0","0","0"
"650238","0.03125","0.03125","0.03125"
"650250","0","0","0"
"650282","0","0","0"
"650337","0","0","0"
"660225","0.03125","0.03125","0.03125"
"660231","0","0","0"
"660238","0","0","0"
"660255","0.03125","0.03125","0.03125"
"660280","0.03125","0.03125","0.03125"
"660322","0","0","0"
"670221","0","0","0"
"670235","0","0","0"
"670241","0","0","0"
"670286","0","0","0"
"670297","0","0","0"
"670317","0","0","0"
"680226","0","0","0"
"680235","0.03125","0.03125","0.03125"
"680260","0","0","0"
"680277","0","0","0"
"680284","0","0","0"
"680328","0","0","0"
"690220","0","0","0"
"690240","0","0","0"
"690317","0","0","0"
"690365","0.03125","0.03125","0.03125"
"690375","0.0625","0.0625","0.0625"
"690387","0","0","0"
"700229","0.0625","0.0625","0.0625"
"700235","0.03125","0.03125","0.03125"
"700240","0.03125","0.03125","0.03125"
"700261","0","0","0"
"700324","0","0","0"
"700369","0","0","0"
"710234","0","0","0"
"710243","0","0","0"
"710245","0","0","0"
"710269","0","0","0"
"710318","0","0","0"
"710366","0.03125","0.03125","0.03125"
"720237","0","0","0"
"720246","0","0","0"
"720264","0.03125","0.03125","0.03125"
"720274","0","0","0"
"720299","0","0","0"
"720332","0","0","0"
"730244","0","0","0"
"730255","0","0","0"
"730264","0.0625","0.0625","0.0625"
"730280","0","0","0"
"730336","0","0","0"
"730351","0","0","0"
"740226","0","0","0"
"740233","0","0","0"
"740248","0","0","0"
"740252","0","0","0"
"740287","0.0625","0.0625","0.0625"
"740349","0","0","0"
"750249","0","0","0"
"750263","0.3125","0.3125","0.3125"
"750280","0.0625","0.0625","0.0625"
"750300","0","0","0"
"750322","0","0","0"
"750388","0","0","0"
"760232","0","0","0"
"760251","0","0","0"
"760268","0.0625","0.03125","0.09375"
"760288","0","0","0"
"760323","0","0","0"
"770227","0.03125","0.03125","0.03125"
"770229","0","0","0"
"770234","0.03125","0.03125","0.03125"
"770246","0","0","0"
"770259","0.0625","0.0625","0.0625"
"770322","0","0","0"
"780232","0.0625","0.0625","0.0625"
"780236","0","0","0"
"780270","0","0","0"
"780306","0","0","0"
"780341","0","0","0"
"780351","0","0","0"
"790226","0","0","0"
"790227","0.125","0.125","0.125"
"790236","0.125","0.125","0.125"
"790266","0","0","0"
"790297","0","0","0"
"790358","0.09375","0.09375","0.09375"
"800224","0","0","0"
"800231","0","0","0"
"800233","0.03125","0.03125","0.03125"
"800268","0.15625","0.15625","0.15625"
"800273","0.03125","0.03125","0.03125"
"800371","0","0","0"
"810222","0","0","0"
"810268","0","0","0"
"810272","0","0","0"
"810274","0","0","0"
"810285","0","0","0"
"810315","0.28125","0.28125","0.28125"
"820223","0","0","0"
"820234","0.4375","0.4375","0.4375"
"820241","0","0","0"
"820269","0.03125","0.03125","0.03125"
"820297","0","0","0"
"820339","0","0","0"
"830226","0.03125","0.03125","0.03125"
"830244","0.09375","0.09375","0.09375"
"830252","0","0","0"
"830260","0.03125","0.03125","0.03125"
"830299","0.03125","0.03125","0.03125"
"830385","0","0","0"
"840223","0","0","0"
"840243","0","0","0"
"840252","0","0","0"
"840262","0.0625","0.0625","0.0625"
"840294","0.25","0.25","0.25"
"840309","0.03125","0.03125","0.03125"
"850228","0","0","0"
"850262","0","0","0"
"850291","0.03125","0.03125","0.03125"
"850292","0.15625","0.15625","0.15625"
"850308","0","0","0"
"850316","0","0","0"
"860225","0","0","0"
"860242","0","0","0"
"860249","0","0","0"
"860269","0.375","0.375","0.375"
"860325","0","0","0"
"860386","0","0","0"
"870226","0","0","0"
"870233","0","0","0"
"870264","0.03125","0.03125","0.03125"
"870268","0.1875","0.1875","0.1875"
"870331","0","0","0"
"870350","0","0","0"
"880227","0.09375","0.09375","0.09375"
"880231","0","0","0"
"880233","0","0","0"
"880260","0.5","0.5","0.5"
"880304","0.0625","0.0625","0.0625"
"880376","0","0","0"
"890271","0","0","0"
"890273","0.03125","0.03125","0.03125"
"890284","0.03125","0.03125","0.03125"
"890287","0","0","0"
"890294","0.46875","0.46875","0.46875"
"890340","0.0625","0.0625","0.0625"
"900240","0","0","0"
"900242","0.03125","0.03125","0.03125"
"900264","0","0","0"
"900270","0.875","0.875","0.875"
"900353","0.125","0.125","0.125"
"900372","0","0","0"
"910225","0","0","0"
"910240","0","0","0"
"910256","0.09375","0.09375","0.09375"
"910288","0.03125","0.03125","0.03125"
"910308","0.5625","0.5625","0.5625"
"910347","0","0","0"
"920232","0.5","0.5","0.5"
"920245","0.015625","0","0.03125"
"920249","0","0","0"
"920262","0","0","0"
"920298","0","0","0"
"930224","0.03125","0.03125","0.03125"
"930227","0","0","0"
"930230","0.03125","0.03125","0.03125"
"930263","0.625","0.625","0.625"
"930277","0","0","0"
"930306","0","0","0"
"940235","0.0625","0.0625","0.0625"
"940260","0.0625","0.0625","0.0625"
"940282","0","0","0"
"940289","0.03125","0.03125","0.03125"
"940319","0","0","0"
"940334","0.4375","0.4375","0.4375"
"950243","0","0","0"
"950267","0","0","0"
"950276","0.0625","0.0625","0.0625"
"950289","0.78125","0.78125","0.78125"
"950332","0","0","0"
"950367","0.0625","0.0625","0.0625"
"960229","0","0","0"
"960231","0","0","0"
"960237","0.03125","0.03125","0.03125"
"960260","0.09375","0.09375","0.09375"
"960279","0.40625","0.40625","0.40625"
"960331","0","0","0"
"970229","0.0625","0.0625","0.0625"
"970230","0.75","0.75","0.75"
"970233","0","0","0"
"970249","0.1875","0.1875","0.1875"
"970270","0","0","0"
"970294","0","0","0"
"980270","0.625","0.625","0.625"
"980300","0.09375","0.09375","0.09375"
"980306","0.03125","0.03125","0.03125"
"980318","0.03125","0.03125","0.03125"
"980327","0","0","0"
"980372","0","0","0"
"990227","0.125","0.125","0.125"
"990237","0","0","0"
"990241","0","0","0"
"990256","0","0","0"
"990258","0.5625","0.5625","0.5625"
"990286","0.09375","0.09375","0.09375"
"1000232","0.03125","0.03125","0.03125"
"1000242","0","0","0"
"1000269","0.03125","0.03125","0.03125"
"1000307","0","0","0"
"1000357","0.59375","0.59375","0.59375"
"1000359","0","0","0"
"1010230","0.375","0.375","0.375"
"1010247","0.07291666666666667","0","0.15625"
"1010287","0.03125","0.03125","0.03125"
"1010320","0.0625","0.0625","0.0625"
"1020232","0.03125","0.03125","0.03125"
"1020257","0.03125","0.03125","0.03125"
"1020264","0.65625","0.65625","0.65625"
"1020269","0.09375","0.09375","0.09375"
"1020296","0.03125","0.03125","0.03125"
"1020325","0","0","0"
"1030239","0.125","0.125","0.125"
"1030247","0.75","0.75","0.75"
"1030266","0.03125","0.03125","0.03125"
"1030278","0.03125","0.03125","0.03125"
"1030305","0.09375","0.09375","0.09375"
"1030364","0","0","0"
"1040224","0","0","0"
"1040227","0.71875","0.71875","0.71875"
"1040267","0.03125","0.03125","0.03125"
"1040273","0","0","0"
"1040316","0.03125","0.03125","0.03125"
"1040331","0.03125","0.03125","0.03125"
"1050234","0.03125","0.03125","0.03125"
"1050271","0.53125","0.53125","0.53125"
"1050281","0.0625","0.0625","0.0625"
"1050296","0.03125","0.03125","0.03125"
"1050345","0.0625","0.0625","0.0625"
"1060227","0.71875","0.71875","0.71875"
"1060231","0","0","0"
"1060330","0.03125","0.03125","0.03125"
"1060337","0.125","0.125","0.125"
"1060366","0","0","0"
"1060383","0","0","0"
"1070228","0.03125","0.03125","0.03125"
"1070237","0.375","0.125","0.625"
"1070251","0.09375","0.09375","0.09375"
"1070268","0","0","0"
"1070371","0.0625","0.0625","0.0625"
"1080239","0","0","0"
"1080250","0.03125","0.03125","0.03125"
"1080265","0.03125","0.03125","0.03125"
"1080280","0.78125","0.78125","0.78125"
"1080283","0","0","0"
"1080328","0.03125","0.03125","0.03125"
"1090238","0.0625","0.0625","0.0625"
"1090260","0.78125","0.78125","0.78125"
"1090268","0.15625","0.15625","0.15625"
"1090345","0.125","0.125","0.125"
"1090368","0","0","0"
"1090383","0.03125","0.03125","0.03125"
"1100236","0.15625","0.15625","0.15625"
"1100255","0","0","0"
"1100280","0.03125","0.03125","0.03125"
"1100282","0.78125","0.78125","0.78125"
"1100330","0.0625","0.0625","0.0625"
"1100388","0.03125","0.03125","0.03125"
"1110222","0.15625","0.15625","0.15625"
"1110227","0.78125","0.78125","0.78125"
"1110232","0","0","0"
"1110276","0","0","0"
"1110280","0.03125","0.03125","0.03125"
"1110367","0.0625","0.0625","0.0625"
"1120245","0.0625","0.0625","0.0625"
"1120250","0.09375","0.09375","0.09375"
"1120260","0.03125","0.03125","0.03125"
"1120266","0.8125","0.8125","0.8125"
"1120292","0","0","0"
"1120358","0.09375","0.09375","0.09375"
"1130247","0.03125","0.03125","0.03125"
"1130266","0.125","0.125","0.125"
"1130295","0.78125","0.78125","0.78125"
"1130329","0.125","0.125","0.125"
"1130354","0.125","0.125","0.125"
"1130364","0.03125","0.03125","0.03125"
"1140234","0.71875","0.71875","0.71875"
"1140244","0","0","0"
"1140255","0.125","0.125","0.125"
"1140273","0.0625","0.0625","0.0625"
"1140282","0.0625","0.0625","0.0625"
"1140334","0.15625","0.15625","0.15625"
"1150228","0","0","0"
"1150259","0.15625","0.15625","0.15625"
"1150264","0.03125","0.03125","0.03125"
"1150278","0.53125","0.53125","0.53125"
"1150305","0.125","0.125","0.125"
"1150350","0.0625","0.0625","0.0625"
"1160245","0.0625","0.0625","0.0625"
"1160265","0.71875","0.71875","0.71875"
"1160284","0","0","0"
"1160286","0.09375","0.09375","0.09375"
"1160297","0","0","0"
"1160349","0.09375","0.09375","0.09375"
"1170220","0","0","0"
"1170234","0","0","0"
"1170264","0.875","0.875","0.875"
"1170295","0.03125","0.03125","0.03125"
"1170320","0.09375","0.09375","0.09375"
"1170342","0","0","0"
"1180232","0","0","0"
"1180245","0.6875","0.6875","0.6875"
"1180268","0.03125","0.03125","0.03125"
"1180279","0.0625","0.0625","0.0625"
"1180286","0","0","0"
"1180290","0.15625","0.15625","0.15625"
"1190234","0.78125","0.78125","0.78125"
"1190235","0.125","0.125","0.125"
"1190260","0.0625","0.0625","0.0625"
"1190264","0","0","0"
"1190303","0.125","0.125","0.125"
"1190307","0","0","0"
"1200223","0.8125","0.8125","0.8125"
"1200224","0.125","0.125","0.125"
"1200239","0.15625","0.15625","0.15625"
"1200258","0.09375","0.09375","0.09375"
"1200306","0.125","0.125","0.125"
"1200347","0.15625","0.15625","0.15625"
"1210239","0.03125","0.03125","0.03125"
"1210247","0.21875","0.21875","0.21875"
"1210259","0.03125","0.03125","0.03125"
"1210277","0.71875","0.71875","0.71875"
"1210289","0.09375","0.09375","0.09375"
"1210312","0.03125","0.03125","0.03125"
"1220235","0.109375","0.09375","0.125"
"1220239","0","0","0"
"1220269","0.875","0.875","0.875"
"1220318","0.15625","0.15625","0.15625"
"1220348","0.09375","0.09375","0.09375"
"1230227","0.0625","0.0625","0.0625"
"1230244","0.03125","0.03125","0.03125"
"1230281","0.71875","0.71875","0.71875"
"1230304","0.1875","0.1875","0.1875"
"1230307","0.125","0.125","0.125"
"1230343","0","0","0"
"1240237","0.09375","0.09375","0.09375"
"1240278","0.0625","0.0625","0.0625"
"1240287","0.03125","0.03125","0.03125"
"1240290","0.84375","0.84375","0.84375"
"1240294","0.21875","0.21875","0.21875"
"1240307","0.21875","0.21875","0.21875"
"1250244","0.0625","0.0625","0.0625"
"1250250","0.0625","0.0625","0.0625"
"1250273","0.71875","0.71875","0.71875"
"1250275","0.09375","0.09375","0.09375"
"1250277","0","0","0"
"1250309","0.03125","0.03125","0.03125"
"1260258","0.15625","0.15625","0.15625"
"1260259","0.65625","0.65625","0.65625"
"1260260","0.21875","0.21875","0.21875"
"1260263","0.15625","0.15625","0.15625"
"1260269","0.0625","0.0625","0.0625"
"1260325","0.03125","0.03125","0.03125"
"1270222","0.15625","0.15625","0.15625"
"1270248","0.125","0.125","0.125"
"1270269","0.84375","0.84375","0.84375"
"1270314","0","0","0"
"1270336","0.0625","0.0625","0.0625"
"1270382","0.1875","0.1875","0.1875"
"1280237","0.03125","0.03125","0.03125"
"1280240","0.0625","0.0625","0.0625"
"1280244","0.46875","0.46875","0.46875"
"1280260","0.03125","0.03125","0.03125"
"1280327","0","0","0"
"1280351","0.3125","0.3125","0.3125"
"1290224","0.21875","0.21875","0.21875"
"1290244","0.125","0.125","0.125"
"1290255","0.0625","0.0625","0.0625"
"1290258","0.125","0.125","0.125"
"1290273","0.65625","0.65625","0.65625"
"1290308","0","0","0"
"1300225","0.03125","0.03125","0.03125"
"1300248","0.09375","0.09375","0.09375"
"1300249","0.09375","0.09375","0.09375"
"1300257","0.625","0.625","0.625"
"1300268","0.15625","0.15625","0.15625"
"1300305","0","0","0"
"1310234","0.9375","0.9375","0.9375"
"1310255","0.15625","0.15625","0.15625"
"1310301","0.25","0.25","0.25"
"1310316","0.25","0.25","0.25"
"1310356","0.046875","0","0.09375"
"1320235","0.09375","0.09375","0.09375"
"1320273","0.125","0.125","0.125"
"1320274","0.90625","0.90625","0.90625"
"1320280","0.25","0.25","0.25"
"1320311","0.1875","0.1875","0.1875"
"1320335","0","0","0"
"1330232","0.15625","0.15625","0.15625"
"1330239","0.5625","0.28125","0.84375"
"1330242","0.125","0.125","0.125"
"1330305","0.25","0.25","0.25"
"1330357","0","0","0"
"1340220","0.03125","0.03125","0.03125"
"1340254","0.65625","0.65625","0.65625"
"1340258","0.46875","0.46875","0.46875"
"1340295","0.21875","0.21875","0.21875"
"1340301","0.1875","0.1875","0.1875"
"1340340","0.03125","0.03125","0.03125"
"1350228","0.125","0.125","0.125"
"1350237","0","0","0"
"1350247","0.125","0.125","0.125"
"1350278","0.625","0.625","0.625"
"1350295","0.1875","0.1875","0.1875"
"1350368","0.09375","0.09375","0.09375"
"1360238","0.46875","0.46875","0.46875"
"1360240","0.1875","0.1875","0.1875"
"1360295","0","0","0"
"1360300","0.421875","0.375","0.46875"
"1360357","0.03125","0.03125","0.03125"
"1370225","0.28125","0.28125","0.28125"
"1370226","0.25","0.25","0.25"
"1370249","0.03125","0.03125","0.03125"
"1370252","0.1875","0.1875","0.1875"
"1370264","0.375","0.375","0.375"
"1370313","0.84375","0.84375","0.84375"
"1380220","0.8125","0.8125","0.8125"
"1380234","0.125","0.125","0.125"
"1380259","0.40625","0.40625","0.40625"
"1380324","0.3125","0.3125","0.3125"
"1380325","0","0","0"
"1380327","0.125","0.125","0.125"
"1390234","0.71875","0.71875","0.71875"
"1390242","0.15625","0.15625","0.15625"
"1390259","0","0","0"
"1390264","0.1875","0.1875","0.1875"
"1390307","0.28125","0.28125","0.28125"
"1390350","0.1875","0.1875","0.1875"
"1400222","0.71875","0.71875","0.71875"
"1400242","0.03125","0.03125","0.03125"
"1400256","0.28125","0.28125","0.28125"
"1400260","0.40625","0.40625","0.40625"
"1400296","0.03125","0.03125","0.03125"
"1400300","0.0625","0.0625","0.0625"
"1410236","0.4375","0.4375","0.4375"
"1410256","0.71875","0.71875","0.71875"
"1410262","0.1875","0.1875","0.1875"
"1410301","0.03125","0.03125","0.03125"
"1410316","0.1875","0.1875","0.1875"
"1410367","0.03125","0.03125","0.03125"
"1420231","0.6875","0.6875","0.6875"
"1420242","0.09375","0.09375","0.09375"
"1420291","0.3125","0.3125","0.3125"
"1420293","0","0","0"
"1420295","0.46875","0.46875","0.46875"
"1420298","0.3125","0.3125","0.3125"
"1430229","0.3125","0.3125","0.3125"
"1430258","0.1875","0.1875","0.1875"
"1430291","0","0","0"
"1430298","0.25","0.25","0.25"
"1430302","0.375","0.375","0.375"
"1430307","0.03125","0.03125","0.03125"
"1440223","0.0625","0","0.125"
"1440228","0.4375","0.4375","0.4375"
"1440259","0.8125","0.8125","0.8125"
"1440261","0","0","0"
"1440298","0.1875","0.1875","0.1875"
"1450227","0.40625","0.40625","0.40625"
"1450231","0.5625","0.5625","0.5625"
"1450257","0.15625","0.15625","0.15625"
"1450264","0","0","0"
"1450288","0.3125","0.3125","0.3125"
"1450323","0.15625","0.15625","0.15625"
"1460224","0.375","0.375","0.375"
"1460237","0.6875","0.6875","0.6875"
"1460264","0.09375","0.09375","0.09375"
"1460285","0.28125","0.28125","0.28125"
"1460303","0.4375","0.4375","0.4375"
"1460364","0","0","0"
"1470251","0.25","0.25","0.25"
"1470253","0.15625","0.15625","0.15625"
"1470270","0.40625","0.40625","0.40625"
"1470277","0.65625","0.65625","0.65625"
"1470365","0","0","0"
"1470381","0.59375","0.59375","0.59375"
"1480221","0.46875","0.46875","0.46875"
"1480227","0.875","0.875","0.875"
"1480243","0.46875","0.46875","0.46875"
"1480268","0.03125","0.03125","0.03125"
"1480322","0.34375","0.34375","0.34375"
"1480323","0","0","0"
"1490227","0.8125","0.8125","0.8125"
"1490248","0.375","0.375","0.375"
"1490276","0.4375","0.4375","0.4375"
"1490286","0.5","0.5","0.5"
"1490287","0","0","0"
"1490301","0.0625","0.0625","0.0625"
"1500247","0.6875","0.6875","0.6875"
"1500290","0.71875","0.71875","0.71875"
"1500305","0.15625","0.15625","0.15625"
"1500330","0.125","0.125","0.125"
"1500384","0.0625","0.0625","0.0625"
"1500385","0.34375","0.34375","0.34375"
"1510247","0.59375","0.59375","0.59375"
"1510254","0.53125","0.53125","0.53125"
"1510255","0.59375","0.59375","0.59375"
"1510261","0.71875","0.71875","0.71875"
"1510293","0.15625","0.15625","0.15625"
"1510379","0.03125","0.03125","0.03125"
"1520222","0.25","0.25","0.25"
"1520247","0.0625","0.0625","0.0625"
"1520264","0.65625","0.65625","0.65625"
"1520279","0.875","0.875","0.875"
"1520290","0.5","0.5","0.5"
"1520296","0.0625","0.0625","0.0625"
"1530235","0.4375","0.4375","0.4375"
"1530243","0.03125","0.03125","0.03125"
"1530247","0.59375","0.59375","0.59375"
"1530249","0.90625","0.90625","0.90625"
"1530311","0.0625","0.0625","0.0625"
"1530377","0.5625","0.5625","0.5625"
"1540244","0.59375","0.59375","0.59375"
"1540261","0.125","0.125","0.125"
"1540272","0.6875","0.6875","0.6875"
"1540282","0.375","0.375","0.375"
"1540312","0.46875","0.46875","0.46875"
"1540325","0.0625","0.0625","0.0625"
"1550229","0.625","0.625","0.625"
"1550237","0.625","0.625","0.625"
"1550262","0.09375","0.09375","0.09375"
"1550288","0.25","0.25","0.25"
"1550330","0.15625","0.15625","0.15625"
"1550342","0.53125","0.53125","0.53125"
"1560224","0.46875","0.46875","0.46875"
"1560231","0.0625","0.0625","0.0625"
"1560257","0.78125","0.78125","0.78125"
"1560296","0.09375","0.09375","0.09375"
"1560325","0.59375","0.59375","0.59375"
"1560346","0.0625","0.0625","0.0625"
"1570231","0.71875","0.71875","0.71875"
"1570249","0.6875","0.6875","0.6875"
"1570250","0.5625","0.5625","0.5625"
"1570270","0.03125","0.03125","0.03125"
"1570301","0.71875","0.71875","0.71875"
"1570327","0.0625","0.0625","0.0625"
"1580256","0.15625","0.15625","0.15625"
"1580274","0.59375","0.59375","0.59375"
"1580280","0.21875","0.21875","0.21875"
"1580284","0.75","0.75","0.75"
"1580305","0.375","0.375","0.375"
"1580310","0.21875","0.21875","0.21875"
"1590263","0.6875","0.6875","0.6875"
"1590265","0.03125","0.03125","0.03125"
"1590285","0.78125","0.78125","0.78125"
"1590297","0.46875","0.46875","0.46875"
"1590304","0.03125","0.03125","0.03125"
"1590365","0.65625","0.65625","0.65625"
"1600221","0.875","0.875","0.875"
"1600245","0.5","0.5","0.5"
"1600263","0.8125","0.8125","0.8125"
"1600282","0","0","0"
"1600288","0.5","0.5","0.5"
"1600350","0.03125","0.03125","0.03125"
"1610224","0.0625","0.0625","0.0625"
"1610231","0.34375","0.34375","0.34375"
"1610245","0.75","0.75","0.75"
"1610259","0.34375","0.34375","0.34375"
"1610284","0.09375","0.09375","0.09375"
"1610288","0.75","0.75","0.75"
"1620224","0.5625","0.5625","0.5625"
"1620249","0.8125","0.8125","0.8125"
"1620277","0.171875","0.03125","0.3125"
"1620283","0.6875","0.6875","0.6875"
"1620335","0.03125","0.03125","0.03125"
"1630229","0.09375","0.09375","0.09375"
"1630258","0.34375","0.34375","0.34375"
"1630273","0.03125","0.03125","0.03125"
"1630274","0.75","0.75","0.75"
"1630286","0.9375","0.9375","0.9375"
"1630315","0.0625","0.0625","0.0625"
"1640247","0.59375","0.59375","0.59375"
"1640271","0.65625","0.65625","0.65625"
"1640293","0.15625","0.15625","0.15625"
"1640315","0","0","0"
"1640318","0.3125","0.3125","0.3125"
"1640367","0.125","0.125","0.125"
"1650245","0.21875","0.21875","0.21875"
"1650249","0.5","0.5","0.5"
"1650256","0","0","0"
"1650257","0.125","0.125","0.125"
"1650274","0.5625","0.5625","0.5625"
"1650291","0.75","0.75","0.75"
"1660247","0.5","0.5","0.5"
"1660287","0.625","0.625","0.625"
"1660307","0.09375","0.09375","0.09375"
"1660308","0.46875","0.46875","0.46875"
"1660312","0.25","0.25","0.25"
"1660319","0.46875","0.46875","0.46875"
"1670246","0.34375","0.34375","0.34375"
"1670251","0.390625","0.0625","0.71875"
"1670262","0.3125","0.3125","0.3125"
"1670284","0.5","0.5","0.5"
"1670296","0.0625","0.0625","0.0625"
"1680226","0.53125","0.53125","0.53125"
"1680231","0.40625","0.40625","0.40625"
"1680246","0.359375","0.25","0.46875"
"1680300","0.375","0.375","0.375"
"1680347","0.125","0.125","0.125"
"1690239","0.59375","0.59375","0.59375"
"1690250","0.125","0.125","0.125"
"1690270","0.40625","0.40625","0.40625"
"1690278","0.09375","0.09375","0.09375"
"1690293","0.71875","0.71875","0.71875"
"1690366","0.5","0.5","0.5"
"1700230","0.84375","0.84375","0.84375"
"1700238","0.84375","0.84375","0.84375"
"1700282","0.0625","0.0625","0.0625"
"1700312","0.53125","0.53125","0.53125"
"1700330","0.09375","0.09375","0.09375"
"1700333","0.40625","0.40625","0.40625"
"1710249","0.84375","0.84375","0.84375"
"1710261","0.46875","0.46875","0.46875"
"1710275","0.5625","0.5625","0.5625"
"1710288","0.75","0.75","0.75"
"1710299","0","0","0"
"1710384","0.15625","0.15625","0.15625"
"1720228","0.15625","0.15625","0.15625"
"1720231","0.4375","0.4375","0.4375"
"1720251","0.1875","0.1875","0.1875"
"1720260","0.8125","0.8125","0.8125"
"1720298","0.09375","0.09375","0.09375"
"1720304","0.40625","0.40625","0.40625"
"1730223","0.40625","0.40625","0.40625"
"1730232","0.0625","0.0625","0.0625"
"1730238","0.75","0.75","0.75"
"1730239","0.0625","0.0625","0.0625"
"1730267","0.71875","0.71875","0.71875"
"1730371","0.1875","0.1875","0.1875"
"1740230","0.65625","0.65625","0.65625"
"1740232","0.6875","0.6875","0.6875"
"1740261","0.125","0.125","0.125"
"1740274","0.59375","0.59375","0.59375"
"1740350","0.09375","0.09375","0.09375"
"1740367","0.9375","0.9375","0.9375"
"1750222","0.8125","0.8125","0.8125"
"1750226","0.3125","0.3125","0.3125"
"1750253","0.8125","0.8125","0.8125"
"1750259","0.140625","0.125","0.15625"
"1750301","0.53125","0.53125","0.53125"
"1760222","0.5625","0.5625","0.5625"
"1760232","0.40625","0.40625","0.40625"
"1760254","0.71875","0.71875","0.71875"
"1760262","0.71875","0.71875","0.71875"
"1760280","0.15625","0.15625","0.15625"
"1760284","0.25","0.25","0.25"
"1770246","0.625","0.625","0.625"
"1770281","0.9375","0.9375","0.9375"
"1770289","0.40625","0.40625","0.40625"
"1770297","0.46875","0.46875","0.46875"
"1770372","0.21875","0.21875","0.21875"
"1770386","0.15625","0.15625","0.15625"
"1780232","0.578125","0.375","0.78125"
"1780248","0.03125","0.03125","0.03125"
"1780252","0.1875","0.1875","0.1875"
"1780269","0.8125","0.8125","0.8125"
"1780284","0.46875","0.46875","0.46875"
"1790221","0.21875","0.21875","0.21875"
"1790238","0.90625","0.90625","0.90625"
"1790264","0.125","0.125","0.125"
"1790277","0.59375","0.59375","0.59375"
"1790292","0.46875","0.46875","0.46875"
"1790325","0.875","0.875","0.875"
"1800232","0.65625","0.65625","0.65625"
"1800239","0.375","0.375","0.375"
"1800240","0.4375","0.4375","0.4375"
"1800259","0.6875","0.6875","0.6875"
"1800267","0.375","0.375","0.375"
"1800301","0.28125","0.28125","0.28125"
"1810222","0.875","0.875","0.875"
"1810234","0.84375","0.84375","0.84375"
"1810268","0.21875","0.21875","0.21875"
"1810312","0.3125","0.3125","0.3125"
"1810315","0.53125","0.53125","0.53125"
"1810316","0.5","0.5","0.5"
"1820240","0.125","0.125","0.125"
"1820268","0.75","0.75","0.75"
"1820270","0.78125","0.78125","0.78125"
"1820292","0.5625","0.5625","0.5625"
"1820305","0.21875","0.21875","0.21875"
"1820313","0.4375","0.4375","0.4375"
"1830237","0.9375","0.9375","0.9375"
"1830247","0.3125","0.3125","0.3125"
"1830251","0.59375","0.59375","0.59375"
"1830279","0.734375","0.625","0.84375"
"1830289","0.1875","0.1875","0.1875"
"1840257","0.875","0.875","0.875"
"1840265","0.84375","0.84375","0.84375"
"1840280","0.375","0.375","0.375"
"1840281","0.1875","0.1875","0.1875"
"1840311","0.4375","0.4375","0.4375"
"1840321","0.65625","0.65625","0.65625"
"1850228","0.375","0.375","0.375"
"1850232","0.375","0.375","0.375"
"1850239","0.53125","0.53125","0.53125"
"1850242","0.34375","0.34375","0.34375"
"1850246","0.75","0.75","0.75"
"1850277","0.71875","0.71875","0.71875"
"1860227","0.46875","0.46875","0.46875"
"1860268","0.625","0.625","0.625"
"1860272","0.1875","0.1875","0.1875"
"1860284","0.625","0.625","0.625"
"1860319","0.3125","0.3125","0.3125"
"1860359","0.625","0.625","0.625"
"1870227","0.65625","0.65625","0.65625"
"1870246","0.65625","0.65625","0.65625"
"1870266","0.75","0.75","0.75"
"1870293","0.5","0.5","0.5"
"1870295","0.09375","0.09375","0.09375"
"1870328","0.40625","0.40625","0.40625"
"1880222","0.5","0.5","0.5"
"1880230","0.71875","0.71875","0.71875"
"1880243","0.78125","0.78125","0.78125"
"1880265","0.125","0.125","0.125"
"1880289","0.59375","0.59375","0.59375"
"1880371","0.5","0.5","0.5"
"1890226","0.34375","0.34375","0.34375"
"1890246","0.8125","0.8125","0.8125"
"1890272","0.5","0.5","0.5"
"1890276","0.59375","0.59375","0.59375"
"1890287","0.5625","0.5625","0.5625"
"1890315","0.6875","0.6875","0.6875"
"1900252","0.71875","0.71875","0.71875"
"1900253","0.21875","0.21875","0.21875"
"1900276","0.65625","0.5","0.8125"
"1900296","0.125","0.125","0.125"
"1900325","0.8125","0.8125","0.8125"
"1910222","0.125","0.125","0.125"
"1910233","0.875","0.875","0.875"
"1910234","0.75","0.75","0.75"
"1910241","0.59375","0.59375","0.59375"
"1910256","0.78125","0.78125","0.78125"
"1910318","0.34375","0.34375","0.34375"
"1920232","0.46875","0.46875","0.46875"
"1920280","0.78125","0.78125","0.78125"
"1920289","0.1875","0.1875","0.1875"
"1920294","0.75","0.75","0.75"
"1920298","0.71875","0.71875","0.71875"
"1920315","0.53125","0.53125","0.53125"
"1930221","0.375","0.375","0.375"
"1930226","0.75","0.75","0.75"
"1930239","0.40625","0.40625","0.40625"
"1930252","0.40625","0.40625","0.40625"
"1930266","0.78125","0.78125","0.78125"
"1930341","0.15625","0.15625","0.15625"
"1940225","0.625","0.625","0.625"
"1940252","0.09375","0.09375","0.09375"
"1940266","0.78125","0.78125","0.78125"
"1940273","0.78125","0.78125","0.78125"
"1940307","0.3125","0.3125","0.3125"
"1940340","0.4375","0.4375","0.4375"
"1950223","0.90625","0.90625","0.90625"
"1950240","0.65625","0.65625","0.65625"
"1950242","0.3125","0.3125","0.3125"
"1950261","0.65625","0.65625","0.65625"
"1950263","0.71875","0.71875","0.71875"
"1950276","0.03125","0.03125","0.03125"
"1960223","0.125","0.125","0.125"
"1960267","0.875","0.875","0.875"
"1960270","0.59375","0.59375","0.59375"
"1960314","0.5","0.5","0.5"
"1960316","0.5625","0.5625","0.5625"
"1960343","0.46875","0.46875","0.46875"
"1970233","0.53125","0.53125","0.53125"
"1970250","0.65625","0.65625","0.65625"
"1970259","0.75","0.75","0.75"
"1970263","0.625","0.625","0.625"
"1970270","0.125","0.125","0.125"
"1970319","0.71875","0.71875","0.71875"
"1980227","0.46875","0.46875","0.46875"
"1980233","0.4375","0.4375","0.4375"
"1980248","0.09375","0.09375","0.09375"
"1980270","0.53125","0.53125","0.53125"
"1980277","0.6875","0.6875","0.6875"
"1980284","0.65625","0.65625","0.65625"
"1990238","0.8125","0.8125","0.8125"
"1990241","0.1875","0.1875","0.1875"
"1990252","0.78125","0.78125","0.78125"
"1990281","0.5","0.5","0.5"
"1990309","0.53125","0.53125","0.53125"
"1990312","0.46875","0.46875","0.46875"
"2000257","0.625","0.625","0.625"
"2000260","0.65625","0.65625","0.65625"
"2000268","0.625","0.625","0.625"
"2000275","0.8125","0.8125","0.8125"
"2000303","0.125","0.125","0.125"
"2000310","0.4375","0.4375","0.4375"
"2010225","0.65625","0.65625","0.65625"
"2010226","0.640625","0.5625","0.71875"
"2010227","0.75","0.75","0.75"
"2010260","0.1875","0.1875","0.1875"
"2010264","0.65625","0.65625","0.65625"
"2020229","0.75","0.75","0.75"
"2020235","0.03125","0.03125","0.03125"
"2020246","0.875","0.875","0.875"
"2020299","0.59375","0.59375","0.59375"
"2020310","0.78125","0.78125","0.78125"
"2020378","0.75","0.75","0.75"
"2030224","0.5625","0.5625","0.5625"
"2030226","0.75","0.75","0.75"
"2030253","0.875","0.875","0.875"
"2030268","0.0625","0.0625","0.0625"
"2030357","0.78125","0.78125","0.78125"
"2030385","0.65625","0.65625","0.65625"
"2040221","0.875","0.875","0.875"
"2040222","0.8125","0.8125","0.8125"
"2040273","0.71875","0.71875","0.71875"
"2040291","0.65625","0.65625","0.65625"
"2040346","0.25","0.25","0.25"
"2040359","0.59375","0.59375","0.59375"
"2050220","0.25","0.25","0.25"
"2050221","0.625","0.625","0.625"
"2050222","0.71875","0.71875","0.71875"
"2050235","0.5","0.5","0.5"
"2050271","0.875","0.875","0.875"
"2050357","0.8125","0.8125","0.8125"
"2060229","0.65625","0.65625","0.65625"
"2060234","0.6875","0.6875","0.6875"
"2060241","0.65625","0.65625","0.65625"
"2060270","0.3125","0.3125","0.3125"
"2060278","0.59375","0.59375","0.59375"
"2060282","0.15625","0.15625","0.15625"
"2070235","0.125","0.125","0.125"
"2070238","0.6875","0.6875","0.6875"
"2070287","0.46875","0.46875","0.46875"
"2070308","0.8125","0.8125","0.8125"
"2070328","0.34375","0.34375","0.34375"
"2070382","0.84375","0.84375","0.84375"
"2080237","0.78125","0.78125","0.78125"
"2080279","0.671875","0.40625","0.9375"
"2080287","0.0625","0.0625","0.0625"
"2080289","0.6875","0.6875","0.6875"
"2080346","0.28125","0.28125","0.28125"
"2090223","0.4375","0.4375","0.4375"
"2090260","0.09375","0.09375","0.09375"
"2090267","0.84375","0.84375","0.84375"
"2090286","0.71875","0.71875","0.71875"
"2090297","0.71875","0.71875","0.71875"
"2090302","0.75","0.75","0.75"
"2100228","0.84375","0.84375","0.84375"
"2100233","0.90625","0.90625","0.90625"
"2100247","0.8125","0.8125","0.8125"
"2100253","0.1875","0.1875","0.1875"
"2100285","0.71875","0.71875","0.71875"
"2100336","0.65625","0.65625","0.65625"
"2110234","0.8125","0.8125","0.8125"
"2110242","0.15625","0.15625","0.15625"
"2110250","0.6875","0.6875","0.6875"
"2110255","0.875","0.875","0.875"
"2110281","0.5625","0.5625","0.5625"
"2110286","0.6875","0.6875","0.6875"
"2120220","0.90625","0.90625","0.90625"
"2120224","0.71875","0.71875","0.71875"
"2120231","0.0625","0.0625","0.0625"
"2120237","0.875","0.875","0.875"
"2120287","0.75","0.75","0.75"
"2120366","0.65625","0.65625","0.65625"
"2130246","0.8125","0.8125","0.8125"
"2130269","0.375","0.375","0.375"
"2130295","0.359375","0.0625","0.65625"
"2130347","0.625","0.625","0.625"
"2130365","0.90625","0.90625","0.90625"
"2140221","0.84375","0.84375","0.84375"
"2140244","0.75","0.75","0.75"
"2140246","0.21875","0.21875","0.21875"
"2140264","0.40625","0.40625","0.40625"
"2140270","0.40625","0.40625","0.40625"
"2140341","0.09375","0.09375","0.09375"
"2150236","0.5","0.5","0.5"
"2150243","0.0625","0.0625","0.0625"
"2150246","0.84375","0.84375","0.84375"
"2150270","0.8125","0.8125","0.8125"
"2150300","0.5","0.5","0.5"
"2150309","0.5","0.5","0.5"
"2160220","0.1875","0.1875","0.1875"
"2160231","0.65625","0.65625","0.65625"
"2160250","0.78125","0.78125","0.78125"
"2160252","0.78125","0.78125","0.78125"
"2160269","0.6875","0.6875","0.6875"
"2160295","0.5625","0.5625","0.5625"
"2170222","0.875","0.875","0.875"
"2170238","0.71875","0.71875","0.71875"
"2170241","0.4375","0.4375","0.4375"
"2170257","0.3125","0.3125","0.3125"
"2170293","0.21875","0.21875","0.21875"
"2170367","0.90625","0.90625","0.90625"
"2180224","0.78125","0.78125","0.78125"
"2180240","0.4375","0.4375","0.4375"
"2180282","0.3125","0.3125","0.3125"
"2180293","0.53125","0.53125","0.53125"
"2180312","0.09375","0.09375","0.09375"
"2180365","0.8125","0.8125","0.8125"
"2190234","0.59375","0.59375","0.59375"
"2190247","0.5625","0.5625","0.5625"
"2190252","0.8125","0.8125","0.8125"
"2190301","0.53125","0.53125","0.53125"
"2190313","0.1875","0.1875","0.1875"
"2190322","0.53125","0.53125","0.53125"
"2200221","0.71875","0.71875","0.71875"
"2200258","0.90625","0.90625","0.90625"
"2200280","0.4375","0.4375","0.4375"
"2200295","0.484375","0.4375","0.53125"
"2200296","0.125","0.125","0.125"
"2210244","0.46875","0.46875","0.46875"
"2210253","0.84375","0.84375","0.84375"
"2210262","0.15625","0.15625","0.15625"
"2210268","0.71875","0.71875","0.71875"
"2210279","1","1","1"
"2210305","0.625","0.625","0.625"
"2220224","0.5625","0.5625","0.5625"
"2220243","0.125","0.125","0.125"
"2220261","0.75","0.75","0.75"
"2220264","0.75","0.75","0.75"
"2220279","0.8125","0.8125","0.8125"
"2220287","0.84375","0.84375","0.84375"
"2230243","0.0625","0.0625","0.0625"
"2230268","0.6875","0.6875","0.6875"
"2230282","0.84375","0.84375","0.84375"
"2230292","0.59375","0.59375","0.59375"
"2230294","0.84375","0.84375","0.84375"
"2230335","0.53125","0.53125","0.53125"
"2240233","0.125","0.125","0.125"
"2240256","0.6875","0.6875","0.6875"
"2240279","0.78125","0.78125","0.78125"
"2240281","0.71875","0.71875","0.71875"
"2240293","0.65625","0.65625","0.65625"
"2240298","0.5","0.5","0.5"
"2250235","0.6875","0.6875","0.6875"
"2250249","0.90625","0.90625","0.90625"
"2250255","0.46875","0.46875","0.46875"
"2250264","0","0","0"
"2250289","0.75","0.75","0.75"
"2250290","0.84375","0.84375","0.84375"
"2260248","0.3125","0.3125","0.3125"
"2260252","0.09375","0.09375","0.09375"
"2260273","0.625","0.625","0.625"
"2260284","0.90625","0.90625","0.90625"
"2260288","0.75","0.75","0.75"
"2260344","0.6875","0.6875","0.6875"
"2270247","0.8125","0.8125","0.8125"
"2270252","0.8125","0.8125","0.8125"
"2270261","0.1875","0.1875","0.1875"
"2270291","0.5","0.5","0.5"
"2270386","0.546875","0.46875","0.625"
"2280224","0.09375","0.09375","0.09375"
"2280258","0.84375","0.84375","0.84375"
"2280294","0.75","0.75","0.75"
"2280306","0.5625","0.5625","0.5625"
"2280363","0.53125","0.53125","0.53125"
"2280383","0.90625","0.90625","0.90625"
"2290223","0.84375","0.84375","0.84375"
"2290261","0.21875","0.21875","0.21875"
"2290262","0.59375","0.59375","0.59375"
"2290275","0.84375","0.84375","0.84375"
"2290299","0.8125","0.8125","0.8125"
"2290333","0.75","0.75","0.75"
"2300220","0.375","0.375","0.375"
"2300227","0.15625","0.15625","0.15625"
"2300233","0.6875","0.6875","0.6875"
"2300242","0.84375","0.84375","0.84375"
"2300246","0.625","0.625","0.625"
"2300259","0.875","0.875","0.875"
"2310222","0.71875","0.71875","0.71875"
"2310223","0.625","0.625","0.625"
"2310244","0.75","0.75","0.75"
"2310254","0.15625","0.15625","0.15625"
"2310265","0.90625","0.90625","0.90625"
"2310291","0.5","0.5","0.5"
"2320258","0.65625","0.65625","0.65625"
"2320260","0.78125","0.78125","0.78125"
"2320267","0.3125","0.3125","0.3125"
"2320281","0.8125","0.8125","0.8125"
"2320286","0.65625","0.65625","0.65625"
"2320359","0.71875","0.71875","0.71875"
"2330252","0.59375","0.59375","0.59375"
"2330254","0.71875","0.71875","0.71875"
"2330278","0.84375","0.84375","0.84375"
"2330293","0.65625","0.65625","0.65625"
"2330300","0.8125","0.8125","0.8125"
"2330323","0.09375","0.09375","0.09375"
"2340249","0.6875","0.6875","0.6875"
"2340252","0.8125","0.8125","0.8125"
"2340255","0.90625","0.90625","0.90625"
"2340276","0.75","0.75","0.75"
"2340284","0.6875","0.6875","0.6875"
"2340315","0.125","0.125","0.125"
"2350234","0.8125","0.8125","0.8125"
"2350276","0.65625","0.65625","0.65625"
"2350277","0.8125","0.8125","0.8125"
"2350309","0.625","0.625","0.625"
"2350322","0.65625","0.65625","0.65625"
"2350326","0.15625","0.15625","0.15625"
"2360238","0.59375","0.59375","0.59375"
"2360251","0.75","0.75","0.75"
"2360275","0.75","0.75","0.75"
"2360277","0.0625","0.0625","0.0625"
"2360291","0.8125","0.8125","0.8125"
"2360298","0.625","0.625","0.625"
"2370228","0.75","0.75","0.75"
"2370247","0.75","0.75","0.75"
"2370270","0.875","0.875","0.875"
"2370330","0.78125","0.78125","0.78125"
"2370342","0.0625","0.0625","0.0625"
"2370368","0.53125","0.53125","0.53125"
"2380260","0.0625","0.0625","0.0625"
"2380262","0.875","0.875","0.875"
"2380263","0.90625","0.90625","0.90625"
"2380267","0.71875","0.71875","0.71875"
"2380280","0.28125","0.28125","0.28125"
"2380284","0.8125","0.8125","0.8125"
"2390225","0.125","0.125","0.125"
"2390248","0.71875","0.71875","0.71875"
"2390249","0.875","0.875","0.875"
"2390259","0.625","0.625","0.625"
"2390282","0.90625","0.90625","0.90625"
"2390293","0.8125","0.8125","0.8125"
"2400229","0.875","0.875","0.875"
"2400260","0.5625","0.5625","0.5625"
"2400274","0.75","0.75","0.75"
"2400282","0.875","0.875","0.875"
"2400307","0.625","0.625","0.625"
"2400361","0.0625","0.0625","0.0625"
"2410224","0.9375","0.9375","0.9375"
"2410251","0.84375","0.84375","0.84375"
"2410253","0.5625","0.5625","0.5625"
"2410301","0.59375","0.59375","0.59375"
"2410342","0.1875","0.1875","0.1875"
"2410380","0.65625","0.65625","0.65625"
"2420228","0.875","0.875","0.875"
"2420263","0.75","0.75","0.75"
"2420264","0.875","0.875","0.875"
"2420283","0.75","0.75","0.75"
"2420293","0.90625","0.90625","0.90625"
"2420369","0.21875","0.21875","0.21875"
"2430229","0.84375","0.84375","0.84375"
"2430235","0.78125","0.78125","0.78125"
"2430269","0.9375","0.9375","0.9375"
"2430272","0.15625","0.15625","0.15625"
"2430278","0.875","0.875","0.875"
"2430283","0.78125","0.78125","0.78125"
"2440236","0.875","0.875","0.875"
"2440248","0.96875","0.96875","0.96875"
"2440252","0.15625","0.15625","0.15625"
"2440274","0.75","0.75","0.75"
"2440277","0.90625","0.90625","0.90625"
"2440289","0.78125","0.78125","0.78125"
"2450222","0.6875","0.6875","0.6875"
"2450243","0.46875","0.46875","0.46875"
"2450248","0.84375","0.84375","0.84375"
"2450256","0.71875","0.71875","0.71875"
"2450309","0.6875","0.6875","0.6875"
"2450341","0.15625","0.15625","0.15625"
"2460220","0.09375","0.09375","0.09375"
"2460224","0.78125","0.78125","0.78125"
"2460235","0.875","0.875","0.875"
"2460283","0.75","0.75","0.75"
"2460311","0.71875","0.71875","0.71875"
"2460335","0.71875","0.71875","0.71875"
"2470232","0.71875","0.71875","0.71875"
"2470233","0.96875","0.96875","0.96875"
"2470239","0.9375","0.9375","0.9375"
"2470269","0.6875","0.6875","0.6875"
"2470311","0.21875","0.21875","0.21875"
"2470348","0.59375","0.59375","0.59375"
"2480228","0.90625","0.90625","0.90625"
"2480230","0.15625","0.15625","0.15625"
"2480233","0.8125","0.8125","0.8125"
"2480259","0.59375","0.59375","0.59375"
"2480280","0.6875","0.6875","0.6875"
"2480282","0.78125","0.78125","0.78125"
"2490224","0.0625","0.0625","0.0625"
"2490239","0.875","0.875","0.875"
"2490242","0.84375","0.84375","0.84375"
"2490265","0.75","0.75","0.75"
"2490343","0.96875","0.96875","0.96875"
"2490345","0.5625","0.5625","0.5625"
"2500220","0.90625","0.90625","0.90625"
"2500225","0.78125","0.78125","0.78125"
"2500231","0.625","0.625","0.625"
"2500243","0.875","0.875","0.875"
"2500260","1","1","1"
"2500271","0.15625","0.15625","0.15625"
"2510251","0.8125","0.8125","0.8125"
"2510261","0.75","0.75","0.75"
"2510267","0.15625","0.15625","0.15625"
"2510314","0.90625","0.90625","0.90625"
"2510324","0.75","0.75","0.75"
"2520225","0.875","0.875","0.875"
"2520228","0.59375","0.59375","0.59375"
"2520246","0.21875","0.21875","0.21875"
"2520247","0.875","0.875","0.875"
"2520254","0.59375","0.59375","0.59375"
"2520284","0.90625","0.90625","0.90625"
"2530240","0.6875","0.6875","0.6875"
"2530265","0.5625","0.5625","0.5625"
"2530276","0.125","0.125","0.125"
"2530297","0.9375","0.9375","0.9375"
"2530323","0.78125","0.78125","0.78125"
"2530383","0.875","0.875","0.875"
"2540236","0.9375","0.9375","0.9375"
"2540258","0.78125","0.78125","0.78125"
"2540260","0.65625","0.65625","0.65625"
"2540275","0.90625","0.90625","0.90625"
"2540282","0.625","0.625","0.625"
"2540334","0.125","0.125","0.125"
"2550229","0.15625","0.15625","0.15625"
"2550255","0.53125","0.53125","0.53125"
"2550256","0.71875","0.71875","0.71875"
"2550265","1","1","1"
"2550290","0.75","0.75","0.75"
"2550300","0.375","0.375","0.375"
"2560223","0.125","0.125","0.125"
"2560231","0.71875","0.71875","0.71875"
"2560242","0.4375","0.4375","0.4375"
"2560260","0.75","0.75","0.75"
"2560272","0.78125","0.78125","0.78125"
"2560289","0.90625","0.90625","0.90625"
"2570223","0.59375","0.59375","0.59375"
"2570228","0.59375","0.59375","0.59375"
"2570233","0.625","0.625","0.625"
"2570267","0.71875","0.71875","0.71875"
"2570285","0.71875","0.71875","0.71875"
"2570377","0.1875","0.1875","0.1875"
"2580231","0.875","0.875","0.875"
"2580262","0.90625","0.90625","0.90625"
"2580272","0.71875","0.71875","0.71875"
"2580277","0.8125","0.8125","0.8125"
"2580281","0.9375","0.9375","0.9375"
"2580296","0.09375","0.09375","0.09375"
"2590229","0.15625","0.15625","0.15625"
"2590237","0.8125","0.8125","0.8125"
"2590248","0.78125","0.75","0.8125"
"2590253","0.75","0.75","0.75"
"2590314","0.9375","0.9375","0.9375"
"2600227","0.8125","0.8125","0.8125"
"2600233","0.8125","0.8125","0.8125"
"2600243","0.875","0.875","0.875"
"2600264","0.78125","0.78125","0.78125"
"2600289","0.09375","0.09375","0.09375"
"2600320","0.90625","0.90625","0.90625"
"2610253","0.75","0.75","0.75"
"2610263","0.84375","0.84375","0.84375"
"2610298","0.78125","0.78125","0.78125"
"2610335","0.875","0.875","0.875"
"2610349","0.03125","0.03125","0.03125"
"2610387","0.8125","0.8125","0.8125"
"2620231","0.78125","0.78125","0.78125"
"2620234","0.84375","0.84375","0.84375"
"2620257","0.5625","0.5625","0.5625"
"2620276","0.46875","0.46875","0.46875"
"2620279","0.8125","0.8125","0.8125"
"2620290","0.15625","0.15625","0.15625"
"2630233","0.15625","0.15625","0.15625"
"2630242","0.84375","0.84375","0.84375"
"2630246","0.71875","0.71875","0.71875"
"2630269","0.78125","0.78125","0.78125"
"2630281","0.875","0.875","0.875"
"2630287","0.75","0.75","0.75"
"2640238","0.71875","0.71875","0.71875"
"2640255","0.75","0.75","0.75"
"2640265","0.75","0.75","0.75"
"2640269","0.84375","0.84375","0.84375"
"2640271","0.1875","0.1875","0.1875"
"2640311","0.5","0.5","0.5"
"2650232","0.6875","0.6875","0.6875"
"2650242","0.78125","0.78125","0.78125"
"2650270","0.15625","0.15625","0.15625"
"2650272","0.8125","0.8125","0.8125"
"2650281","0.5625","0.5625","0.5625"
"2650357","0.84375","0.84375","0.84375"
"2660236","0.59375","0.59375","0.59375"
"2660239","0.75","0.75","0.75"
"2660250","0.53125","0.53125","0.53125"
"2660285","0.78125","0.78125","0.78125"
"2660290","0.1875","0.1875","0.1875"
"2660291","0.15625","0.15625","0.15625"
"2670237","0.21875","0.21875","0.21875"
"2670244","0.6875","0.6875","0.6875"
"2670265","0.4375","0.4375","0.4375"
"2670285","0.84375","0.84375","0.84375"
"2670307","0.75","0.75","0.75"
"2670353","0.5625","0.5625","0.5625"
"2680221","0.65625","0.65625","0.65625"
"2680231","0.65625","0.65625","0.65625"
"2680234","0.5625","0.5625","0.5625"
"2680235","0.90625","0.90625","0.90625"
"2680249","0.75","0.75","0.75"
"2680283","0.1875","0.1875","0.1875"
"2690230","0.78125","0.78125","0.78125"
"2690259","0.15625","0.15625","0.15625"
"2690268","0.5625","0.5625","0.5625"
"2690270","0.6875","0.6875","0.6875"
"2690271","0.9375","0.9375","0.9375"
"2690282","0.6875","0.6875","0.6875"
"2700228","0.78125","0.78125","0.78125"
"2700240","0.65625","0.65625","0.65625"
"2700252","0.84375","0.84375","0.84375"
"2700269","0.78125","0.78125","0.78125"
"2700275","0.71875","0.71875","0.71875"
"2700308","0.21875","0.21875","0.21875"
"2710224","0.5625","0.5625","0.5625"
"2710247","0.71875","0.71875","0.71875"
"2710249","0.875","0.875","0.875"
"2710267","0.84375","0.84375","0.84375"
"2710268","0.25","0.25","0.25"
"2710382","0.65625","0.65625","0.65625"
"2720226","0.8125","0.8125","0.8125"
"2720235","0.78125","0.78125","0.78125"
"2720245","0.09375","0.09375","0.09375"
"2720259","0.8125","0.8125","0.8125"
"2720269","0.75","0.75","0.75"
"2720339","0.65625","0.65625","0.65625"
"2730222","0.78125","0.78125","0.78125"
"2730232","0.6875","0.6875","0.6875"
"2730239","0.75","0.75","0.75"
"2730247","0.78125","0.78125","0.78125"
"2730251","0.875","0.875","0.875"
"2730269","0.15625","0.15625","0.15625"
"2740225","0.6875","0.6875","0.6875"
"2740232","0.25","0.25","0.25"
"2740237","0.78125","0.78125","0.78125"
"2740250","0.6875","0.6875","0.6875"
"2740260","0.90625","0.90625","0.90625"
"2740270","0.46875","0.46875","0.46875"
"2750228","0.90625","0.90625","0.90625"
"2750254","0.21875","0.21875","0.21875"
"2750257","0.78125","0.78125","0.78125"
"2750261","0.40625","0.40625","0.40625"
"2750264","0.84375","0.84375","0.84375"
"2750333","0.96875","0.96875","0.96875"
"2760260","0.96875","0.96875","0.96875"
"2760273","0.75","0.75","0.75"
"2760274","0.8125","0.8125","0.8125"
"2760288","0.71875","0.71875","0.71875"
"2760300","0.78125","0.78125","0.78125"
"2760319","0.125","0.125","0.125"
"2770238","0.78125","0.78125","0.78125"
"2770258","0.90625","0.90625","0.90625"
"2770268","0.21875","0.21875","0.21875"
"2770284","0.9375","0.9375","0.9375"
"2770303","0.71875","0.71875","0.71875"
"2770345","0.59375","0.59375","0.59375"
"2780228","0.8125","0.8125","0.8125"
"2780241","0.78125","0.78125","0.78125"
"2780242","0.21875","0.21875","0.21875"
"2780252","0.84375","0.84375","0.84375"
"2780260","0.71875","0.71875","0.71875"
"2780273","0.875","0.875","0.875"
"2790223","0.90625","0.90625","0.90625"
"2790238","0.78125","0.78125","0.78125"
"2790246","0.1875","0.1875","0.1875"
"2790251","0.90625","0.90625","0.90625"
"2790265","0.84375","0.84375","0.84375"
"2790276","0.8125","0.8125","0.8125"
"2800224","0.9375","0.9375","0.9375"
"2800229","0.90625","0.90625","0.90625"
"2800234","0.9375","0.9375","0.9375"
"2800255","0.453125","0.125","0.78125"
"2800330","0.65625","0.65625","0.65625"
"2810240","0.8125","0.8125","0.8125"
"2810263","0.78125","0.78125","0.78125"
"2810265","0.25","0.25","0.25"
"2810283","0.875","0.875","0.875"
"2810315","0.71875","0.71875","0.71875"
"2820227","0.71875","0.71875","0.71875"
"2820242","0.0625","0.0625","0.0625"
"2820247","0.90625","0.90625","0.90625"
"2820284","0.75","0.75","0.75"
"2820307","0.75","0.75","0.75"
"2820376","0.46875","0.46875","0.46875"
"2830222","0.75","0.75","0.75"
"2830226","0.59375","0.59375","0.59375"
"2830247","0.5","0.5","0.5"
"2830265","0.21875","0.21875","0.21875"
"2830277","0.875","0.875","0.875"
"2830346","0.8125","0.8125","0.8125"
"2840231","0.625","0.625","0.625"
"2840236","0.875","0.875","0.875"
"2840249","0.9375","0.9375","0.9375"
"2840272","0.75","0.75","0.75"
"2840273","0.125","0.125","0.125"
"2840283","0.65625","0.65625","0.65625"
"2850250","0.84375","0.84375","0.84375"
"2850261","0.84375","0.84375","0.84375"
"2850265","0.125","0.125","0.125"
"2850266","0.84375","0.84375","0.84375"
"2850271","0.8125","0.8125","0.8125"
"2850283","0.90625","0.90625","0.90625"
"2860230","0.125","0.125","0.125"
"2860246","0.71875","0.71875","0.71875"
"2860249","0.78125","0.78125","0.78125"
"2860276","0.90625","0.90625","0.90625"
"2860279","0.84375","0.84375","0.84375"
"2860300","0.90625","0.90625","0.90625"
"2870220","0.84375","0.84375","0.84375"
"2870226","0.9375","0.9375","0.9375"
"2870232","0.78125","0.78125","0.78125"
"2870247","0.125","0.125","0.125"
"2870254","0.8125","0.8125","0.8125"
"2870319","0.8125","0.8125","0.8125"
"2880255","0.1875","0.1875","0.1875"
"2880263","0.875","0.875","0.875"
"2880269","0.84375","0.84375","0.84375"
"2880275","0.875","0.875","0.875"
"2880279","0.875","0.875","0.875"
"2880307","0.8125","0.8125","0.8125"
"2890225","0.0625","0.0625","0.0625"
"2890237","0.9375","0.9375","0.9375"
"2890268","0.8125","0.8125","0.8125"
"2890278","0.9375","0.9375","0.9375"
"2890290","0.8125","0.8125","0.8125"
"2890304","0.625","0.625","0.625"
"2900235","0.875","0.875","0.875"
"2900243","0.9375","0.9375","0.9375"
"2900245","0.484375","0.15625","0.8125"
"2900247","0.78125","0.78125","0.78125"
"2900361","0.53125","0.53125","0.53125"
"2910251","0.84375","0.84375","0.84375"
"2910254","0.75","0.75","0.75"
"2910261","0.78125","0.78125","0.78125"
"2910277","0.84375","0.84375","0.84375"
"2910336","0.09375","0.09375","0.09375"
"2910367","0.875","0.875","0.875"
"2920220","0.71875","0.71875","0.71875"
"2920227","0.6875","0.6875","0.6875"
"2920238","0.875","0.875","0.875"
"2920266","0.90625","0.90625","0.90625"
"2920277","0.78125","0.78125","0.78125"
"2920328","0.0625","0.0625","0.0625"
"2930226","0.71875","0.71875","0.71875"
"2930246","0.875","0.875","0.875"
"2930280","0.875","0.875","0.875"
"2930302","0.6875","0.6875","0.6875"
"2930327","0.0625","0.0625","0.0625"
"2930358","0.875","0.875","0.875"
"2940228","0.96875","0.96875","0.96875"
"2940260","0.875","0.875","0.875"
"2940261","0.875","0.875","0.875"
"2940316","0.8125","0.8125","0.8125"
"2940353","0.8125","0.8125","0.8125"
"2940364","0.3125","0.3125","0.3125"
"2950220","0.71875","0.71875","0.71875"
"2950252","0.28125","0.28125","0.28125"
"2950259","0.84375","0.84375","0.84375"
"2950273","0.6875","0.6875","0.6875"
"2950278","0.75","0.75","0.75"
"2950294","0.9375","0.9375","0.9375"
"2960220","0.875","0.875","0.875"
"2960237","0.84375","0.84375","0.84375"
"2960257","0.09375","0.09375","0.09375"
"2960286","0.75","0.75","0.75"
"2960294","0.8125","0.8125","0.8125"
"2960301","0.78125","0.78125","0.78125"
"2970257","0.875","0.875","0.875"
"2970276","0.8125","0.8125","0.8125"
"2970278","0.21875","0.21875","0.21875"
"2970289","0.84375","0.84375","0.84375"
"2970326","0.71875","0.71875","0.71875"
"2970355","0.8125","0.8125","0.8125"
"2980222","0.8125","0.8125","0.8125"
"2980233","0.8125","0.8125","0.8125"
"2980241","0.78125","0.78125","0.78125"
"2980256","0.75","0.75","0.75"
"2980268","0.0625","0.0625","0.0625"
"2980274","0.78125","0.78125","0.78125"
"2990235","0.90625","0.90625","0.90625"
"2990252","0.90625","0.90625","0.90625"
"2990279","0.875","0.875","0.875"
"2990280","0.875","0.875","0.875"
"2990307","0.125","0.125","0.125"
"2990330","0.78125","0.78125","0.78125"
"3000230","0.84375","0.84375","0.84375"
"3000234","0.9375","0.9375","0.9375"
"3000261","0.8125","0.8125","0.8125"
"3000263","0.96875","0.96875","0.96875"
"3000277","0.125","0.125","0.125"
"3000279","0.90625","0.90625","0.90625"